epoch,price
1791237094,45477.3471
1791237096,45469.9784
1791237098,45490.3779
1791237100,45493.2494
1791237102,45501.5938
1791237104,45510.9481
1791237106,45506.8494
1791237108,45502.3004
1791237110,45497.5637
1791237112,45503.6639
1791237114,45498.9779
1791237116,45491.4362
1791237118,45489.2824
1791237120,45499.4777
1791237122,45493.1516
1791237124,45480.9005
1791237126,45491.3624
1791237128,45490.7546
1791237130,45497.8216
1791237132,45499.4057
1791237134,45507.6619
1791237136,45510.1334
1791237138,45492.8798
1791237140,45486.5892
1791237142,45488.9746
1791237144,45478.851
1791237146,45485.0505
1791237148,45488.8314
1791237150,45500.3434
1791237152,45499.7113
1791237154,45518.2596
1791237156,45523.5702
1791237158,45521.8341
1791237160,45522.8841
1791237162,45530.3065
1791237164,45534.5915
1791237166,45532.2033
1791237168,45518.7731
1791237170,45515.166
1791237172,45511.2813
1791237174,45513.0727
1791237176,45514.275
1791237178,45518.2152
1791237180,45522.9826
1791237182,45522.9558
1791237184,45517.5639
1791237186,45518.48
1791237188,45513.2067
1791237190,45508.7548
1791237192,45501.1944
1791237194,45504.2011
1791237196,45527.3334
1791237198,45526.9593
1791237200,45517.0761
1791237202,45519.0109
1791237204,45515.2315
1791237206,45514.1848
1791237208,45518.5219
1791237210,45529.4704
1791237212,45539.0677
1791237214,45532.9181
1791237216,45534.4175
1791237218,45537.1597
1791237220,45527.8682
1791237222,45517.6412
1791237224,45508.104
1791237226,45500.3105
1791237228,45490.5373
1791237230,45488.5359
1791237232,45477.968
1791237234,45478.908
1791237236,45478.7827
1791237238,45486.9035
1791237240,45501.9418
1791237242,45503.8557
1791237244,45497.9679
1791237246,45495.4491
1791237248,45488.7291
1791237250,45488.17
1791237252,45491.2044
1791237254,45483.8072
1791237256,45495.4713
1791237258,45495.8965
1791237260,45496.5698
1791237262,45491.4626
1791237264,45491.555
1791237266,45504.5449
1791237268,45491.8878
1791237270,45504.1826
1791237272,45504.0438
1791237274,45524.2508
1791237276,45530.907
1791237278,45541.8115
1791237280,45537.9218
1791237282,45533.3269
1791237284,45540.7705
1791237286,45533.0954
1791237288,45535.2986
1791237290,45528.5495
1791237292,45503.0659
1791237294,45502.6442
1791237296,45513.1191
1791237298,45509.156
1791237300,45515.6045
1791237302,45519.0706
1791237304,45516.001
1791237306,45521.0543
1791237308,45512.0637
1791237310,45518.0882
1791237312,45521.1322
1791237314,45527.2163
1791237316,45555.6132
1791237318,45548.2896
1791237320,45555.6505
1791237322,45559.8806
1791237324,45571.3411
1791237326,45572.8237
1791237328,45582.3292
1791237330,45585.2272
1791237332,45579.577
1791237334,45577.0052
1791237336,45573.1088
1791237338,45586.0873
1791237340,45576.6616
1791237342,45572.5234
1791237344,45579.4291
1791237346,45581.2066
1791237348,45569.1049
1791237350,45551.1443
1791237352,45543.5579
1791237354,45540.2497
1791237356,45539.6354
1791237358,45546.4702
1791237360,45539.9936
1791237362,45530.5769
1791237364,45530.1928
1791237366,45548.5112
1791237368,45537.5547
1791237370,45552.3783
1791237372,45558.6278
1791237374,45563.1052
1791237376,45572.8675
1791237378,45573.8877
1791237380,45576.4988
1791237382,45572.7463
1791237384,45583.9785
1791237386,45576.3263
1791237388,45569.8854
1791237390,45567.4841
1791237392,45568.0876
1791237394,45574.1567
1791237396,45571.2635
1791237398,45561.4703
1791237400,45551.117
1791237402,45558.5228
1791237404,45537.748
1791237406,45532.4087
1791237408,45529.0592
1791237410,45523.5405
1791237412,45514.7896
1791237414,45511.291
1791237416,45510.4469
1791237418,45506.5288
1791237420,45524.5816
1791237422,45508.0324
1791237424,45512.5636
1791237426,45509.1459
1791237428,45509.6502
1791237430,45509.0852
1791237432,45514.3894
1791237434,45517.0978
1791237436,45515.3871
1791237438,45525.9781
1791237440,45531.7198
1791237442,45523.4693
1791237444,45519.226
1791237446,45496.9366
1791237448,45500.7481
1791237450,45471.4988
1791237452,45465.3376
1791237454,45466.4219
1791237456,45468.5238
1791237458,45463.6509
1791237460,45461.5728
1791237462,45452.3399
1791237464,45434.6068
1791237466,45437.3984
1791237468,45428.3544
1791237470,45406.6774
1791237472,45406.033
1791237474,45394.3882
1791237476,45383.0008
1791237478,45380.9478
1791237480,45378.6326
1791237482,45395.0465
1791237484,45398.0503
1791237486,45404.7608
1791237488,45403.5081
1791237490,45401.8195
1791237492,45411.3348
1791237494,45425.7436
1791237496,45434.7034
1791237498,45434.9953
1791237500,45430.6102
1791237502,45437.5476
1791237504,45438.7013
1791237506,45440.619
1791237508,45438.6442
1791237510,45430.5347
1791237512,45428.8251
1791237514,45430.5853
1791237516,45417.6826
1791237518,45417.6817
1791237520,45412.2717
1791237522,45407.4994
1791237524,45417.9711
1791237526,45413.3096
1791237528,45413.3222
1791237530,45408.1181
1791237532,45415.222
1791237534,45413.0343
1791237536,45403.731
1791237538,45427.0836
1791237540,45427.0595
1791237542,45419.3089
1791237544,45416.6859
1791237546,45411.184
1791237548,45418.947
1791237550,45419.3856
1791237552,45421.0844
1791237554,45426.8937
1791237556,45428.6279
1791237558,45421.6562
1791237560,45410.4762
1791237562,45413.8455
1791237564,45415.7818
1791237566,45419.6376
1791237568,45420.2131
1791237570,45414.4307
1791237572,45415.0594
1791237574,45411.0488
1791237576,45424.21
1791237578,45424.314
1791237580,45412.668
1791237582,45421.6888
1791237584,45398.4778
1791237586,45396.5609
1791237588,45407.1565
1791237590,45406.4616
1791237592,45412.4135
1791237594,45414.8501
1791237596,45418.1774
1791237598,45428.182
1791237600,45426.0747
1791237602,45431.2595
1791237604,45431.2587
1791237606,45439.3247
1791237608,45437.8296
1791237610,45437.8869
1791237612,45444.5921
1791237614,45455.4648
1791237616,45444.9298
1791237618,45451.7666
1791237620,45441.8599
1791237622,45433.8819
1791237624,45423.046
1791237626,45416.6146
1791237628,45424.5887
1791237630,45440.4797
1791237632,45437.374
1791237634,45446.1149
1791237636,45443.3024
1791237638,45426.5145
1791237640,45434.9978
1791237642,45448.6229
1791237644,45442.4304
1791237646,45446.6995
1791237648,45457.0062
1791237650,45451.6556
1791237652,45452.0058
1791237654,45460.4263
1791237656,45477.3665
1791237658,45468.3654
1791237660,45464.9244
1791237662,45460.239
1791237664,45465.8635
1791237666,45465.0751
1791237668,45458.7641
1791237670,45459.9645
1791237672,45473.8061
1791237674,45488.3504
1791237676,45476.4819
1791237678,45476.6398
1791237680,45479.5462
1791237682,45487.4489
1791237684,45490.6241
1791237686,45493.4439
1791237688,45493.9044
1791237690,45497.1603
1791237692,45498.2603
1791237694,45501.8781
1791237696,45504.2832
1791237698,45512.4565
1791237700,45515.4582
1791237702,45521.2328
1791237704,45513.3405
1791237706,45524.2928
1791237708,45535.6066
1791237710,45543.7804
1791237712,45544.7152
1791237714,45540.3118
1791237716,45541.2756
1791237718,45530.5058
1791237720,45528.222
1791237722,45522.0257
1791237724,45532.221
1791237726,45542.9332
1791237728,45552.8579
1791237730,45552.2979
1791237732,45540.1935
1791237734,45541.9801
1791237736,45556.0232
1791237738,45558.4613
1791237740,45556.214
1791237742,45561.0778
1791237744,45571.7913
1791237746,45578.1354
1791237748,45572.3785
1791237750,45565.1365
1791237752,45569.4526
1791237754,45570.8316
1791237756,45574.8273
1791237758,45580.9879
1791237760,45580.4606
1791237762,45585.9112
1791237764,45604.0698
1791237766,45601.998
1791237768,45593.4608
1791237770,45596.3765
1791237772,45598.8911
1791237774,45593.7747
1791237776,45603.9138
1791237778,45609.9667
1791237780,45608.3934
1791237782,45609.3241
1791237784,45619.8765
1791237786,45621.5835
1791237788,45609.8654
1791237790,45607.0445
1791237792,45603.6266
1791237794,45602.199
1791237796,45603.2474
1791237798,45617.2157
1791237800,45612.523
1791237802,45612.1841
1791237804,45606.0787
1791237806,45600.6861
1791237808,45607.9641
1791237810,45618.5953
1791237812,45616.1536
1791237814,45605.1346
1791237816,45598.113
1791237818,45598.2999
1791237820,45597.8808
1791237822,45605.9264
1791237824,45615.9608
1791237826,45613.834
1791237828,45585.8
1791237830,45587.7978
1791237832,45595.7094
1791237834,45604.323
1791237836,45622.519
1791237838,45618.6361
1791237840,45618.4052
1791237842,45617.6233
1791237844,45621.0545
1791237846,45627.5357
1791237848,45630.3521
1791237850,45627.2389
1791237852,45628.8911
1791237854,45636.9476
1791237856,45639.5842
1791237858,45641.0524
1791237860,45645.8143
1791237862,45648.0841
1791237864,45662.7488
1791237866,45679.0744
1791237868,45671.4284
1791237870,45671.0
1791237872,45669.6837
1791237874,45665.8725
1791237876,45654.8907
1791237878,45649.4901
1791237880,45655.3431
1791237882,45663.4748
1791237884,45646.4946
1791237886,45646.9361
1791237888,45654.4973
1791237890,45658.5072
1791237892,45648.6135
1791237894,45650.7426
1791237896,45653.4403
1791237898,45658.6609
1791237900,45663.2589
1791237902,45656.5593
1791237904,45666.8333
1791237906,45677.9632
1791237908,45678.5512
1791237910,45658.2855
1791237912,45648.6189
1791237914,45656.777
1791237916,45663.7357
1791237918,45661.7166
1791237920,45668.3918
1791237922,45673.0801
1791237924,45671.839
1791237926,45679.0934
1791237928,45684.9246
1791237930,45691.4071
1791237932,45700.7068
1791237934,45698.4133
1791237936,45696.7373
1791237938,45695.6264
1791237940,45712.6434
1791237942,45710.0941
1791237944,45723.1969
1791237946,45725.3091
1791237948,45715.3324
1791237950,45716.512
1791237952,45706.8342
1791237954,45704.9708
1791237956,45697.3993
1791237958,45699.482
1791237960,45695.3618
1791237962,45703.2122
1791237964,45713.9813
1791237966,45717.5579
1791237968,45720.7589
1791237970,45710.3816
1791237972,45718.5066
1791237974,45733.9825
1791237976,45730.0928
1791237978,45717.7035
1791237980,45715.0182
1791237982,45725.9068
1791237984,45726.439
1791237986,45718.6419
1791237988,45715.6644
1791237990,45719.1221
1791237992,45728.8148
1791237994,45734.9386
1791237996,45714.1905
1791237998,45723.9291
1791238000,45733.371
1791238002,45730.1631
1791238004,45735.6222
1791238006,45730.3099
1791238008,45739.3812
1791238010,45736.3741
1791238012,45745.5463
1791238014,45744.1358
1791238016,45750.7289
1791238018,45762.9844
1791238020,45770.0981
1791238022,45772.942
1791238024,45763.6365
1791238026,45760.0352
1791238028,45769.8073
1791238030,45764.4751
1791238032,45764.1064
1791238034,45769.3207
1791238036,45782.6747
1791238038,45787.7105
1791238040,45788.448
1791238042,45782.1309
1791238044,45779.1865
1791238046,45788.6487
1791238048,45783.9493
1791238050,45774.1718
1791238052,45770.2933
1791238054,45763.1585
1791238056,45767.4952
1791238058,45773.94
1791238060,45791.2807
1791238062,45785.9466
1791238064,45791.4722
1791238066,45785.9496
1791238068,45773.9665
1791238070,45767.1079
1791238072,45770.3963
1791238074,45772.2344
1791238076,45778.9539
1791238078,45793.8717
1791238080,45792.4995
1791238082,45780.3571
1791238084,45777.305
1791238086,45786.932
1791238088,45791.3957
1791238090,45794.5876
1791238092,45792.6052
1791238094,45799.8884
1791238096,45809.6169
1791238098,45823.0839
1791238100,45821.6812
1791238102,45827.354
1791238104,45833.2042
1791238106,45846.7148
1791238108,45857.7652
1791238110,45858.9168
1791238112,45867.6627
1791238114,45863.8938
1791238116,45855.9339
1791238118,45854.2606
1791238120,45865.8496
1791238122,45860.5454
1791238124,45850.2487
1791238126,45847.3319
1791238128,45855.5908
1791238130,45863.6502
1791238132,45857.8128
1791238134,45849.5432
1791238136,45851.3576
1791238138,45842.9858
1791238140,45860.454
1791238142,45864.5943
1791238144,45850.1606
1791238146,45857.2252
1791238148,45852.1053
1791238150,45830.2264
1791238152,45838.093
1791238154,45844.9188
1791238156,45843.8388
1791238158,45847.2146
1791238160,45846.593
1791238162,45848.729
1791238164,45845.0814
1791238166,45856.1704
1791238168,45852.5385
1791238170,45857.3304
1791238172,45844.3094
1791238174,45844.1277
1791238176,45839.3812
1791238178,45834.7553
1791238180,45836.2152
1791238182,45826.2584
1791238184,45830.7484
1791238186,45826.9462
1791238188,45829.161
1791238190,45840.8347
1791238192,45843.1125
1791238194,45841.3284
1791238196,45830.0633
1791238198,45826.5576
1791238200,45821.2146
1791238202,45824.3784
1791238204,45836.3306
1791238206,45818.0075
1791238208,45810.2362
1791238210,45799.4108
1791238212,45813.2275
1791238214,45818.7915
1791238216,45825.8615
1791238218,45821.4959
1791238220,45824.2292
1791238222,45829.8876
1791238224,45834.2281
1791238226,45838.1865
1791238228,45854.1874
1791238230,45857.4869
1791238232,45852.1483
1791238234,45858.041
1791238236,45848.3753
1791238238,45839.1725
1791238240,45836.7549
1791238242,45842.7954
1791238244,45838.0584
1791238246,45831.9374
1791238248,45828.2223
1791238250,45833.188
1791238252,45847.6498
1791238254,45843.5045
1791238256,45846.546
1791238258,45849.2727
1791238260,45830.1925
1791238262,45833.612
1791238264,45849.4405
1791238266,45861.5099
1791238268,45867.7809
1791238270,45876.1879
1791238272,45869.4263
1791238274,45869.0564
1791238276,45871.3569
1791238278,45876.4692
1791238280,45861.8978
1791238282,45850.1345
1791238284,45843.7263
1791238286,45844.2616
1791238288,45848.7682
1791238290,45852.5433
1791238292,45848.8903
1791238294,45869.0605
1791238296,45874.943
1791238298,45851.0171
1791238300,45859.4522
1791238302,45869.9081
1791238304,45868.4246
1791238306,45864.4458
1791238308,45864.1133
1791238310,45874.1573
1791238312,45867.5464
1791238314,45861.0306
1791238316,45866.9014
1791238318,45866.3026
1791238320,45886.6144
1791238322,45874.0528
1791238324,45880.4158
1791238326,45891.0375
1791238328,45898.1685
1791238330,45898.7978
1791238332,45899.4735
1791238334,45911.7159
1791238336,45903.9842
1791238338,45912.9258
1791238340,45916.4029
1791238342,45918.8933
1791238344,45920.0984
1791238346,45909.3199
1791238348,45908.145
1791238350,45911.2002
1791238352,45919.4399
1791238354,45933.1642
1791238356,45930.5458
1791238358,45931.4478
1791238360,45939.2425
1791238362,45935.4866
1791238364,45954.1985
1791238366,45937.7471
1791238368,45937.1693
1791238370,45919.3205
1791238372,45918.8989
1791238374,45929.979
1791238376,45919.7531
1791238378,45931.3739
1791238380,45929.1601
1791238382,45927.4457
1791238384,45926.5989
1791238386,45927.6121
1791238388,45922.149
1791238390,45928.8719
1791238392,45952.5853
1791238394,45940.6082
1791238396,45935.7018
1791238398,45945.5492
1791238400,45944.0336
1791238402,45936.864
1791238404,45925.7193
1791238406,45931.1496
1791238408,45933.1772
1791238410,45941.2981
1791238412,45943.7999
1791238414,45947.2272
1791238416,45956.5561
1791238418,45958.1091
1791238420,45959.8703
1791238422,45953.9966
1791238424,45952.1669
1791238426,45950.828
1791238428,45962.7186
1791238430,45979.9862
1791238432,45979.8935
1791238434,45982.6684
1791238436,45988.4672
1791238438,45985.074
1791238440,45983.9736
1791238442,45991.9568
1791238444,45986.2701
1791238446,45988.5334
1791238448,45994.0734
1791238450,45989.433
1791238452,46000.1267
1791238454,46002.6245
1791238456,46004.8916
1791238458,46016.6497
1791238460,46016.7965
1791238462,46001.4173
1791238464,46002.3182
1791238466,46014.2816
1791238468,46008.5099
1791238470,46000.2873
1791238472,45995.6928
1791238474,45996.4724
1791238476,45984.0227
1791238478,45974.1943
1791238480,45967.4874
1791238482,45959.3939
1791238484,45946.8193
1791238486,45943.1272
1791238488,45945.3568
1791238490,45949.9093
1791238492,45949.8112
1791238494,45947.4859
1791238496,45931.3998
1791238498,45913.9176
1791238500,45904.8182
1791238502,45910.867
1791238504,45920.0993
1791238506,45914.8481
1791238508,45914.8052
1791238510,45912.536
1791238512,45931.041
1791238514,45938.3407
1791238516,45926.683
1791238518,45934.1725
1791238520,45933.2692
1791238522,45951.188
1791238524,45948.5312
1791238526,45944.3821
1791238528,45938.1466
1791238530,45926.125
1791238532,45924.4428
1791238534,45912.7622
1791238536,45906.7376
1791238538,45894.0597
1791238540,45897.5578
1791238542,45888.7929
1791238544,45894.5554
1791238546,45885.6514
1791238548,45872.4792
1791238550,45864.571
1791238552,45855.2385
1791238554,45855.9431
1791238556,45844.788
1791238558,45847.1333
1791238560,45849.2409
1791238562,45848.8828
1791238564,45863.0222
1791238566,45851.1324
1791238568,45868.2834
1791238570,45874.7377
1791238572,45891.8239
1791238574,45901.6894
1791238576,45895.0128
1791238578,45902.9653
1791238580,45899.6418
1791238582,45897.4957
1791238584,45890.9597
1791238586,45906.8076
1791238588,45904.123
1791238590,45898.8921
1791238592,45907.2485
1791238594,45913.3273
1791238596,45916.5168
1791238598,45921.6947
1791238600,45916.4878
1791238602,45918.5295
1791238604,45926.4956
1791238606,45935.2784
1791238608,45932.6575
1791238610,45930.5872
1791238612,45931.668
1791238614,45937.4593
1791238616,45943.9318
1791238618,45929.7221
1791238620,45922.3714
1791238622,45926.172
1791238624,45924.433
1791238626,45920.8258
1791238628,45911.9585
1791238630,45918.2182
1791238632,45916.0225
1791238634,45924.8574
1791238636,45921.1741
1791238638,45906.3208
1791238640,45907.5561
1791238642,45915.6968
1791238644,45930.2062
1791238646,45927.7691
1791238648,45938.0221
1791238650,45932.2636
1791238652,45940.048
1791238654,45948.4105
1791238656,45939.833
1791238658,45937.7514
1791238660,45930.662
1791238662,45929.1511
1791238664,45921.3043
1791238666,45912.1213
1791238668,45893.2316
1791238670,45926.6265
1791238672,45918.8581
1791238674,45917.309
1791238676,45926.2175
1791238678,45921.64
1791238680,45923.1634
1791238682,45923.2125
1791238684,45930.0286
1791238686,45908.991
1791238688,45904.1852
1791238690,45908.3792
1791238692,45921.5269
1791238694,45931.0638
1791238696,45924.1872
1791238698,45936.1774
1791238700,45925.1616
1791238702,45918.7713
1791238704,45932.8376
1791238706,45942.3155
1791238708,45940.9994
1791238710,45955.5917
1791238712,45951.4545
1791238714,45958.5025
1791238716,45956.3334
1791238718,45965.4213
1791238720,45973.5116
1791238722,45968.8481
1791238724,45969.665
1791238726,45969.3351
1791238728,45971.632
1791238730,45981.0857
1791238732,45988.675
1791238734,45982.1723
1791238736,45984.4023
1791238738,45975.5969
1791238740,45974.2799
1791238742,45972.1021
1791238744,45963.2899
1791238746,45963.4145
1791238748,45965.2839
1791238750,45969.7505
1791238752,45967.6536
1791238754,45971.5181
1791238756,45968.0498
1791238758,45976.0668
1791238760,45967.9847
1791238762,45981.3079
1791238764,45984.6744
1791238766,45972.8326
1791238768,45974.2582
1791238770,45976.7597
1791238772,45977.7057
1791238774,45973.9285
1791238776,45981.3764
1791238778,45967.4767
1791238780,45961.1211
1791238782,45957.2251
1791238784,45963.2042
1791238786,45953.9509
1791238788,45952.5957
1791238790,45956.0741
1791238792,45960.8289
1791238794,45956.096
1791238796,45950.1098
1791238798,45936.2211
1791238800,45920.2827
1791238802,45928.5829
1791238804,45927.0074
1791238806,45917.3884
1791238808,45925.64
1791238810,45926.8792
1791238812,45922.4079
1791238814,45913.6303
1791238816,45908.8057
1791238818,45908.1669
1791238820,45907.1283
1791238822,45914.1818
1791238824,45913.0458
1791238826,45901.1575
1791238828,45906.4397
1791238830,45911.8296
1791238832,45904.5767
1791238834,45919.7394
1791238836,45915.1012
1791238838,45904.6584
1791238840,45891.6235
1791238842,45895.0599
1791238844,45905.3753
1791238846,45915.2288
1791238848,45904.3856
1791238850,45901.3052
1791238852,45907.2779
1791238854,45912.7485
1791238856,45903.3075
1791238858,45918.3986
1791238860,45905.3866
1791238862,45893.3202
1791238864,45894.1097
1791238866,45891.4882
1791238868,45884.0601
1791238870,45885.0029
1791238872,45886.4654
1791238874,45881.894
1791238876,45873.4485
1791238878,45872.9019
1791238880,45878.4718
1791238882,45873.3208
1791238884,45870.7493
1791238886,45858.9863
1791238888,45864.7049
1791238890,45872.2854
1791238892,45880.7496
1791238894,45885.1206
1791238896,45876.9018
1791238898,45876.7068
1791238900,45876.8536
1791238902,45871.6019
1791238904,45889.0582
1791238906,45886.1172
1791238908,45866.8608
1791238910,45885.9489
1791238912,45887.7907
1791238914,45891.3414
1791238916,45904.2008
1791238918,45894.8303
1791238920,45886.987
1791238922,45882.907
1791238924,45889.5745
1791238926,45893.4553
1791238928,45896.3991
1791238930,45887.1921
1791238932,45881.086
1791238934,45871.1748
1791238936,45847.944
1791238938,45845.1634
1791238940,45849.8711
1791238942,45843.5178
1791238944,45839.9999
1791238946,45847.43
1791238948,45840.3915
1791238950,45848.5798
1791238952,45856.8528
1791238954,45859.9449
1791238956,45871.4356
1791238958,45877.2481
1791238960,45867.2514
1791238962,45857.9025
1791238964,45861.4028
1791238966,45855.0636
1791238968,45848.129
1791238970,45848.9354
1791238972,45856.1091
1791238974,45851.4446
1791238976,45848.3856
1791238978,45848.3179
1791238980,45861.5325
1791238982,45879.1323
1791238984,45879.4381
1791238986,45881.1184
1791238988,45873.4798
1791238990,45867.4933
1791238992,45861.8066
1791238994,45878.5956
1791238996,45870.7982
1791238998,45872.7603
1791239000,45868.4789
1791239002,45877.8887
1791239004,45854.6222
1791239006,45861.4775
1791239008,45853.0956
1791239010,45857.3387
1791239012,45867.1323
1791239014,45857.1511
1791239016,45855.1175
1791239018,45857.536
1791239020,45839.5155
1791239022,45831.8231
1791239024,45833.7962
1791239026,45810.5809
1791239028,45813.9647
1791239030,45815.9673
1791239032,45805.57
1791239034,45806.7294
1791239036,45808.3394
1791239038,45812.6107
1791239040,45821.0338
1791239042,45815.4132
1791239044,45809.1703
1791239046,45810.8166
1791239048,45813.1623
1791239050,45808.592
1791239052,45821.0566
1791239054,45820.0837
1791239056,45813.6197
1791239058,45797.2687
1791239060,45801.3264
1791239062,45800.3241
1791239064,45802.0981
1791239066,45804.7504
1791239068,45787.5916
1791239070,45798.4948
1791239072,45805.5979
1791239074,45799.7103
1791239076,45813.9822
1791239078,45803.2507
1791239080,45809.374
1791239082,45805.0772
1791239084,45804.4087
1791239086,45812.4669
1791239088,45820.5532
1791239090,45809.9031
1791239092,45800.4381
1791239094,45811.9724
1791239096,45807.6799
1791239098,45800.0097
1791239100,45801.5933
1791239102,45799.1658
1791239104,45799.6609
1791239106,45804.5158
1791239108,45796.405
1791239110,45791.8239
1791239112,45802.6444
1791239114,45810.5587
1791239116,45800.8585
1791239118,45792.7183
1791239120,45794.8434
1791239122,45794.5344
1791239124,45800.9176
1791239126,45812.7366
1791239128,45801.889
1791239130,45798.4159
1791239132,45815.2176
1791239134,45799.363
1791239136,45800.2746
1791239138,45795.6244
1791239140,45795.5913
1791239142,45802.198
1791239144,45806.2532
1791239146,45812.4525
1791239148,45813.894
1791239150,45811.213
1791239152,45812.5136
1791239154,45817.1939
1791239156,45820.6769
1791239158,45824.455
1791239160,45812.8934
1791239162,45807.8983
1791239164,45805.8959
1791239166,45814.9465
1791239168,45820.2724
1791239170,45824.0236
1791239172,45820.1245
1791239174,45818.5774
1791239176,45815.485
1791239178,45802.0297
1791239180,45792.5166
1791239182,45794.8515
1791239184,45795.657
1791239186,45806.1993
1791239188,45784.4568
1791239190,45792.209
1791239192,45795.6199
1791239194,45792.3819
1791239196,45794.5299
1791239198,45795.072
1791239200,45790.0604
1791239202,45800.1452
1791239204,45810.9445
1791239206,45788.1312
1791239208,45787.5682
1791239210,45790.5883
1791239212,45796.0218
1791239214,45817.0979
1791239216,45805.1857
1791239218,45811.1216
1791239220,45820.6834
1791239222,45827.9069
1791239224,45835.048
1791239226,45821.697
1791239228,45823.9086
1791239230,45819.31
1791239232,45813.5262
1791239234,45830.0504
1791239236,45813.3309
1791239238,45798.3564
1791239240,45796.9285
1791239242,45788.46
1791239244,45796.6108
1791239246,45788.8197
1791239248,45781.0445
1791239250,45772.4363
1791239252,45776.7647
1791239254,45775.5248
1791239256,45783.3827
1791239258,45787.1986
1791239260,45791.7321
1791239262,45790.9585
1791239264,45784.4198
1791239266,45777.6279
1791239268,45781.8481
1791239270,45786.9612
1791239272,45780.5658
1791239274,45784.2098
1791239276,45775.4582
1791239278,45770.2781
1791239280,45784.798
1791239282,45789.0692
1791239284,45774.3412
1791239286,45784.3369
1791239288,45784.8717
1791239290,45777.9205
1791239292,45757.9683
1791239294,45744.5441
1791239296,45745.0882
1791239298,45747.6524
1791239300,45752.5639
1791239302,45767.2972
1791239304,45770.3568
1791239306,45762.1414
1791239308,45760.8198
1791239310,45755.3663
1791239312,45765.4895
1791239314,45762.5446
1791239316,45778.0738
1791239318,45771.4665
1791239320,45782.3388
1791239322,45804.8501
1791239324,45811.7145
1791239326,45804.5651
1791239328,45801.942
1791239330,45815.4807
1791239332,45813.4904
1791239334,45801.6958
1791239336,45816.6302
1791239338,45809.8155
1791239340,45810.1446
1791239342,45800.1057
1791239344,45797.1034
1791239346,45784.8973
1791239348,45779.6983
1791239350,45774.3205
1791239352,45781.3033
1791239354,45782.9217
1791239356,45787.5638
1791239358,45774.4406
1791239360,45775.0545
1791239362,45769.5695
1791239364,45771.006
1791239366,45775.5266
1791239368,45787.2505
1791239370,45805.1348
1791239372,45803.6765
1791239374,45797.6275
1791239376,45797.3696
1791239378,45804.9239
1791239380,45798.7141
1791239382,45787.647
1791239384,45795.7244
1791239386,45794.0742
1791239388,45797.7043
1791239390,45791.9446
1791239392,45767.9868
1791239394,45741.8888
1791239396,45749.1011
1791239398,45752.0035
1791239400,45739.2312
1791239402,45743.5843
1791239404,45744.5533
1791239406,45740.0094
1791239408,45734.8408
1791239410,45726.8138
1791239412,45729.3037
1791239414,45715.5486
1791239416,45720.3025
1791239418,45713.9273
1791239420,45713.2934
1791239422,45718.8387
1791239424,45731.3277
1791239426,45734.7331
1791239428,45731.1365
1791239430,45733.5409
1791239432,45729.2018
1791239434,45723.9077
1791239436,45733.1481
1791239438,45743.1979
1791239440,45733.5382
1791239442,45743.4247
1791239444,45733.7605
1791239446,45719.2318
1791239448,45712.1373
1791239450,45712.9346
1791239452,45717.8347
1791239454,45703.4811
1791239456,45696.9789
1791239458,45705.83
1791239460,45718.6114
1791239462,45729.3472
1791239464,45727.064
1791239466,45725.7899
1791239468,45727.8281
1791239470,45716.4087
1791239472,45705.2237
1791239474,45699.7163
1791239476,45689.3156
1791239478,45680.33
1791239480,45673.841
1791239482,45678.7221
1791239484,45678.1373
1791239486,45661.4736
1791239488,45662.3016
1791239490,45678.3971
1791239492,45681.4455
1791239494,45680.8738
1791239496,45671.5938
1791239498,45679.4489
1791239500,45674.0898
1791239502,45654.7881
1791239504,45652.3562
1791239506,45649.4484
1791239508,45653.3668
1791239510,45662.7223
1791239512,45667.7202
1791239514,45663.2688
1791239516,45673.1731
1791239518,45673.8607
1791239520,45675.98
1791239522,45663.9173
1791239524,45651.6128
1791239526,45648.8377
1791239528,45655.921
1791239530,45657.7113
1791239532,45652.8837
1791239534,45643.3644
1791239536,45627.1232
1791239538,45624.22
1791239540,45621.3802
1791239542,45625.9506
1791239544,45629.6392
1791239546,45646.1428
1791239548,45632.0277
1791239550,45622.6948
1791239552,45619.4609
1791239554,45601.4764
1791239556,45590.7376
1791239558,45579.713
1791239560,45583.738
1791239562,45576.9574
1791239564,45557.7175
1791239566,45563.1585
1791239568,45550.3286
1791239570,45551.6279
1791239572,45552.1707
1791239574,45555.9874
1791239576,45561.5523
1791239578,45564.3033
1791239580,45583.1086
1791239582,45576.8161
1791239584,45564.1519
1791239586,45571.9136
1791239588,45580.4585
1791239590,45575.3099
1791239592,45588.9606
1791239594,45579.5467
1791239596,45586.5508
1791239598,45586.9032
1791239600,45573.1112
1791239602,45568.4956
1791239604,45559.6187
1791239606,45557.3206
1791239608,45567.8415
1791239610,45581.5596
1791239612,45582.0411
1791239614,45578.7091
1791239616,45589.0314
1791239618,45577.6874
1791239620,45582.6573
1791239622,45592.1234
1791239624,45585.8009
1791239626,45588.3878
1791239628,45595.332
1791239630,45591.4612
1791239632,45599.1685
1791239634,45602.2075
1791239636,45606.4663
1791239638,45608.7416
1791239640,45628.8244
1791239642,45634.6839
1791239644,45622.2245
1791239646,45631.4092
1791239648,45651.2138
1791239650,45649.3719
1791239652,45648.3787
1791239654,45639.3517
1791239656,45648.173
1791239658,45647.6268
1791239660,45657.9969
1791239662,45665.5949
1791239664,45680.1497
1791239666,45683.6552
1791239668,45666.7021
1791239670,45646.6771
1791239672,45656.9535
1791239674,45642.4761
1791239676,45648.0348
1791239678,45633.6939
1791239680,45635.9733
1791239682,45629.5373
1791239684,45627.5546
1791239686,45635.2478
1791239688,45633.171
1791239690,45624.4333
1791239692,45620.4974
1791239694,45629.5994
1791239696,45639.3701
1791239698,45628.8287
1791239700,45626.0398
1791239702,45618.9452
1791239704,45614.7693
1791239706,45610.4335
1791239708,45607.6214
1791239710,45621.3462
1791239712,45636.363
1791239714,45645.5972
1791239716,45649.5315
1791239718,45646.6458
1791239720,45654.1551
1791239722,45646.615
1791239724,45642.3299
1791239726,45652.1665
1791239728,45662.216
1791239730,45658.7845
1791239732,45678.3014
1791239734,45675.3651
1791239736,45675.3296
1791239738,45683.9892
1791239740,45695.5926
1791239742,45696.1304
1791239744,45695.032
1791239746,45685.1259
1791239748,45687.3605
1791239750,45696.2585
1791239752,45706.0631
1791239754,45693.5344
1791239756,45684.39
1791239758,45691.7753
1791239760,45691.7125
1791239762,45687.0151
1791239764,45682.8052
1791239766,45692.3404
1791239768,45686.7929
1791239770,45688.3362
1791239772,45689.3683
1791239774,45673.3079
1791239776,45691.3812
1791239778,45699.2116
1791239780,45692.8168
1791239782,45683.7633
1791239784,45679.1748
1791239786,45697.2419
1791239788,45711.6848
1791239790,45726.3407
1791239792,45736.8861
1791239794,45736.4452
1791239796,45729.5043
1791239798,45724.1437
1791239800,45722.8678
1791239802,45722.1933
1791239804,45715.6705
1791239806,45729.2986
1791239808,45725.5206
1791239810,45738.7592
1791239812,45733.8145
1791239814,45730.2171
1791239816,45727.362
1791239818,45723.04
1791239820,45714.8145
1791239822,45723.3046
1791239824,45719.4375
1791239826,45722.0236
1791239828,45737.6464
1791239830,45746.5119
1791239832,45740.5377
1791239834,45742.3551
1791239836,45745.4166
1791239838,45743.9259
1791239840,45751.2934
1791239842,45759.6347
1791239844,45758.5977
1791239846,45752.216
1791239848,45756.0624
1791239850,45753.4543
1791239852,45746.8561
1791239854,45742.5588
1791239856,45741.973
1791239858,45747.1159
1791239860,45742.0932
1791239862,45749.3065
1791239864,45734.0109
1791239866,45744.1063
1791239868,45746.1879
1791239870,45728.0271
1791239872,45723.2768
1791239874,45730.6634
1791239876,45734.4531
1791239878,45726.7754
1791239880,45726.4703
1791239882,45724.82
1791239884,45717.9555
1791239886,45726.0165
1791239888,45725.004
1791239890,45728.1382
1791239892,45731.6116
1791239894,45730.7586
1791239896,45749.2888
1791239898,45747.4605
1791239900,45752.9392
1791239902,45748.6658
1791239904,45737.5986
1791239906,45719.2837
1791239908,45717.7165
1791239910,45705.0939
1791239912,45697.1957
1791239914,45707.1802
1791239916,45725.7761
1791239918,45728.3988
1791239920,45737.2282
1791239922,45736.796
1791239924,45741.3514
1791239926,45742.3187
1791239928,45747.0348
1791239930,45741.0567
1791239932,45744.7391
1791239934,45733.1575
1791239936,45720.3097
1791239938,45718.2982
1791239940,45727.88
1791239942,45730.2925
1791239944,45726.3345
1791239946,45724.1547
1791239948,45730.9812
1791239950,45727.3242
1791239952,45727.3948
1791239954,45736.1996
1791239956,45732.9247
1791239958,45733.2351
1791239960,45735.5297
1791239962,45738.4154
1791239964,45748.46
1791239966,45746.836
1791239968,45743.0986
1791239970,45736.0819
1791239972,45740.6587
1791239974,45769.9476
1791239976,45757.7635
1791239978,45764.5772
1791239980,45768.6808
1791239982,45759.9837
1791239984,45757.2761
1791239986,45747.3078
1791239988,45755.5382
1791239990,45733.2601
1791239992,45731.2963
1791239994,45707.0965
1791239996,45727.0921
1791239998,45721.9949
1791240000,45727.3729
1791240002,45730.8149
1791240004,45729.3658
1791240006,45739.5925
1791240008,45741.2663
1791240010,45729.9547
1791240012,45731.6697
1791240014,45731.6652
1791240016,45720.0398
1791240018,45715.5746
1791240020,45715.0229
1791240022,45711.4528
1791240024,45704.7188
1791240026,45710.5668
1791240028,45703.0395
1791240030,45705.4081
1791240032,45697.4838
1791240034,45709.4214
1791240036,45706.6538
1791240038,45695.9959
1791240040,45690.3767
1791240042,45688.7933
1791240044,45686.1909
1791240046,45703.9037
1791240048,45696.5452
1791240050,45705.8742
1791240052,45707.673
1791240054,45706.4867
1791240056,45705.0045
1791240058,45702.731
1791240060,45698.2633
1791240062,45699.5028
1791240064,45704.4958
1791240066,45691.8676
1791240068,45684.7557
1791240070,45673.6987
1791240072,45666.7908
1791240074,45664.6958
1791240076,45675.3753
1791240078,45684.1772
1791240080,45670.9272
1791240082,45661.1596
1791240084,45653.4
1791240086,45651.8413
1791240088,45653.1966
1791240090,45648.5416
1791240092,45649.1105
1791240094,45658.192
1791240096,45673.901
1791240098,45667.1898
1791240100,45672.3995
1791240102,45674.144
1791240104,45676.158
1791240106,45682.0341
1791240108,45673.8141
1791240110,45675.0165
1791240112,45659.0721
1791240114,45652.7021
1791240116,45648.6703
1791240118,45641.0099
1791240120,45645.4219
1791240122,45644.7821
1791240124,45648.0845
1791240126,45647.4107
1791240128,45655.0986
1791240130,45669.9039
1791240132,45671.1475
1791240134,45670.3768
1791240136,45678.4639
1791240138,45682.2468
1791240140,45693.3863
1791240142,45698.0337
1791240144,45677.7391
1791240146,45668.0638
1791240148,45658.9525
1791240150,45662.8716
1791240152,45669.8847
1791240154,45666.8383
1791240156,45660.9125
1791240158,45647.7301
1791240160,45648.0783
1791240162,45658.4097
1791240164,45658.692
1791240166,45668.9833
1791240168,45661.9213
1791240170,45657.2892
1791240172,45647.0975
1791240174,45654.0336
1791240176,45660.5599
1791240178,45670.1765
1791240180,45670.151
1791240182,45674.7561
1791240184,45666.9657
1791240186,45678.7319
1791240188,45692.4557
1791240190,45697.7507
1791240192,45723.0939
1791240194,45724.1109
1791240196,45711.8692
1791240198,45715.718
1791240200,45706.0508
1791240202,45720.661
1791240204,45709.4676
1791240206,45692.4865
1791240208,45687.6289
1791240210,45679.4099
1791240212,45681.8035
1791240214,45672.4628
1791240216,45677.3656
1791240218,45668.2979
1791240220,45670.1676
1791240222,45674.6449
1791240224,45665.8534
1791240226,45669.6331
1791240228,45645.7043
1791240230,45637.3192
1791240232,45656.1431
1791240234,45665.9837
1791240236,45675.4394
1791240238,45677.0023
1791240240,45668.3051
1791240242,45669.4329
1791240244,45665.215
1791240246,45665.5461
1791240248,45666.9614
1791240250,45655.2303
1791240252,45641.2386
1791240254,45631.7302
1791240256,45646.8718
1791240258,45636.6849
1791240260,45631.9653
1791240262,45630.5404
1791240264,45641.3869
1791240266,45646.978
1791240268,45642.7023
1791240270,45646.9701
1791240272,45635.0893
1791240274,45641.9026
1791240276,45633.6943
1791240278,45651.071
1791240280,45638.2782
1791240282,45639.5786
1791240284,45632.736
1791240286,45626.2712
1791240288,45640.6037
1791240290,45633.9473
1791240292,45651.1989
1791240294,45654.3262
1791240296,45643.3074
1791240298,45645.2116
1791240300,45656.1138
1791240302,45654.8796
1791240304,45666.5882
1791240306,45664.0606
1791240308,45662.7444
1791240310,45660.5669
1791240312,45657.1235
1791240314,45654.8101
1791240316,45655.022
1791240318,45651.6137
1791240320,45647.7849
1791240322,45633.339
1791240324,45629.6842
1791240326,45640.0199
1791240328,45631.8658
1791240330,45645.7578
1791240332,45643.9
1791240334,45643.3778
1791240336,45658.2891
1791240338,45662.843
1791240340,45670.2239
1791240342,45670.1235
1791240344,45658.7625
1791240346,45645.1205
1791240348,45648.0445
1791240350,45636.5829
1791240352,45636.775
1791240354,45639.7039
1791240356,45645.6543
1791240358,45645.867
1791240360,45635.4082
1791240362,45638.0242
1791240364,45660.3769
1791240366,45657.5366
1791240368,45647.3872
1791240370,45655.5614
1791240372,45657.5036
1791240374,45652.0499
1791240376,45647.8814
1791240378,45647.7491
1791240380,45636.0789
1791240382,45636.0371
1791240384,45629.1616
1791240386,45640.8601
1791240388,45643.8879
1791240390,45642.4475
1791240392,45640.597
1791240394,45631.9516
1791240396,45619.1332
1791240398,45637.9971
1791240400,45629.0829
1791240402,45628.5662
1791240404,45616.6458
1791240406,45627.8779
1791240408,45612.0014
1791240410,45604.1724
1791240412,45595.8822
1791240414,45599.9357
1791240416,45610.6261
1791240418,45612.3403
1791240420,45594.9485
1791240422,45600.111
1791240424,45621.9223
1791240426,45627.8188
1791240428,45634.5203
1791240430,45638.6305
1791240432,45633.2827
1791240434,45632.4097
1791240436,45638.2087
1791240438,45640.0015
1791240440,45654.7514
1791240442,45650.15
1791240444,45643.3181
1791240446,45639.9797
1791240448,45640.7097
1791240450,45636.5937
1791240452,45630.6457
1791240454,45628.7352
1791240456,45623.908
1791240458,45602.6043
1791240460,45600.0368
1791240462,45588.7181
1791240464,45573.3218
1791240466,45572.6393
1791240468,45567.3259
1791240470,45574.0884
1791240472,45576.5628
1791240474,45569.1967
1791240476,45575.2555
1791240478,45576.0342
1791240480,45575.987
1791240482,45574.4234
1791240484,45571.7526
1791240486,45558.8735
1791240488,45567.3016
1791240490,45555.5316
1791240492,45559.7815
1791240494,45547.0535
1791240496,45539.3705
1791240498,45545.7205
1791240500,45550.4548
1791240502,45551.4693
1791240504,45559.33
1791240506,45567.5178
1791240508,45554.0155
1791240510,45554.5154
1791240512,45541.0436
1791240514,45537.8671
1791240516,45540.1953
1791240518,45522.3343
1791240520,45525.7305
1791240522,45519.0499
1791240524,45523.7289
1791240526,45528.0372
1791240528,45537.6863
1791240530,45548.4124
1791240532,45546.7295
1791240534,45553.2257
1791240536,45557.595
1791240538,45567.5991
1791240540,45571.243
1791240542,45583.4276
1791240544,45569.2498
1791240546,45557.4328
1791240548,45566.7877
1791240550,45566.087
1791240552,45548.3031
1791240554,45552.9333
1791240556,45552.0842
1791240558,45545.9199
1791240560,45545.3045
1791240562,45550.5932
1791240564,45559.2546
1791240566,45560.7014
1791240568,45571.4209
1791240570,45570.0145
1791240572,45589.9311
1791240574,45600.6839
1791240576,45587.89
1791240578,45575.252
1791240580,45578.3498
1791240582,45564.4597
1791240584,45563.8
1791240586,45558.2547
1791240588,45550.7982
1791240590,45551.0252
1791240592,45550.9386
1791240594,45548.0579
1791240596,45550.4473
1791240598,45551.4734
1791240600,45548.7811
1791240602,45552.3294
1791240604,45556.5837
1791240606,45568.1305
1791240608,45580.8535
1791240610,45586.0622
1791240612,45584.8703
1791240614,45586.6028
1791240616,45583.4477
1791240618,45592.3349
1791240620,45593.5847
1791240622,45582.6313
1791240624,45574.0448
1791240626,45569.2777
1791240628,45577.4791
1791240630,45569.9548
1791240632,45572.8746
1791240634,45568.947
1791240636,45557.3869
1791240638,45544.202
1791240640,45537.3876
1791240642,45538.9836
1791240644,45538.3216
1791240646,45533.0594
1791240648,45529.0668
1791240650,45536.9921
1791240652,45539.1735
1791240654,45539.0616
1791240656,45539.4917
1791240658,45545.0712
1791240660,45541.9828
1791240662,45534.3195
1791240664,45524.6042
1791240666,45529.1449
1791240668,45538.6221
1791240670,45530.5758
1791240672,45528.043
1791240674,45531.699
1791240676,45537.6736
1791240678,45529.4671
1791240680,45539.6966
1791240682,45557.1883
1791240684,45565.609
1791240686,45566.4904
1791240688,45562.8801
1791240690,45561.1362
1791240692,45551.4612
1791240694,45559.7496
1791240696,45568.3533
1791240698,45569.8757
1791240700,45576.739
1791240702,45583.3366
1791240704,45583.2213
1791240706,45572.895
1791240708,45577.3726
1791240710,45581.9469
1791240712,45563.7132
1791240714,45559.5504
1791240716,45563.5551
1791240718,45563.3883
1791240720,45563.237
1791240722,45567.3744
1791240724,45576.5882
1791240726,45577.4979
1791240728,45565.0438
1791240730,45568.7232
1791240732,45559.9486
1791240734,45553.0501
1791240736,45546.1887
1791240738,45535.6464
1791240740,45536.5941
1791240742,45545.4962
1791240744,45539.0874
1791240746,45542.9874
1791240748,45544.8355
1791240750,45543.2449
1791240752,45542.217
1791240754,45548.0382
1791240756,45551.6899
1791240758,45542.391
1791240760,45555.6676
1791240762,45559.4922
1791240764,45553.9109
1791240766,45551.624
1791240768,45558.0638
1791240770,45553.9111
1791240772,45557.157
1791240774,45557.0075
1791240776,45543.666
1791240778,45540.4448
1791240780,45548.751
1791240782,45560.1446
1791240784,45559.0393
1791240786,45559.9869
1791240788,45565.6635
1791240790,45559.3577
1791240792,45560.2079
1791240794,45564.6117
1791240796,45549.7804
1791240798,45552.1888
1791240800,45559.4572
1791240802,45555.9557
1791240804,45558.3851
1791240806,45544.1564
1791240808,45534.4536
1791240810,45536.8247
1791240812,45539.9049
1791240814,45543.8728
1791240816,45551.6263
1791240818,45558.9046
1791240820,45556.6349
1791240822,45567.2775
1791240824,45566.0465
1791240826,45552.1189
1791240828,45551.5398
1791240830,45538.9357
1791240832,45537.7749
1791240834,45552.4518
1791240836,45550.4735
1791240838,45555.0746
1791240840,45567.9088
1791240842,45566.0007
1791240844,45574.5503
1791240846,45580.1565
1791240848,45573.177
1791240850,45569.9696
1791240852,45562.8674
1791240854,45573.2858
1791240856,45567.3855
1791240858,45557.8968
1791240860,45567.8212
1791240862,45559.9471
1791240864,45555.2823
1791240866,45553.7372
1791240868,45557.3069
1791240870,45555.4141
1791240872,45552.2319
1791240874,45549.2149
1791240876,45546.3678
1791240878,45537.282
1791240880,45544.7802
1791240882,45535.4473
1791240884,45530.3931
1791240886,45541.9713
1791240888,45538.2957
1791240890,45548.1686
1791240892,45559.8388
1791240894,45555.4051
1791240896,45552.8992
1791240898,45558.1989
1791240900,45564.1916
1791240902,45563.1034
1791240904,45566.2605
1791240906,45578.4382
1791240908,45576.2044
1791240910,45560.1235
1791240912,45542.9995
1791240914,45540.8714
1791240916,45534.9223
1791240918,45527.0234
1791240920,45528.8812
1791240922,45520.6364
1791240924,45519.8249
1791240926,45524.4866
1791240928,45517.8426
1791240930,45522.6119
1791240932,45518.6308
1791240934,45531.4407
1791240936,45525.7494
1791240938,45516.7439
1791240940,45521.7323
1791240942,45513.9307
1791240944,45517.6532
1791240946,45520.28
1791240948,45520.8433
1791240950,45517.3916
1791240952,45538.5912
1791240954,45556.0638
1791240956,45560.8637
1791240958,45567.9936
1791240960,45554.6857
1791240962,45562.2644
1791240964,45560.1949
1791240966,45547.7795
1791240968,45532.5951
1791240970,45540.0354
1791240972,45550.5816
1791240974,45539.7026
1791240976,45540.4947
1791240978,45524.4143
1791240980,45533.9795
1791240982,45537.5514
1791240984,45535.9569
1791240986,45541.5564
1791240988,45554.368
1791240990,45545.6526
1791240992,45547.2935
1791240994,45548.4214
1791240996,45530.1554
1791240998,45525.7522
1791241000,45531.9204
1791241002,45520.838
1791241004,45525.16
1791241006,45525.4491
1791241008,45532.9024
1791241010,45536.5897
1791241012,45547.7253
1791241014,45546.153
1791241016,45547.0854
1791241018,45552.2341
1791241020,45548.9295
1791241022,45557.6412
1791241024,45555.397
1791241026,45551.4659
1791241028,45544.6473
1791241030,45545.4742
1791241032,45547.7782
1791241034,45565.1238
1791241036,45558.5282
1791241038,45544.8586
1791241040,45539.5687
1791241042,45531.7738
1791241044,45535.5485
1791241046,45530.4687
1791241048,45526.1273
1791241050,45528.3322
1791241052,45540.4597
1791241054,45547.3347
1791241056,45540.9457
1791241058,45547.8815
1791241060,45562.3308
1791241062,45570.8292
1791241064,45565.4769
1791241066,45557.4237
1791241068,45562.2986
1791241070,45563.2548
1791241072,45565.509
1791241074,45572.7809
1791241076,45574.5333
1791241078,45584.3134
1791241080,45584.0567
1791241082,45578.0377
1791241084,45570.8519
1791241086,45558.8128
1791241088,45552.8272
1791241090,45562.8439
1791241092,45543.5614
1791241094,45550.1243
1791241096,45551.7833
1791241098,45550.848
1791241100,45536.5897
1791241102,45541.1166
1791241104,45531.0886
1791241106,45515.7742
1791241108,45500.166
1791241110,45494.4554
1791241112,45503.5016
1791241114,45504.6309
1791241116,45513.2422
1791241118,45517.9096
1791241120,45524.2283
1791241122,45518.5964
1791241124,45519.468
1791241126,45517.6021
1791241128,45515.7446
1791241130,45520.3332
1791241132,45511.9883
1791241134,45506.5755
1791241136,45508.959
1791241138,45516.8911
1791241140,45518.1988
1791241142,45534.7124
1791241144,45531.2666
1791241146,45531.1765
1791241148,45544.9728
1791241150,45543.4668
1791241152,45537.1767
1791241154,45541.9133
1791241156,45544.8403
1791241158,45554.7176
1791241160,45566.752
1791241162,45573.0016
1791241164,45573.827
1791241166,45569.1496
1791241168,45564.9863
1791241170,45566.8759
1791241172,45577.8491
1791241174,45573.6313
1791241176,45586.0725
1791241178,45573.6244
1791241180,45564.5312
1791241182,45573.7624
1791241184,45571.3142
1791241186,45562.4349
1791241188,45551.3372
1791241190,45543.4839
1791241192,45544.9997
1791241194,45545.8807
1791241196,45549.3549
1791241198,45549.7771
1791241200,45547.1532
1791241202,45543.4313
1791241204,45544.6733
1791241206,45540.0211
1791241208,45530.361
1791241210,45534.6765
1791241212,45539.6939
1791241214,45550.8204
1791241216,45542.9143
1791241218,45551.5788
1791241220,45553.9278
1791241222,45551.4565
1791241224,45552.7489
1791241226,45549.2378
1791241228,45541.5543
1791241230,45547.61
1791241232,45545.9011
1791241234,45544.6183
1791241236,45553.6068
1791241238,45536.2706
1791241240,45535.2153
1791241242,45556.6096
1791241244,45565.1347
1791241246,45572.9771
1791241248,45559.5965
1791241250,45547.3747
1791241252,45545.4737
1791241254,45548.7586
1791241256,45562.4253
1791241258,45562.1518
1791241260,45553.3236
1791241262,45551.8284
1791241264,45561.7734
1791241266,45559.6355
1791241268,45557.6305
1791241270,45552.3659
1791241272,45559.8828
1791241274,45563.4718
1791241276,45560.2533
1791241278,45560.5259
1791241280,45558.4612
1791241282,45559.1174
1791241284,45544.3148
1791241286,45546.757
1791241288,45551.1603
1791241290,45541.1789
1791241292,45556.5773
1791241294,45565.824
1791241296,45567.0007
1791241298,45561.5126
1791241300,45560.2593
1791241302,45574.7654
1791241304,45566.8226
1791241306,45564.0954
1791241308,45548.8057
1791241310,45566.0706
1791241312,45581.2796
1791241314,45588.8679
1791241316,45575.9574
1791241318,45571.5374
1791241320,45575.7936
1791241322,45579.1797
1791241324,45574.6735
1791241326,45589.9066
1791241328,45587.7044
1791241330,45595.6757
1791241332,45611.096
1791241334,45603.082
1791241336,45605.4213
1791241338,45596.0515
1791241340,45584.8971
1791241342,45589.6081
1791241344,45564.6528
1791241346,45560.5411
1791241348,45557.2417
1791241350,45554.3029
1791241352,45544.391
1791241354,45538.3493
1791241356,45525.2588
1791241358,45527.1305
1791241360,45527.3348
1791241362,45531.9401
1791241364,45534.6199
1791241366,45537.3943
1791241368,45541.978
1791241370,45539.5091
1791241372,45541.6998
1791241374,45556.3844
1791241376,45566.0905
1791241378,45567.9659
1791241380,45555.6207
1791241382,45560.2001
1791241384,45554.1351
1791241386,45548.0656
1791241388,45546.3571
1791241390,45550.2279
1791241392,45557.2306
1791241394,45554.9726
1791241396,45549.1903
1791241398,45564.3509
1791241400,45580.1238
1791241402,45575.6757
1791241404,45573.8851
1791241406,45573.0649
1791241408,45564.7553
1791241410,45556.7415
1791241412,45551.9229
1791241414,45550.8312
1791241416,45559.2861
1791241418,45563.2663
1791241420,45562.23
1791241422,45550.6423
1791241424,45551.8538
1791241426,45562.4839
1791241428,45556.7114
1791241430,45554.2551
1791241432,45559.0914
1791241434,45567.4235
1791241436,45565.2177
1791241438,45558.9173
1791241440,45558.0841
1791241442,45554.1821
1791241444,45554.5382
1791241446,45541.8986
1791241448,45541.6428
1791241450,45554.1141
1791241452,45559.8378
1791241454,45567.1905
1791241456,45578.0816
1791241458,45565.3251
1791241460,45561.8979
1791241462,45564.5465
1791241464,45583.6732
1791241466,45572.8383
1791241468,45581.0572
1791241470,45586.0139
1791241472,45580.2484
1791241474,45589.0033
1791241476,45587.353
1791241478,45597.5548
1791241480,45580.3676
1791241482,45584.4236
1791241484,45569.9626
1791241486,45568.2725
1791241488,45571.7929
1791241490,45583.7953
1791241492,45579.9295
1791241494,45588.3971
1791241496,45596.0324
1791241498,45600.4928
1791241500,45591.7815
1791241502,45606.6899
1791241504,45609.0803
1791241506,45607.7498
1791241508,45623.3772
1791241510,45633.3984
1791241512,45630.1569
1791241514,45640.4793
1791241516,45649.4493
1791241518,45644.298
1791241520,45634.5696
1791241522,45641.4914
1791241524,45630.7648
1791241526,45633.1926
1791241528,45630.6765
1791241530,45636.6514
1791241532,45628.4355
1791241534,45641.2461
1791241536,45636.6489
1791241538,45628.4662
1791241540,45630.1952
1791241542,45626.9351
1791241544,45621.3252
1791241546,45620.015
1791241548,45602.1713
1791241550,45602.2479
1791241552,45597.7462
1791241554,45600.2886
1791241556,45617.0052
1791241558,45610.753
1791241560,45611.341
1791241562,45602.7382
1791241564,45581.8555
1791241566,45583.7431
1791241568,45595.9062
1791241570,45582.5477
1791241572,45589.194
1791241574,45594.2113
1791241576,45605.5184
1791241578,45601.0479
1791241580,45601.1111
1791241582,45622.9656
1791241584,45618.9433
1791241586,45625.2202
1791241588,45614.6667
1791241590,45605.3542
1791241592,45604.8827
1791241594,45592.0639
1791241596,45578.8814
1791241598,45586.9205
1791241600,45581.7818
1791241602,45570.5084
1791241604,45567.7848
1791241606,45556.1322
1791241608,45555.3707
1791241610,45571.1865
1791241612,45563.7971
1791241614,45552.1413
1791241616,45549.2552
1791241618,45532.5365
1791241620,45527.506
1791241622,45519.1764
1791241624,45511.0289
1791241626,45509.5348
1791241628,45502.0439
1791241630,45511.6744
1791241632,45505.4332
1791241634,45513.1033
1791241636,45508.2338
1791241638,45504.5012
1791241640,45530.1811
1791241642,45538.2776
1791241644,45535.3995
1791241646,45541.4399
1791241648,45538.5683
1791241650,45544.4431
1791241652,45546.147
1791241654,45549.3892
1791241656,45533.8641
1791241658,45534.1689
1791241660,45525.9169
1791241662,45524.324
1791241664,45526.8442
1791241666,45532.7965
1791241668,45514.6348
1791241670,45521.2227
1791241672,45516.4933
1791241674,45534.926
1791241676,45532.9058
1791241678,45536.5729
1791241680,45534.8116
1791241682,45530.1335
1791241684,45516.9887
1791241686,45535.3287
1791241688,45541.8285
1791241690,45535.9749
1791241692,45534.0863
1791241694,45536.4432
1791241696,45524.6476
1791241698,45528.4376
1791241700,45529.6906
1791241702,45543.7133
1791241704,45533.4658
1791241706,45529.5387
1791241708,45537.5083
1791241710,45525.9414
1791241712,45528.757
1791241714,45534.4499
1791241716,45526.4652
1791241718,45509.3583
1791241720,45499.179
1791241722,45507.6209
1791241724,45516.1729
1791241726,45515.7433
1791241728,45510.7754
1791241730,45508.3466
1791241732,45505.7314
1791241734,45508.3093
1791241736,45494.284
1791241738,45512.1266
1791241740,45508.835
1791241742,45510.968
1791241744,45494.2609
1791241746,45493.8919
1791241748,45490.0819
1791241750,45485.5956
1791241752,45477.4682
1791241754,45486.4915
1791241756,45491.6361
1791241758,45483.7099
1791241760,45475.1164
1791241762,45471.0785
1791241764,45466.7501
1791241766,45470.0983
1791241768,45464.408
1791241770,45464.9949
1791241772,45462.3821
1791241774,45465.7382
1791241776,45464.7085
1791241778,45459.7827
1791241780,45467.9235
1791241782,45477.0038
1791241784,45454.2871
1791241786,45471.901
1791241788,45464.2658
1791241790,45462.9925
1791241792,45458.091
1791241794,45453.7296
1791241796,45448.0372
1791241798,45450.9121
1791241800,45440.0019
1791241802,45444.1111
1791241804,45441.5253
1791241806,45437.8471
1791241808,45434.3052
1791241810,45436.4646
1791241812,45429.5877
1791241814,45442.5832
1791241816,45447.7123
1791241818,45444.3487
1791241820,45430.7981
1791241822,45439.895
1791241824,45445.9888
1791241826,45446.6413
1791241828,45446.2909
1791241830,45460.8744
1791241832,45456.5914
1791241834,45468.7329
1791241836,45465.6731
1791241838,45464.3452
1791241840,45467.3285
1791241842,45462.8104
1791241844,45452.5458
1791241846,45439.364
1791241848,45457.9008
1791241850,45459.7876
1791241852,45452.5094
1791241854,45441.2903
1791241856,45437.2484
1791241858,45431.5011
1791241860,45436.8922
1791241862,45436.3909
1791241864,45425.9846
1791241866,45421.5166
1791241868,45426.6968
1791241870,45437.987
1791241872,45435.3302
1791241874,45438.9347
1791241876,45425.6746
1791241878,45412.5805
1791241880,45411.9049
1791241882,45402.9851
1791241884,45425.2221
1791241886,45427.3261
1791241888,45420.6869
1791241890,45436.1909
1791241892,45434.2901
1791241894,45437.3294
1791241896,45440.4457
1791241898,45440.4366
1791241900,45439.2146
1791241902,45452.2116
1791241904,45464.6135
1791241906,45484.1531
1791241908,45484.6312
1791241910,45491.1786
1791241912,45492.4718
1791241914,45484.6004
1791241916,45488.757
1791241918,45496.9295
1791241920,45508.0625
1791241922,45509.4104
1791241924,45519.8628
1791241926,45526.0838
1791241928,45532.2274
1791241930,45524.8202
1791241932,45528.9089
1791241934,45530.9181
1791241936,45522.6584
1791241938,45524.0833
1791241940,45524.2683
1791241942,45523.207
1791241944,45520.3856
1791241946,45513.1099
1791241948,45511.2154
1791241950,45493.5235
1791241952,45507.6578
1791241954,45504.5226
1791241956,45494.2237
1791241958,45492.6543
1791241960,45517.6626
1791241962,45521.5709
1791241964,45513.9847
1791241966,45509.5946
1791241968,45518.0122
1791241970,45535.1609
1791241972,45541.5918
1791241974,45533.4602
1791241976,45523.5123
1791241978,45541.0534
1791241980,45541.4989
1791241982,45544.9143
1791241984,45549.0908
1791241986,45558.1989
1791241988,45566.183
1791241990,45561.1612
1791241992,45565.0319
1791241994,45565.1305
1791241996,45564.9744
1791241998,45563.6655
1791242000,45543.5772
1791242002,45538.4643
1791242004,45546.7959
1791242006,45539.1296
1791242008,45546.0136
1791242010,45543.0911
1791242012,45536.0047
1791242014,45543.6192
1791242016,45545.7878
1791242018,45545.2613
1791242020,45543.749
1791242022,45545.1037
1791242024,45548.1207
1791242026,45561.2755
1791242028,45571.393
1791242030,45579.0148
1791242032,45574.1015
1791242034,45574.293
1791242036,45576.3959
1791242038,45571.9662
1791242040,45576.116
1791242042,45570.115
1791242044,45562.5404
1791242046,45566.8121
1791242048,45555.5371
1791242050,45562.5253
1791242052,45573.0918
1791242054,45566.2461
1791242056,45556.3801
1791242058,45559.2741
1791242060,45560.8598
1791242062,45569.4688
1791242064,45552.6533
1791242066,45552.829
1791242068,45530.5313
1791242070,45532.7997
1791242072,45530.8453
1791242074,45542.0313
1791242076,45553.3402
1791242078,45554.7661
1791242080,45550.9512
1791242082,45558.3177
1791242084,45557.5878
1791242086,45568.7
1791242088,45558.432
1791242090,45554.2241
1791242092,45558.4081
1791242094,45578.4264
1791242096,45580.4159
1791242098,45563.8654
1791242100,45570.95
1791242102,45574.0208
1791242104,45562.8987
1791242106,45579.6348
1791242108,45580.9822
1791242110,45576.2507
1791242112,45588.1001
1791242114,45591.2455
1791242116,45600.4825
1791242118,45603.074
1791242120,45588.6002
1791242122,45582.1812
1791242124,45582.9246
1791242126,45579.6831
1791242128,45581.7196
1791242130,45581.3634
1791242132,45585.6129
1791242134,45585.1158
1791242136,45575.7221
1791242138,45575.2538
1791242140,45579.1782
1791242142,45582.8242
1791242144,45580.6691
1791242146,45580.0037
1791242148,45576.6378
1791242150,45589.4007
1791242152,45579.1234
1791242154,45584.0701
1791242156,45591.8382
1791242158,45600.1254
1791242160,45581.651
1791242162,45585.9647
1791242164,45597.8407
1791242166,45603.6667
1791242168,45610.6276
1791242170,45603.649
1791242172,45605.2003
1791242174,45614.5529
1791242176,45600.2222
1791242178,45597.6358
1791242180,45592.1652
1791242182,45594.5309
1791242184,45590.6059
1791242186,45589.3841
1791242188,45581.3374
1791242190,45573.3385
1791242192,45585.6952
1791242194,45589.4947
1791242196,45602.6683
1791242198,45605.5701
1791242200,45608.1576
1791242202,45613.4455
1791242204,45611.6274
1791242206,45610.4392
1791242208,45614.5555
1791242210,45618.1647
1791242212,45630.3191
1791242214,45628.1973
1791242216,45622.7485
1791242218,45605.5799
1791242220,45607.6841
1791242222,45610.4087
1791242224,45605.6725
1791242226,45589.6515
1791242228,45592.7765
1791242230,45585.8199
1791242232,45599.265
1791242234,45623.4091
1791242236,45605.1743
1791242238,45611.3883
1791242240,45605.2115
1791242242,45609.2249
1791242244,45603.1926
1791242246,45605.5965
1791242248,45602.1501
1791242250,45609.3805
1791242252,45617.7827
1791242254,45629.1455
1791242256,45625.1512
1791242258,45626.7676
1791242260,45632.3462
1791242262,45632.7098
1791242264,45632.6473
1791242266,45627.6676
1791242268,45620.8615
1791242270,45601.2394
1791242272,45599.1003
1791242274,45604.2313
1791242276,45602.5342
1791242278,45613.2204
1791242280,45615.1033
1791242282,45620.6684
1791242284,45618.5009
1791242286,45637.9443
1791242288,45636.3323
1791242290,45641.75
1791242292,45650.6684
1791242294,45652.0585
1791242296,45657.6542
1791242298,45657.4086
1791242300,45660.186
1791242302,45658.333
1791242304,45674.4624
1791242306,45689.2446
1791242308,45698.6962
1791242310,45696.7338
1791242312,45701.6013
1791242314,45710.4103
1791242316,45705.7992
1791242318,45698.2768
1791242320,45689.4183
1791242322,45678.7705
1791242324,45676.5076
1791242326,45685.0526
1791242328,45698.6712
1791242330,45694.1303
1791242332,45688.0455
1791242334,45698.0517
1791242336,45699.4272
1791242338,45698.9244
1791242340,45706.1347
1791242342,45710.0899
1791242344,45716.1434
1791242346,45721.9235
1791242348,45725.2993
1791242350,45722.2409
1791242352,45713.2902
1791242354,45699.5778
1791242356,45710.797
1791242358,45701.8493
1791242360,45703.7207
1791242362,45705.2336
1791242364,45696.8197
1791242366,45708.3249
1791242368,45712.2663
1791242370,45693.1627
1791242372,45696.8408
1791242374,45687.4164
1791242376,45685.7196
1791242378,45698.438
1791242380,45699.3497
1791242382,45700.1489
1791242384,45711.5528
1791242386,45731.3888
1791242388,45737.5365
1791242390,45728.925
1791242392,45742.8702
1791242394,45731.7328
1791242396,45731.3022
1791242398,45725.6837
1791242400,45721.4975
1791242402,45722.0582
1791242404,45733.5537
1791242406,45722.4556
1791242408,45738.3058
1791242410,45736.1569
1791242412,45748.3412
1791242414,45753.8023
1791242416,45748.2439
1791242418,45751.5922
1791242420,45744.3668
1791242422,45745.5975
1791242424,45756.306
1791242426,45763.8045
1791242428,45766.6854
1791242430,45765.4191
1791242432,45752.4308
1791242434,45743.836
1791242436,45728.8782
1791242438,45730.4235
1791242440,45713.6933
1791242442,45718.3751
1791242444,45723.407
1791242446,45714.1543
1791242448,45714.441
1791242450,45724.0463
1791242452,45715.5048
1791242454,45703.8113
1791242456,45699.8407
1791242458,45699.9967
1791242460,45699.5031
1791242462,45706.9054
1791242464,45693.4131
1791242466,45706.6229
1791242468,45707.6313
1791242470,45701.9093
1791242472,45693.9281
1791242474,45694.9234
1791242476,45702.9084
1791242478,45701.0332
1791242480,45688.8577
1791242482,45680.7247
1791242484,45680.1935
1791242486,45674.0068
1791242488,45672.975
1791242490,45663.3724
1791242492,45664.1224
1791242494,45666.7656
1791242496,45668.3353
1791242498,45654.866
1791242500,45670.4129
1791242502,45671.2948
1791242504,45667.0583
1791242506,45669.7499
1791242508,45674.5752
1791242510,45685.4825
1791242512,45684.3923
1791242514,45685.3658
1791242516,45689.9257
1791242518,45691.0376
1791242520,45697.6297
1791242522,45705.332
1791242524,45713.7076
1791242526,45717.0257
1791242528,45725.0461
1791242530,45734.1892
1791242532,45733.4399
1791242534,45740.9154
1791242536,45735.1624
1791242538,45743.4987
1791242540,45757.266
1791242542,45759.9522
1791242544,45758.8123
1791242546,45760.1446
1791242548,45757.1439
1791242550,45756.1391
1791242552,45759.6439
1791242554,45774.2459
1791242556,45780.0144
1791242558,45762.7117
1791242560,45756.6789
1791242562,45748.8678
1791242564,45760.5144
1791242566,45781.0417
1791242568,45788.9848
1791242570,45796.0534
1791242572,45802.9393
1791242574,45800.9589
1791242576,45796.8189
1791242578,45797.4649
1791242580,45791.5196
1791242582,45783.7695
1791242584,45764.1264
1791242586,45760.4998
1791242588,45765.8313
1791242590,45767.1788
1791242592,45769.091
1791242594,45765.9821
1791242596,45772.9594
1791242598,45782.9151
1791242600,45785.8858
1791242602,45788.3587
1791242604,45782.9939
1791242606,45769.7718
1791242608,45774.9561
1791242610,45781.2328
1791242612,45768.3216
1791242614,45773.4201
1791242616,45768.6508
1791242618,45773.9619
1791242620,45782.979
1791242622,45781.9681
1791242624,45794.683
1791242626,45807.2247
1791242628,45804.6822
1791242630,45805.6462
1791242632,45809.4387
1791242634,45817.4777
1791242636,45830.429
1791242638,45820.8526
1791242640,45814.857
1791242642,45834.6813
1791242644,45831.2606
1791242646,45831.7222
1791242648,45831.2805
1791242650,45821.1459
1791242652,45829.8088
1791242654,45829.5552
1791242656,45837.3247
1791242658,45825.9128
1791242660,45819.2633
1791242662,45832.8063
1791242664,45850.9366
1791242666,45846.2006
1791242668,45848.4328
1791242670,45856.6573
1791242672,45857.6674
1791242674,45852.0563
1791242676,45857.6264
1791242678,45853.7966
1791242680,45846.222
1791242682,45832.564
1791242684,45827.5373
1791242686,45835.2737
1791242688,45846.5076
1791242690,45850.0732
1791242692,45846.4342
1791242694,45846.7125
1791242696,45836.1579
1791242698,45835.714
1791242700,45835.9311
1791242702,45828.6577
1791242704,45823.1461
1791242706,45823.4024
1791242708,45813.5177
1791242710,45815.112
1791242712,45825.7231
1791242714,45846.2643
1791242716,45842.0443
1791242718,45841.6317
1791242720,45852.5918
1791242722,45845.9494
1791242724,45857.2664
1791242726,45860.478
1791242728,45856.1324
1791242730,45855.0588
1791242732,45851.2705
1791242734,45852.4428
1791242736,45858.7778
1791242738,45850.4601
1791242740,45857.2504
1791242742,45872.9205
1791242744,45861.8565
1791242746,45872.1023
1791242748,45895.2538
1791242750,45906.0108
1791242752,45902.6549
1791242754,45903.5595
1791242756,45908.0685
1791242758,45918.3544
1791242760,45917.6312
1791242762,45923.6222
1791242764,45931.051
1791242766,45929.8215
1791242768,45935.1419
1791242770,45929.9901
1791242772,45915.7735
1791242774,45914.0014
1791242776,45917.994
1791242778,45918.2443
1791242780,45916.9188
1791242782,45925.9067
1791242784,45932.1922
1791242786,45932.4688
1791242788,45925.0553
1791242790,45917.6972
1791242792,45919.9312
1791242794,45930.9961
1791242796,45926.8183
1791242798,45928.4424
1791242800,45925.9991
1791242802,45929.0232
1791242804,45924.6006
1791242806,45925.111
1791242808,45927.0036
1791242810,45928.2489
1791242812,45925.6527
1791242814,45919.6462
1791242816,45928.9473
1791242818,45923.0962
1791242820,45925.4838
1791242822,45929.7822
1791242824,45920.1017
1791242826,45929.3745
1791242828,45928.3277
1791242830,45922.7707
1791242832,45920.2905
1791242834,45908.9942
1791242836,45915.8312
1791242838,45910.7089
1791242840,45916.8283
1791242842,45912.7196
1791242844,45910.1681
1791242846,45914.8862
1791242848,45928.8182
1791242850,45924.2932
1791242852,45925.8025
1791242854,45927.8459
1791242856,45921.7767
1791242858,45907.0681
1791242860,45901.4875
1791242862,45896.3913
1791242864,45904.0121
1791242866,45889.6753
1791242868,45876.1844
1791242870,45869.8867
1791242872,45870.6107
1791242874,45882.9453
1791242876,45884.3099
1791242878,45899.7605
1791242880,45903.0647
1791242882,45902.7473
1791242884,45898.422
1791242886,45895.1543
1791242888,45866.7732
1791242890,45870.7648
1791242892,45872.3724
1791242894,45870.1265
1791242896,45857.4055
1791242898,45869.2754
1791242900,45860.6782
1791242902,45870.6407
1791242904,45879.792
1791242906,45860.2742
1791242908,45849.4349
1791242910,45834.7407
1791242912,45832.5581
1791242914,45833.8563
1791242916,45835.8645
1791242918,45842.7022
1791242920,45840.1848
1791242922,45846.4563
1791242924,45842.5599
1791242926,45847.2165
1791242928,45835.593
1791242930,45837.2446
1791242932,45840.1048
1791242934,45842.8067
1791242936,45842.3332
1791242938,45848.6625
1791242940,45850.713
1791242942,45841.9729
1791242944,45843.3401
1791242946,45820.5491
1791242948,45809.178
1791242950,45812.3354
1791242952,45825.4768
1791242954,45825.7762
1791242956,45831.038
1791242958,45857.8708
1791242960,45864.482
1791242962,45840.5081
1791242964,45829.2966
1791242966,45832.8681
1791242968,45833.1801
1791242970,45822.6417
1791242972,45832.832
1791242974,45836.2046
1791242976,45841.8526
1791242978,45834.2065
1791242980,45836.5129
1791242982,45833.201
1791242984,45831.5305
1791242986,45833.9021
1791242988,45829.5048
1791242990,45826.2585
1791242992,45838.1638
1791242994,45853.3148
1791242996,45826.6371
1791242998,45836.3046
1791243000,45842.8711
1791243002,45850.7513
1791243004,45852.6422
1791243006,45862.5654
1791243008,45870.0307
1791243010,45869.2668
1791243012,45869.4214
1791243014,45868.1243
1791243016,45874.9108
1791243018,45868.9249
1791243020,45876.9558
1791243022,45871.4448
1791243024,45882.7303
1791243026,45890.1906
1791243028,45890.84
1791243030,45898.8786
1791243032,45889.3596
1791243034,45885.3269
1791243036,45877.7229
1791243038,45859.2907
1791243040,45867.0353
1791243042,45864.8819
1791243044,45878.5467
1791243046,45867.1598
1791243048,45858.5665
1791243050,45847.3323
1791243052,45851.911
1791243054,45854.8107
1791243056,45856.4704
1791243058,45855.6204
1791243060,45860.6659
1791243062,45869.3952
1791243064,45880.8458
1791243066,45880.1816
1791243068,45884.0244
1791243070,45879.9359
1791243072,45879.5685
1791243074,45884.9022
1791243076,45882.9511
1791243078,45880.3355
1791243080,45874.1027
1791243082,45879.4188
1791243084,45868.0698
1791243086,45862.2088
1791243088,45868.2505
1791243090,45871.5385
1791243092,45874.6571
1791243094,45883.8849
1791243096,45886.886
1791243098,45902.9179
1791243100,45893.7802
1791243102,45895.6934
1791243104,45889.8218
1791243106,45901.959
1791243108,45919.9215
1791243110,45920.7791
1791243112,45925.3345
1791243114,45937.384
1791243116,45958.6863
1791243118,45941.5231
1791243120,45950.3891
1791243122,45965.375
1791243124,45967.718
1791243126,45984.2172
1791243128,45988.2494
1791243130,45994.2064
1791243132,46009.4743
1791243134,46002.6813
1791243136,45995.7076
1791243138,45985.7516
1791243140,45981.4369
1791243142,45981.4325
1791243144,45987.5626
1791243146,45991.3778
1791243148,45989.7944
1791243150,45971.4558
1791243152,45958.2264
1791243154,45950.5302
1791243156,45948.9471
1791243158,45956.2514
1791243160,45953.0944
1791243162,45946.3755
1791243164,45943.3318
1791243166,45946.3401
1791243168,45931.2785
1791243170,45939.5526
1791243172,45945.3746
1791243174,45949.2604
1791243176,45944.9293
1791243178,45946.4806
1791243180,45940.0889
1791243182,45939.2077
1791243184,45939.2817
1791243186,45939.6637
1791243188,45941.0909
1791243190,45931.4654
1791243192,45924.2436
1791243194,45921.6195
1791243196,45920.1371
1791243198,45905.0778
1791243200,45904.1539
1791243202,45925.8235
1791243204,45920.1639
1791243206,45919.0233
1791243208,45922.487
1791243210,45919.2763
1791243212,45922.8915
1791243214,45918.7174
1791243216,45930.4366
1791243218,45923.114
1791243220,45915.4413
1791243222,45915.831
1791243224,45936.332
1791243226,45930.3958
1791243228,45923.3745
1791243230,45909.0972
1791243232,45889.0445
1791243234,45873.6241
1791243236,45878.3709
1791243238,45880.7656
1791243240,45870.8493
1791243242,45862.4427
1791243244,45863.3576
1791243246,45865.4969
1791243248,45865.5352
1791243250,45869.6133
1791243252,45860.2649
1791243254,45864.8077
1791243256,45861.1973
1791243258,45848.6263
1791243260,45850.1427
1791243262,45846.1917
1791243264,45857.7505
1791243266,45848.1087
1791243268,45860.887
1791243270,45846.9224
1791243272,45852.1448
1791243274,45857.4991
1791243276,45863.8787
1791243278,45873.2612
1791243280,45878.2485
1791243282,45879.4739
1791243284,45893.8522
1791243286,45892.2362
1791243288,45900.4196
1791243290,45881.9492
1791243292,45884.0796
1791243294,45889.774
1791243296,45890.0968
1791243298,45872.4343
1791243300,45868.38
1791243302,45869.3107
1791243304,45873.7747
1791243306,45881.8645
1791243308,45881.6593
1791243310,45871.5541
1791243312,45853.252
1791243314,45855.5467
1791243316,45849.102
1791243318,45854.5434
1791243320,45846.2384
1791243322,45850.242
1791243324,45852.9119
1791243326,45856.0043
1791243328,45863.3686
1791243330,45872.5753
1791243332,45864.7315
1791243334,45868.6905
1791243336,45857.785
1791243338,45848.0708
1791243340,45846.0726
1791243342,45851.3917
1791243344,45851.2694
1791243346,45861.1199
1791243348,45865.6937
1791243350,45872.5958
1791243352,45878.5165
1791243354,45878.0245
1791243356,45868.4532
1791243358,45862.7369
1791243360,45869.4984
1791243362,45881.9846
1791243364,45883.9537
1791243366,45899.624
1791243368,45903.7233
1791243370,45899.3767
1791243372,45924.2495
1791243374,45934.5258
1791243376,45950.2355
1791243378,45942.468
1791243380,45945.4152
1791243382,45942.517
1791243384,45945.0054
1791243386,45940.1431
1791243388,45940.4227
1791243390,45950.5608
1791243392,45960.3586
1791243394,45970.1245
1791243396,45985.5223
1791243398,45984.792
1791243400,45973.1238
1791243402,45978.8674
1791243404,45989.3596
1791243406,45989.1167
1791243408,45992.3265
1791243410,45985.8365
1791243412,45994.7058
1791243414,45991.6467
1791243416,45983.2642
1791243418,45971.0177
1791243420,45967.0958
1791243422,45961.2953
1791243424,45956.9816
1791243426,45959.0235
1791243428,45950.2668
1791243430,45953.9871
1791243432,45947.0735
1791243434,45948.8682
1791243436,45959.7845
1791243438,45956.2207
1791243440,45947.1687
1791243442,45939.755
1791243444,45948.7677
1791243446,45957.5699
1791243448,45968.7421
1791243450,45969.0429
1791243452,45958.9637
1791243454,45945.8373
1791243456,45938.6062
1791243458,45934.2444
1791243460,45953.348
1791243462,45942.0517
1791243464,45954.0677
1791243466,45951.4476
1791243468,45945.7224
1791243470,45939.3807
1791243472,45942.7373
1791243474,45937.3019
1791243476,45941.8169
1791243478,45950.7439
1791243480,45945.5216
1791243482,45951.4036
1791243484,45945.367
1791243486,45961.7852
1791243488,45951.6146
1791243490,45951.4795
1791243492,45943.8603
1791243494,45934.0155
1791243496,45943.8807
1791243498,45933.3458
1791243500,45930.5002
1791243502,45935.8623
1791243504,45935.0943
1791243506,45923.8559
1791243508,45929.8691
1791243510,45939.0202
1791243512,45940.2225
1791243514,45945.5488
1791243516,45942.1981
1791243518,45925.1159
1791243520,45913.5159
1791243522,45898.3921
1791243524,45900.1753
1791243526,45900.7024
1791243528,45894.5706
1791243530,45888.2459
1791243532,45896.6104
1791243534,45909.6581
1791243536,45896.9121
1791243538,45888.0606
1791243540,45872.7631
1791243542,45857.08
1791243544,45850.8367
1791243546,45839.6436
1791243548,45831.5966
1791243550,45837.8122
1791243552,45831.1506
1791243554,45825.8342
1791243556,45811.8615
1791243558,45800.6913
1791243560,45799.7714
1791243562,45796.7184
1791243564,45794.2986
1791243566,45777.1393
1791243568,45778.3576
1791243570,45784.1774
1791243572,45776.4851
1791243574,45790.8037
1791243576,45780.0942
1791243578,45788.4804
1791243580,45782.7574
1791243582,45791.7863
1791243584,45805.1397
1791243586,45795.4608
1791243588,45786.3958
1791243590,45790.3481
1791243592,45773.9818
1791243594,45764.341
1791243596,45761.1955
1791243598,45771.0942
1791243600,45781.5177
1791243602,45803.226
1791243604,45798.37
1791243606,45810.7382
1791243608,45815.3974
1791243610,45811.1017
1791243612,45812.814
1791243614,45814.6448
1791243616,45824.363
1791243618,45829.4886
1791243620,45835.4389
1791243622,45817.8074
1791243624,45809.5199
1791243626,45798.0551
1791243628,45802.8677
1791243630,45796.662
1791243632,45796.4694
1791243634,45806.6989
1791243636,45799.6293
1791243638,45810.1847
1791243640,45820.7373
1791243642,45813.2745
1791243644,45809.0349
1791243646,45798.1114
1791243648,45800.5716
1791243650,45799.7222
1791243652,45798.8658
1791243654,45799.7149
1791243656,45787.3686
1791243658,45783.2774
1791243660,45787.5804
1791243662,45788.2846
1791243664,45787.6429
1791243666,45789.017
1791243668,45793.2944
1791243670,45806.6347
1791243672,45820.1854
1791243674,45827.887
1791243676,45831.3203
1791243678,45838.3151
1791243680,45837.5777
1791243682,45840.3799
1791243684,45842.9206
1791243686,45854.8272
1791243688,45853.9318
1791243690,45851.7409
1791243692,45849.9947
1791243694,45843.4985
1791243696,45839.177
1791243698,45846.1838
1791243700,45860.7005
1791243702,45865.3265
1791243704,45870.6393
1791243706,45870.6336
1791243708,45866.052
1791243710,45870.9267
1791243712,45879.3861
1791243714,45885.5318
1791243716,45895.5305
1791243718,45896.1942
1791243720,45904.9537
1791243722,45912.1292
1791243724,45908.6833
1791243726,45906.2701
1791243728,45915.076
1791243730,45899.7928
1791243732,45901.1002
1791243734,45884.4249
1791243736,45889.2994
1791243738,45896.9336
1791243740,45903.9041
1791243742,45911.9627
1791243744,45914.4352
1791243746,45914.6858
1791243748,45925.8963
1791243750,45937.1071
1791243752,45936.4859
1791243754,45949.189
1791243756,45953.0543
1791243758,45945.2635
1791243760,45944.9794
1791243762,45932.7979
1791243764,45937.8649
1791243766,45946.8578
1791243768,45960.5699
1791243770,45955.5276
1791243772,45958.0019
1791243774,45967.3944
1791243776,45973.3728
1791243778,45969.8227
1791243780,45966.8905
1791243782,45956.1285
1791243784,45951.8508
1791243786,45955.1972
1791243788,45960.4386
1791243790,45951.5372
1791243792,45965.5136
1791243794,45971.0719
1791243796,45980.04
1791243798,45987.3356
1791243800,45990.4006
1791243802,45990.2727
1791243804,45988.5893
1791243806,45989.5341
1791243808,45986.7149
1791243810,45997.6718
1791243812,45990.8424
1791243814,45985.7099
1791243816,45971.2724
1791243818,45971.3883
1791243820,45971.6128
1791243822,45974.1616
1791243824,45968.6031
1791243826,45973.2138
1791243828,45970.1129
1791243830,45982.1936
1791243832,45966.8113
1791243834,45981.0394
1791243836,45985.1285
1791243838,45988.6809
1791243840,45991.117
1791243842,45984.4804
1791243844,46000.4114
1791243846,45990.1648
1791243848,45998.3397
1791243850,46012.8519
1791243852,46024.2281
1791243854,46024.3628
1791243856,46016.733
1791243858,46016.4076
1791243860,46025.6429
1791243862,46038.9564
1791243864,46038.6478
1791243866,46041.6769
1791243868,46031.624
1791243870,46035.7881
1791243872,46035.6172
1791243874,46032.5505
1791243876,46023.5478
1791243878,46012.602
1791243880,46011.2829
1791243882,46017.6016
1791243884,46018.0964
1791243886,46021.3114
1791243888,46016.1712
1791243890,46019.0069
1791243892,46014.1888
1791243894,46011.5105
1791243896,46013.973
1791243898,46022.9011
1791243900,46027.0888
1791243902,46030.2524
1791243904,46031.2861
1791243906,46027.8468
1791243908,46015.8131
1791243910,46007.8921
1791243912,46000.0145
1791243914,45997.2914
1791243916,45992.8454
1791243918,46000.2432
1791243920,46010.0879
1791243922,46011.2539
1791243924,46016.3829
1791243926,46029.7652
1791243928,46040.3388
1791243930,46052.1144
1791243932,46059.9068
1791243934,46062.376
1791243936,46049.2929
1791243938,46040.7577
1791243940,46049.6387
1791243942,46021.1876
1791243944,46023.1137
1791243946,46016.034
1791243948,46019.0316
1791243950,46019.4807
1791243952,46021.5819
1791243954,46014.1099
1791243956,46011.7601
1791243958,46008.3699
1791243960,45999.421
1791243962,45987.8254
1791243964,46003.7191
1791243966,45999.0012
1791243968,46000.5913
1791243970,46001.01
1791243972,46010.6815
1791243974,46003.056
1791243976,45994.4528
1791243978,45993.965
1791243980,45979.018
1791243982,45975.8094
1791243984,45976.702
1791243986,45983.5824
1791243988,45993.892
1791243990,45985.4854
1791243992,45984.9764
1791243994,45979.5396
1791243996,45973.4278
1791243998,45972.0966
1791244000,45968.5549
1791244002,45990.4367
1791244004,45968.9724
1791244006,45977.0557
1791244008,45975.1232
1791244010,45984.6969
1791244012,45988.769
1791244014,45988.4266
1791244016,45996.4459
1791244018,45994.7664
1791244020,45992.3556
1791244022,45988.9325
1791244024,45980.5133
1791244026,45976.7975
1791244028,45978.0719
1791244030,45986.2446
1791244032,45993.3151
1791244034,45990.7854
1791244036,45989.7488
1791244038,46000.7841
1791244040,46000.2578
1791244042,45999.7689
1791244044,46003.0087
1791244046,45993.9126
1791244048,46001.8478
1791244050,46002.6922
1791244052,45999.4837
1791244054,46003.4699
1791244056,45996.3029
1791244058,45992.6535
1791244060,45999.7649
1791244062,46013.0659
1791244064,46005.0732
1791244066,46012.4485
1791244068,46023.9119
1791244070,46024.2266
1791244072,46020.5563
1791244074,46024.4337
1791244076,46019.1417
1791244078,46008.0914
1791244080,45999.4215
1791244082,46002.4362
1791244084,45999.3925
1791244086,46012.0032
1791244088,46012.2218
1791244090,46010.4879
1791244092,46012.6148
1791244094,46005.2813
1791244096,46003.122
1791244098,46020.0665
1791244100,46019.8641
1791244102,46021.5738
1791244104,46027.1786
1791244106,46029.877
1791244108,46027.4432
1791244110,46035.7744
1791244112,46034.6437
1791244114,46042.8589
1791244116,46051.4412
1791244118,46063.9267
1791244120,46062.4965
1791244122,46047.4758
1791244124,46011.3336
1791244126,46019.59
1791244128,46015.0707
1791244130,46024.035
1791244132,46025.3331
1791244134,46020.0271
1791244136,46027.5274
1791244138,46035.7612
1791244140,46040.4211
1791244142,46042.4854
1791244144,46038.5339
1791244146,46046.0427
1791244148,46052.8059
1791244150,46036.9059
1791244152,46030.7964
1791244154,46035.7343
1791244156,46033.9114
1791244158,46040.7173
1791244160,46037.018
1791244162,46045.3541
1791244164,46047.8426
1791244166,46039.5623
1791244168,46037.919
1791244170,46042.2118
1791244172,46037.2377
1791244174,46037.4067
1791244176,46030.8552
1791244178,46049.7221
1791244180,46050.6417
1791244182,46037.9049
1791244184,46043.2418
1791244186,46041.5522
1791244188,46041.1762
1791244190,46041.2673
1791244192,46049.034
1791244194,46056.2869
1791244196,46073.0198
1791244198,46080.1695
1791244200,46089.0167
1791244202,46076.4459
1791244204,46084.7513
1791244206,46085.8229
1791244208,46080.6371
1791244210,46068.0574
1791244212,46083.2725
1791244214,46092.1386
1791244216,46101.6713
1791244218,46093.4825
1791244220,46090.8639
1791244222,46098.7393
1791244224,46093.7912
1791244226,46095.5808
1791244228,46091.8741
1791244230,46099.7368
1791244232,46093.4268
1791244234,46092.7552
1791244236,46091.7929
1791244238,46090.1372
1791244240,46100.1129
1791244242,46091.0685
1791244244,46081.9237
1791244246,46076.0751
1791244248,46071.2674
1791244250,46071.8231
1791244252,46083.3053
1791244254,46069.9238
1791244256,46065.0392
1791244258,46071.1847
1791244260,46085.6697
1791244262,46095.3431
1791244264,46085.8817
1791244266,46084.6949
1791244268,46090.7442
1791244270,46100.5727
1791244272,46092.1281
1791244274,46111.0914
1791244276,46104.912
1791244278,46100.2629
1791244280,46105.4764
1791244282,46104.8118
1791244284,46086.1782
1791244286,46073.4233
1791244288,46084.4109
1791244290,46082.8275
1791244292,46082.1044
1791244294,46087.1133
1791244296,46082.0103
1791244298,46068.0396
1791244300,46076.214
1791244302,46065.3148
1791244304,46067.4389
1791244306,46054.4633
1791244308,46054.9155
1791244310,46062.6133
1791244312,46060.7309
1791244314,46058.064
1791244316,46051.1119
1791244318,46055.4272
1791244320,46053.794
1791244322,46053.6655
1791244324,46047.0359
1791244326,46042.5606
1791244328,46040.4033
1791244330,46021.3553
1791244332,46035.4286
1791244334,46026.1919
1791244336,46028.6801
1791244338,46035.3688
1791244340,46034.4868
1791244342,46039.141
1791244344,46031.7357
1791244346,46032.6248
1791244348,46016.284
1791244350,46014.2386
1791244352,46017.1798
1791244354,46016.8362
1791244356,46021.81
1791244358,46013.7471
1791244360,46009.4868
1791244362,46016.2967
1791244364,46023.164
1791244366,46014.0172
1791244368,46004.0313
1791244370,46012.5312
1791244372,46008.543
1791244374,45994.9856
1791244376,45994.6824
1791244378,45983.9321
1791244380,45973.6673
1791244382,45958.9771
1791244384,45965.3572
1791244386,45957.9821
1791244388,45961.151
1791244390,45952.6331
1791244392,45952.092
1791244394,45937.2603
1791244396,45924.7384
1791244398,45919.0796
1791244400,45917.429
1791244402,45920.6391
1791244404,45911.1156
1791244406,45919.571
1791244408,45906.8455
1791244410,45893.1639
1791244412,45899.3603
1791244414,45882.0354
1791244416,45889.1189
1791244418,45884.83
1791244420,45896.4487
1791244422,45884.8398
1791244424,45883.4046
1791244426,45882.3947
1791244428,45885.5709
1791244430,45881.1455
1791244432,45886.0013
1791244434,45883.0066
1791244436,45886.178
1791244438,45884.1579
1791244440,45876.3032
1791244442,45869.1508
1791244444,45863.8493
1791244446,45864.6657
1791244448,45872.1176
1791244450,45868.5876
1791244452,45887.6294
1791244454,45885.0578
1791244456,45888.9952
1791244458,45889.0335
1791244460,45896.4549
1791244462,45892.745
1791244464,45881.707
1791244466,45883.9627
1791244468,45877.6374
1791244470,45874.6965
1791244472,45878.4649
1791244474,45862.8201
1791244476,45850.3315
1791244478,45841.0511
1791244480,45834.4043
1791244482,45833.6483
1791244484,45827.1097
1791244486,45811.5628
1791244488,45813.3477
1791244490,45814.2989
1791244492,45813.0806
1791244494,45805.5763
1791244496,45816.5679
1791244498,45825.3521
1791244500,45832.3444
1791244502,45830.2798
1791244504,45815.5591
1791244506,45823.0286
1791244508,45825.5942
1791244510,45824.412
1791244512,45835.6268
1791244514,45843.0146
1791244516,45846.1847
1791244518,45855.9746
1791244520,45860.0356
1791244522,45865.9684
1791244524,45860.8544
1791244526,45864.4942
1791244528,45861.4961
1791244530,45865.4583
1791244532,45870.5707
1791244534,45869.9341
1791244536,45858.1627
1791244538,45876.009
1791244540,45874.4625
1791244542,45874.2456
1791244544,45872.4377
1791244546,45877.2932
1791244548,45876.3082
1791244550,45891.1812
1791244552,45892.3301
1791244554,45900.53
1791244556,45904.8475
1791244558,45897.0053
1791244560,45878.7243
1791244562,45873.8934
1791244564,45864.5679
1791244566,45857.5994
1791244568,45858.0287
1791244570,45862.2718
1791244572,45857.467
1791244574,45855.7254
1791244576,45852.2327
1791244578,45856.4879
1791244580,45851.3158
1791244582,45834.6865
1791244584,45826.5924
1791244586,45829.2126
1791244588,45837.411
1791244590,45836.4177
1791244592,45818.2
1791244594,45813.9861
1791244596,45804.9384
1791244598,45804.9449
1791244600,45799.7838
1791244602,45797.2054
1791244604,45795.5125
1791244606,45802.0522
1791244608,45808.5556
1791244610,45806.2087
1791244612,45795.0432
1791244614,45803.6889
1791244616,45805.7778
1791244618,45806.2593
1791244620,45816.3684
1791244622,45808.9511
1791244624,45817.4237
1791244626,45823.4857
1791244628,45816.2055
1791244630,45809.3504
1791244632,45807.3604
1791244634,45804.4299
1791244636,45801.1513
1791244638,45796.9913
1791244640,45798.3762
1791244642,45798.0656
1791244644,45807.6521
1791244646,45803.303
1791244648,45807.3627
1791244650,45814.9299
1791244652,45799.8017
1791244654,45802.2956
1791244656,45799.3252
1791244658,45786.5647
1791244660,45781.813
1791244662,45779.9379
1791244664,45776.6948
1791244666,45775.9919
1791244668,45772.1725
1791244670,45778.2737
1791244672,45787.0547
1791244674,45783.4673
1791244676,45783.2363
1791244678,45775.1578
1791244680,45765.9888
1791244682,45769.1749
1791244684,45760.3295
1791244686,45754.5901
1791244688,45748.7997
1791244690,45745.9998
1791244692,45730.3342
1791244694,45721.8533
1791244696,45718.7841
1791244698,45718.2619
1791244700,45718.7862
1791244702,45725.3811
1791244704,45730.7666
1791244706,45739.1598
1791244708,45742.2536
1791244710,45743.8708
1791244712,45742.4356
1791244714,45749.1827
1791244716,45751.0489
1791244718,45770.6904
1791244720,45772.0234
1791244722,45784.3813
1791244724,45786.1975
1791244726,45784.703
1791244728,45769.9301
1791244730,45762.5217
1791244732,45769.4426
1791244734,45773.8542
1791244736,45776.077
1791244738,45764.952
1791244740,45760.845
1791244742,45761.0684
1791244744,45765.1954
1791244746,45770.2698
1791244748,45761.7778
1791244750,45759.3674
1791244752,45760.8775
1791244754,45757.8386
1791244756,45755.963
1791244758,45750.8275
1791244760,45747.0156
1791244762,45735.6785
1791244764,45725.4764
1791244766,45733.9087
1791244768,45734.9411
1791244770,45725.617
1791244772,45730.0626
1791244774,45719.9903
1791244776,45715.737
1791244778,45711.6966
1791244780,45710.8237
1791244782,45701.8518
1791244784,45697.1772
1791244786,45685.2546
1791244788,45684.6115
1791244790,45697.1445
1791244792,45708.4919
1791244794,45717.2083
1791244796,45708.375
1791244798,45719.2128
1791244800,45720.6125
1791244802,45718.5827
1791244804,45730.0009
1791244806,45733.5887
1791244808,45746.4305
1791244810,45747.1331
1791244812,45757.9254
1791244814,45742.8874
1791244816,45744.7184
1791244818,45742.9457
1791244820,45747.8953
1791244822,45745.3599
1791244824,45761.6109
1791244826,45765.2309
1791244828,45762.7011
1791244830,45761.0218
1791244832,45750.711
1791244834,45751.2954
1791244836,45756.1108
1791244838,45750.3312
1791244840,45746.8594
1791244842,45750.5149
1791244844,45756.7687
1791244846,45768.5802
1791244848,45750.3169
1791244850,45736.9914
1791244852,45737.9359
1791244854,45727.5965
1791244856,45738.5685
1791244858,45738.8258
1791244860,45740.1398
1791244862,45738.0151
1791244864,45746.5259
1791244866,45739.2433
1791244868,45741.8242
1791244870,45743.4821
1791244872,45759.1998
1791244874,45757.0216
1791244876,45757.0875
1791244878,45748.5111
1791244880,45750.577
1791244882,45756.0159
1791244884,45771.9632
1791244886,45768.9979
1791244888,45758.9068
1791244890,45758.3706
1791244892,45735.1847
1791244894,45745.9471
1791244896,45751.5906
1791244898,45743.0225
1791244900,45741.2628
1791244902,45739.9301
1791244904,45726.2106
1791244906,45729.4156
1791244908,45726.5912
1791244910,45732.5835
1791244912,45736.907
1791244914,45729.7004
1791244916,45722.2446
1791244918,45720.7467
1791244920,45722.4898
1791244922,45718.9326
1791244924,45701.1587
1791244926,45704.0842
1791244928,45708.152
1791244930,45695.6596
1791244932,45685.8287
1791244934,45681.2347
1791244936,45685.3951
1791244938,45672.3733
1791244940,45671.8199
1791244942,45669.9657
1791244944,45663.331
1791244946,45664.4871
1791244948,45660.2468
1791244950,45664.659
1791244952,45654.524
1791244954,45646.3514
1791244956,45650.9854
1791244958,45654.7304
1791244960,45657.2176
1791244962,45633.128
1791244964,45634.4622
1791244966,45626.9375
1791244968,45638.1545
1791244970,45634.8494
1791244972,45642.2052
1791244974,45640.0745
1791244976,45641.1243
1791244978,45636.8937
1791244980,45643.309
1791244982,45643.9548
1791244984,45662.992
1791244986,45657.2053
1791244988,45636.2503
1791244990,45624.6262
1791244992,45630.2977
1791244994,45632.9636
1791244996,45632.6564
1791244998,45628.8467
1791245000,45623.6537
1791245002,45609.1866
1791245004,45617.5687
1791245006,45599.7121
1791245008,45602.6708
1791245010,45587.8801
1791245012,45572.3806
1791245014,45583.2808
1791245016,45577.0044
1791245018,45581.4022
1791245020,45568.3806
1791245022,45563.1374
1791245024,45556.8292
1791245026,45556.2047
1791245028,45552.4702
1791245030,45557.2817
1791245032,45551.6539
1791245034,45547.273
1791245036,45547.2159
1791245038,45540.7164
1791245040,45535.4434
1791245042,45533.7352
1791245044,45545.6058
1791245046,45554.8879
1791245048,45551.8119
1791245050,45545.3687
1791245052,45545.6385
1791245054,45532.7545
1791245056,45528.7689
1791245058,45520.5866
1791245060,45509.1816
1791245062,45511.7841
1791245064,45513.4841
1791245066,45519.9231
1791245068,45513.1442
1791245070,45515.9227
1791245072,45506.6457
1791245074,45508.1157
1791245076,45508.7531
1791245078,45509.8059
1791245080,45498.0771
1791245082,45498.2839
1791245084,45504.274
1791245086,45511.0288
1791245088,45503.029
1791245090,45502.751
1791245092,45494.8109
1791245094,45509.3209
1791245096,45513.7477
1791245098,45535.0495
1791245100,45546.3233
1791245102,45539.4822
1791245104,45530.4649
1791245106,45518.9137
1791245108,45515.6431
1791245110,45508.3472
1791245112,45500.0934
1791245114,45515.9468
1791245116,45515.8194
1791245118,45524.1172
1791245120,45535.4381
1791245122,45526.5082
1791245124,45525.296
1791245126,45528.4037
1791245128,45532.1328
1791245130,45523.2505
1791245132,45533.6876
1791245134,45533.9902
1791245136,45543.2574
1791245138,45528.5223
1791245140,45512.1777
1791245142,45511.1795
1791245144,45517.9769
1791245146,45524.4523
1791245148,45525.018
1791245150,45514.1744
1791245152,45525.8991
1791245154,45527.7676
1791245156,45537.3342
1791245158,45540.3705
1791245160,45537.183
1791245162,45526.832
1791245164,45514.1998
1791245166,45519.9166
1791245168,45523.0658
1791245170,45514.7837
1791245172,45513.1281
1791245174,45515.9833
1791245176,45511.7697
1791245178,45498.0766
1791245180,45491.5206
1791245182,45493.6122
1791245184,45485.5316
1791245186,45486.8871
1791245188,45494.7445
1791245190,45496.4323
1791245192,45481.5217
1791245194,45476.0119
1791245196,45473.0557
1791245198,45478.1668
1791245200,45474.2321
1791245202,45484.3469
1791245204,45485.1418
1791245206,45483.8482
1791245208,45482.5845
1791245210,45480.3641
1791245212,45486.5501
1791245214,45480.8238
1791245216,45469.206
1791245218,45465.4768
1791245220,45473.0317
1791245222,45484.3431
1791245224,45488.3559
1791245226,45486.2169
1791245228,45486.7877
1791245230,45495.7151
1791245232,45514.008
1791245234,45520.4881
1791245236,45519.3829
1791245238,45519.769
1791245240,45522.979
1791245242,45526.0409
1791245244,45532.7271
1791245246,45545.3915
1791245248,45553.3089
1791245250,45544.8978
1791245252,45543.9091
1791245254,45539.46
1791245256,45538.7254
1791245258,45522.936
1791245260,45520.2172
1791245262,45519.508
1791245264,45505.0761
1791245266,45486.1293
1791245268,45492.8565
1791245270,45496.992
1791245272,45505.817
1791245274,45499.24
1791245276,45512.6729
1791245278,45512.593
1791245280,45516.5279
1791245282,45520.834
1791245284,45516.1938
1791245286,45511.7044
1791245288,45511.9889
1791245290,45519.0506
1791245292,45516.9691
1791245294,45525.103
1791245296,45529.9408
1791245298,45540.4377
1791245300,45533.515
1791245302,45547.6826
1791245304,45548.411
1791245306,45552.4624
1791245308,45554.3579
1791245310,45568.009
1791245312,45577.0781
1791245314,45584.3395
1791245316,45573.2994
1791245318,45558.4877
1791245320,45552.3619
1791245322,45541.3882
1791245324,45542.221
1791245326,45547.8755
1791245328,45554.0097
1791245330,45551.9712
1791245332,45549.3949
1791245334,45543.1215
1791245336,45530.2425
1791245338,45524.6587
1791245340,45517.4713
1791245342,45523.0514
1791245344,45525.8107
1791245346,45536.0605
1791245348,45537.4944
1791245350,45547.5204
1791245352,45541.4685
1791245354,45538.341
1791245356,45543.2006
1791245358,45537.0944
1791245360,45541.5556
1791245362,45550.9925
1791245364,45551.2173
1791245366,45554.3506
1791245368,45552.984
1791245370,45547.5306
1791245372,45552.2185
1791245374,45571.2347
1791245376,45562.443
1791245378,45563.6607
1791245380,45555.3247
1791245382,45553.3395
1791245384,45542.3161
1791245386,45544.3645
1791245388,45536.2867
1791245390,45546.759
1791245392,45549.2443
1791245394,45541.4165
1791245396,45543.1896
1791245398,45550.3303
1791245400,45547.0396
1791245402,45555.4038
1791245404,45545.8464
1791245406,45543.4424
1791245408,45542.8209
1791245410,45543.5915
1791245412,45533.5871
1791245414,45519.5851
1791245416,45510.9061
1791245418,45511.7236
1791245420,45503.4689
1791245422,45477.2995
1791245424,45474.8544
1791245426,45474.8311
1791245428,45479.7211
1791245430,45478.2374
1791245432,45485.5344
1791245434,45490.4912
1791245436,45505.0491
1791245438,45494.0731
1791245440,45498.5266
1791245442,45483.0347
1791245444,45498.9741
1791245446,45505.5484
1791245448,45495.7903
1791245450,45511.0346
1791245452,45511.847
1791245454,45526.8746
1791245456,45521.1272
1791245458,45516.5301
1791245460,45528.9544
1791245462,45522.4315
1791245464,45525.9564
1791245466,45531.2329
1791245468,45551.3886
1791245470,45561.7438
1791245472,45568.9156
1791245474,45572.8508
1791245476,45568.8576
1791245478,45563.555
1791245480,45550.2547
1791245482,45541.053
1791245484,45546.5794
1791245486,45543.6151
1791245488,45546.7376
1791245490,45534.6519
1791245492,45543.8134
1791245494,45542.1242
1791245496,45520.9525
1791245498,45517.7901
1791245500,45507.1907
1791245502,45503.0363
1791245504,45496.8055
1791245506,45494.6341
1791245508,45497.5087
1791245510,45505.1209
1791245512,45513.3475
1791245514,45521.531
1791245516,45519.8636
1791245518,45514.2053
1791245520,45497.6071
1791245522,45477.2403
1791245524,45464.5342
1791245526,45464.063
1791245528,45462.9069
1791245530,45465.4647
1791245532,45462.5048
1791245534,45476.1019
1791245536,45484.5659
1791245538,45478.5063
1791245540,45487.2728
1791245542,45506.6284
1791245544,45494.4047
1791245546,45476.202
1791245548,45463.9583
1791245550,45461.5572
1791245552,45458.3304
1791245554,45449.7587
1791245556,45444.0755
1791245558,45455.2877
1791245560,45443.6114
1791245562,45463.9495
1791245564,45468.1842
1791245566,45458.4423
1791245568,45457.2043
1791245570,45464.6299
1791245572,45462.2671
1791245574,45469.3533
1791245576,45471.3117
1791245578,45470.2384
1791245580,45466.1457
1791245582,45459.6237
1791245584,45463.6726
1791245586,45466.5861
1791245588,45458.5254
1791245590,45454.5525
1791245592,45456.857
1791245594,45463.7611
1791245596,45465.6424
1791245598,45455.038
1791245600,45468.4232
1791245602,45473.3123
1791245604,45481.5431
1791245606,45493.1325
1791245608,45497.1077
1791245610,45495.3482
1791245612,45481.9111
1791245614,45492.267
1791245616,45502.7244
1791245618,45492.4294
1791245620,45479.4457
1791245622,45481.0433
1791245624,45474.8713
1791245626,45485.8627
1791245628,45478.4916
1791245630,45480.7813
1791245632,45477.5894
1791245634,45464.0838
1791245636,45452.7675
1791245638,45447.942
1791245640,45447.4731
1791245642,45452.2579
1791245644,45456.6244
1791245646,45439.3273
1791245648,45437.1362
1791245650,45430.0686
1791245652,45440.3281
1791245654,45453.6955
1791245656,45448.1198
1791245658,45449.2554
1791245660,45459.1463
1791245662,45464.4505
1791245664,45460.7449
1791245666,45465.0244
1791245668,45464.1919
1791245670,45460.7828
1791245672,45469.9692
1791245674,45470.6741
1791245676,45473.7694
1791245678,45476.8088
1791245680,45473.6654
1791245682,45482.2667
1791245684,45499.4825
1791245686,45501.6496
1791245688,45490.3312
1791245690,45490.5784
1791245692,45491.3913
1791245694,45490.2589
1791245696,45499.3406
1791245698,45496.4436
1791245700,45488.8661
1791245702,45484.855
1791245704,45480.2868
1791245706,45486.4019
1791245708,45490.2119
1791245710,45494.1192
1791245712,45504.32
1791245714,45515.1118
1791245716,45508.2891
1791245718,45505.4129
1791245720,45502.3544
1791245722,45503.3196
1791245724,45501.9686
1791245726,45506.9552
1791245728,45505.6829
1791245730,45505.7116
1791245732,45515.3123
1791245734,45517.2213
1791245736,45513.6504
1791245738,45514.6929
1791245740,45517.142
1791245742,45506.6119
1791245744,45511.6256
1791245746,45506.6895
1791245748,45495.4527
1791245750,45501.6265
1791245752,45492.3837
1791245754,45508.9942
1791245756,45516.4174
1791245758,45529.7144
1791245760,45522.3596
1791245762,45518.9088
1791245764,45505.8671
1791245766,45497.8655
1791245768,45480.2828
1791245770,45487.3016
1791245772,45494.656
1791245774,45476.9916
1791245776,45461.3157
1791245778,45472.5777
1791245780,45482.0784
1791245782,45480.959
1791245784,45474.5788
1791245786,45477.2865
1791245788,45485.1631
1791245790,45493.8989
1791245792,45499.0991
1791245794,45500.1442
1791245796,45496.4498
1791245798,45492.3719
1791245800,45486.5584
1791245802,45486.9098
1791245804,45478.4512
1791245806,45460.475
1791245808,45453.0115
1791245810,45451.8034
1791245812,45451.7155
1791245814,45461.3178
1791245816,45468.7043
1791245818,45472.8262
1791245820,45470.9453
1791245822,45463.918
1791245824,45471.7643
1791245826,45462.5508
1791245828,45469.6557
1791245830,45462.5733
1791245832,45463.3399
1791245834,45464.0212
1791245836,45462.3935
1791245838,45460.8066
1791245840,45469.847
1791245842,45475.2027
1791245844,45476.3079
1791245846,45481.7467
1791245848,45481.8009
1791245850,45479.9028
1791245852,45486.1451
1791245854,45482.7366
1791245856,45480.1516
1791245858,45475.2664
1791245860,45456.5817
1791245862,45456.4103
1791245864,45454.6397
1791245866,45457.1927
1791245868,45446.6181
1791245870,45452.4749
1791245872,45450.3418
1791245874,45446.0066
1791245876,45440.7183
1791245878,45411.7442
1791245880,45407.5243
1791245882,45405.6263
1791245884,45388.7982
1791245886,45394.4528
1791245888,45403.5257
1791245890,45388.784
1791245892,45386.4598
1791245894,45384.8772
1791245896,45404.4117
1791245898,45399.2197
1791245900,45402.881
1791245902,45396.5777
1791245904,45388.0224
1791245906,45386.2859
1791245908,45387.4369
1791245910,45386.7621
1791245912,45382.7028
1791245914,45374.606
1791245916,45368.2546
1791245918,45371.4841
1791245920,45366.6074
1791245922,45358.6487
1791245924,45356.1351
1791245926,45360.1346
1791245928,45358.821
1791245930,45345.3286
1791245932,45335.9955
1791245934,45332.8316
1791245936,45328.5072
1791245938,45316.566
1791245940,45331.1551
1791245942,45320.9104
1791245944,45315.161
1791245946,45308.6583
1791245948,45292.2684
1791245950,45288.8572
1791245952,45280.6255
1791245954,45274.9813
1791245956,45293.5419
1791245958,45300.6676
1791245960,45308.6873
1791245962,45294.0911
1791245964,45288.9562
1791245966,45278.9575
1791245968,45297.4994
1791245970,45290.0955
1791245972,45288.5621
1791245974,45302.1509
1791245976,45297.3017
1791245978,45302.0099
1791245980,45300.0994
1791245982,45304.2644
1791245984,45309.5399
1791245986,45310.7505
1791245988,45312.8109
1791245990,45323.9219
1791245992,45321.4247
1791245994,45322.9212
1791245996,45325.9308
1791245998,45331.6757
1791246000,45333.6966
1791246002,45348.4575
1791246004,45352.4689
1791246006,45346.3459
1791246008,45342.6265
1791246010,45348.7661
1791246012,45335.8579
1791246014,45333.5578
1791246016,45347.7155
1791246018,45336.0738
1791246020,45325.9538
1791246022,45336.7128
1791246024,45335.3135
1791246026,45331.6912
1791246028,45339.5417
1791246030,45336.8009
1791246032,45352.9544
1791246034,45358.1043
1791246036,45353.5695
1791246038,45358.4956
1791246040,45357.717
1791246042,45365.1659
1791246044,45377.0034
1791246046,45382.3628
1791246048,45399.2626
1791246050,45397.6264
1791246052,45398.1915
1791246054,45405.3516
1791246056,45403.9934
1791246058,45409.0486
1791246060,45417.0285
1791246062,45412.3892
1791246064,45417.9053
1791246066,45410.637
1791246068,45419.7317
1791246070,45406.1206
1791246072,45412.2093
1791246074,45418.771
1791246076,45417.1282
1791246078,45428.4875
1791246080,45415.3369
1791246082,45424.5752
1791246084,45422.2753
1791246086,45430.4471
1791246088,45428.4302
1791246090,45432.0965
1791246092,45420.9245
1791246094,45430.908
1791246096,45423.8663
1791246098,45422.1646
1791246100,45423.633
1791246102,45431.9155
1791246104,45433.5001
1791246106,45434.9855
1791246108,45443.1299
1791246110,45430.4431
1791246112,45437.6177
1791246114,45445.9703
1791246116,45460.0092
1791246118,45475.4053
1791246120,45468.6851
1791246122,45454.8215
1791246124,45465.5933
1791246126,45453.9692
1791246128,45454.4886
1791246130,45451.397
1791246132,45466.0279
1791246134,45463.3115
1791246136,45440.9948
1791246138,45451.9531
1791246140,45449.683
1791246142,45438.2911
1791246144,45433.8569
1791246146,45438.979
1791246148,45421.4767
1791246150,45414.9396
1791246152,45412.5286
1791246154,45413.6323
1791246156,45409.4659
1791246158,45403.5848
1791246160,45406.2907
1791246162,45398.3936
1791246164,45389.4315
1791246166,45391.0227
1791246168,45383.6868
1791246170,45377.2545
1791246172,45369.1816
1791246174,45354.0151
1791246176,45364.2847
1791246178,45359.349
1791246180,45363.6088
1791246182,45374.8265
1791246184,45367.7458
1791246186,45375.0719
1791246188,45377.6073
1791246190,45379.4665
1791246192,45392.9917
1791246194,45387.472
1791246196,45402.0698
1791246198,45394.3932
1791246200,45397.387
1791246202,45411.3216
1791246204,45412.291
1791246206,45414.6659
1791246208,45401.8338
1791246210,45407.4349
1791246212,45413.4707
1791246214,45401.8028
1791246216,45398.789
1791246218,45395.7989
1791246220,45394.5616
1791246222,45396.6357
1791246224,45382.052
1791246226,45368.9332
1791246228,45367.7889
1791246230,45384.7055
1791246232,45379.7684
1791246234,45365.5657
1791246236,45353.7822
1791246238,45346.9593
1791246240,45337.3638
1791246242,45344.4836
1791246244,45350.9791
1791246246,45372.9724
1791246248,45380.2125
1791246250,45377.2624
1791246252,45369.0991
1791246254,45372.1026
1791246256,45367.8317
1791246258,45365.0153
1791246260,45371.1853
1791246262,45376.8647
1791246264,45373.3389
1791246266,45379.7552
1791246268,45375.0098
1791246270,45366.3625
1791246272,45360.033
1791246274,45359.8193
1791246276,45356.2741
1791246278,45351.1329
1791246280,45344.9467
1791246282,45342.0509
1791246284,45347.5653
1791246286,45348.0977
1791246288,45362.1923
1791246290,45349.6418
1791246292,45334.1916
1791246294,45334.3462
1791246296,45336.4045
1791246298,45326.3124
1791246300,45327.386
1791246302,45343.7113
1791246304,45352.2338
1791246306,45356.1604
1791246308,45365.0835
1791246310,45369.1006
1791246312,45382.6192
1791246314,45370.313
1791246316,45381.4641
1791246318,45371.1604
1791246320,45374.2158
1791246322,45356.0284
1791246324,45352.8409
1791246326,45344.9069
1791246328,45341.0887
1791246330,45336.2609
1791246332,45341.4821
1791246334,45330.6988
1791246336,45334.0537
1791246338,45344.5809
1791246340,45336.1814
1791246342,45344.2896
1791246344,45351.1962
1791246346,45348.5168
1791246348,45331.9024
1791246350,45333.4379
1791246352,45338.2005
1791246354,45337.0939
1791246356,45347.7296
1791246358,45347.287
1791246360,45347.4899
1791246362,45349.7725
1791246364,45359.0212
1791246366,45355.9759
1791246368,45340.8343
1791246370,45348.7418
1791246372,45332.545
1791246374,45328.4891
1791246376,45327.4244
1791246378,45333.3507
1791246380,45315.2936
1791246382,45308.5532
1791246384,45315.0402
1791246386,45303.8992
1791246388,45294.8912
1791246390,45290.5753
1791246392,45288.5538
1791246394,45282.1813
1791246396,45275.3895
1791246398,45280.2833
1791246400,45276.9518
1791246402,45269.5051
1791246404,45266.4566
1791246406,45276.2007
1791246408,45269.8509
1791246410,45261.9808
1791246412,45262.1304
1791246414,45274.9737
1791246416,45267.6544
1791246418,45274.2195
1791246420,45279.0318
1791246422,45277.7321
1791246424,45272.9534
1791246426,45268.1869
1791246428,45269.2675
1791246430,45265.1984
1791246432,45260.7045
1791246434,45279.5864
1791246436,45281.833
1791246438,45289.482
1791246440,45278.0158
1791246442,45265.8115
1791246444,45256.7377
1791246446,45258.9119
1791246448,45262.1903
1791246450,45255.3014
1791246452,45246.387
1791246454,45247.4306
1791246456,45231.2218
1791246458,45235.7951
1791246460,45248.3186
1791246462,45251.3686
1791246464,45257.2982
1791246466,45251.4403
1791246468,45238.4043
1791246470,45245.7542
1791246472,45249.712
1791246474,45245.6152
1791246476,45234.1556
1791246478,45237.108
1791246480,45241.6815
1791246482,45251.5356
1791246484,45246.7052
1791246486,45246.0525
1791246488,45254.455
1791246490,45253.7177
1791246492,45265.0232
1791246494,45258.525
1791246496,45254.6058
1791246498,45253.0238
1791246500,45261.3024
1791246502,45261.2566
1791246504,45250.3023
1791246506,45245.52
1791246508,45251.7618
1791246510,45248.0748
1791246512,45246.2014
1791246514,45240.5948
1791246516,45227.171
1791246518,45229.9645
1791246520,45221.2804
1791246522,45216.2742
1791246524,45204.7796
1791246526,45191.5236
1791246528,45213.4477
1791246530,45212.7436
1791246532,45225.5501
1791246534,45221.1567
1791246536,45218.3648
1791246538,45222.0892
1791246540,45219.935
1791246542,45211.5261
1791246544,45207.4946
1791246546,45212.582
1791246548,45223.2874
1791246550,45233.5442
1791246552,45230.6295
1791246554,45236.1072
1791246556,45245.9524
1791246558,45257.8111
1791246560,45245.4953
1791246562,45245.119
1791246564,45237.0044
1791246566,45219.0556
1791246568,45230.4896
1791246570,45231.6898
1791246572,45227.8962
1791246574,45229.191
1791246576,45223.6797
1791246578,45225.4
1791246580,45223.3684
1791246582,45207.5259
1791246584,45192.6727
1791246586,45193.6973
1791246588,45206.3653
1791246590,45213.2633
1791246592,45226.3761
1791246594,45221.5708
1791246596,45226.4717
1791246598,45227.1958
1791246600,45229.1103
1791246602,45230.2057
1791246604,45223.0908
1791246606,45216.8472
1791246608,45210.1873
1791246610,45199.1806
1791246612,45204.5491
1791246614,45202.2172
1791246616,45195.8435
1791246618,45191.5098
1791246620,45187.605
1791246622,45192.5906
1791246624,45200.7163
1791246626,45200.2267
1791246628,45204.8626
1791246630,45201.0357
1791246632,45199.7369
1791246634,45199.2079
1791246636,45186.6341
1791246638,45181.8494
1791246640,45189.2001
1791246642,45196.1172
1791246644,45198.2658
1791246646,45196.6478
1791246648,45194.4299
1791246650,45197.0217
1791246652,45181.6815
1791246654,45186.0163
1791246656,45196.5145
1791246658,45190.6339
1791246660,45186.6991
1791246662,45186.0288
1791246664,45194.4953
1791246666,45206.5668
1791246668,45194.2854
1791246670,45186.7463
1791246672,45187.6696
1791246674,45205.4176
1791246676,45199.2151
1791246678,45215.5429
1791246680,45218.7321
1791246682,45212.6289
1791246684,45203.0273
1791246686,45194.5904
1791246688,45197.6264
1791246690,45192.5189
1791246692,45180.2257
1791246694,45169.3604
1791246696,45167.3244
1791246698,45160.058
1791246700,45160.6524
1791246702,45173.5687
1791246704,45175.2371
1791246706,45177.0387
1791246708,45166.0496
1791246710,45172.6683
1791246712,45177.0704
1791246714,45180.1816
1791246716,45188.0448
1791246718,45180.41
1791246720,45178.5204
1791246722,45198.2608
1791246724,45193.0367
1791246726,45187.2257
1791246728,45184.5554
1791246730,45191.3299
1791246732,45196.4902
1791246734,45198.3313
1791246736,45190.3088
1791246738,45193.537
1791246740,45186.5729
1791246742,45180.0289
1791246744,45186.1957
1791246746,45178.3498
1791246748,45166.7895
1791246750,45171.166
1791246752,45155.8088
1791246754,45162.4714
1791246756,45162.3687
1791246758,45175.2057
1791246760,45180.664
1791246762,45177.0261
1791246764,45181.9648
1791246766,45190.1352
1791246768,45181.4878
1791246770,45188.6002
1791246772,45186.8352
1791246774,45200.6327
1791246776,45184.2053
1791246778,45196.0921
1791246780,45195.8028
1791246782,45188.0036
1791246784,45189.4167
1791246786,45179.665
1791246788,45185.4072
1791246790,45186.0909
1791246792,45197.0405
1791246794,45203.3598
1791246796,45206.2259
1791246798,45204.5481
1791246800,45205.58
1791246802,45211.5026
1791246804,45223.0874
1791246806,45226.7957
1791246808,45216.9734
1791246810,45211.8883
1791246812,45215.6243
1791246814,45235.0155
1791246816,45236.6072
1791246818,45230.5943
1791246820,45229.1663
1791246822,45229.9288
1791246824,45234.3577
1791246826,45239.7521
1791246828,45232.76
1791246830,45251.521
1791246832,45259.4449
1791246834,45245.5978
1791246836,45250.6299
1791246838,45251.5017
1791246840,45248.6461
1791246842,45245.8379
1791246844,45250.0977
1791246846,45257.9214
1791246848,45258.102
1791246850,45263.3685
1791246852,45269.0052
1791246854,45264.06
1791246856,45274.8917
1791246858,45293.2632
1791246860,45286.0958
1791246862,45289.7075
1791246864,45289.9095
1791246866,45292.2156
1791246868,45295.6268
1791246870,45306.1314
1791246872,45317.6528
1791246874,45309.4937
1791246876,45302.3212
1791246878,45293.6632
1791246880,45294.9113
1791246882,45290.9994
1791246884,45295.3587
1791246886,45297.9903
1791246888,45294.3022
1791246890,45310.8243
1791246892,45322.7131
1791246894,45324.3447
1791246896,45327.3638
1791246898,45330.6876
1791246900,45328.3875
1791246902,45338.1382
1791246904,45351.1275
1791246906,45356.2499
1791246908,45356.5361
1791246910,45354.8388
1791246912,45351.1908
1791246914,45350.2186
1791246916,45350.6554
1791246918,45353.1978
1791246920,45363.472
1791246922,45350.7215
1791246924,45356.4223
1791246926,45350.6867
1791246928,45357.4238
1791246930,45385.1195
1791246932,45374.2429
1791246934,45393.3146
1791246936,45398.311
1791246938,45389.953
1791246940,45391.9554
1791246942,45381.1414
1791246944,45377.5626
1791246946,45385.6471
1791246948,45387.2434
1791246950,45385.1421
1791246952,45380.6935
1791246954,45383.2932
1791246956,45388.1982
1791246958,45395.1522
1791246960,45391.7116
1791246962,45390.893
1791246964,45408.9795
1791246966,45407.4315
1791246968,45408.6228
1791246970,45416.5947
1791246972,45406.2157
1791246974,45405.1133
1791246976,45398.7592
1791246978,45401.1686
1791246980,45399.3725
1791246982,45408.9877
1791246984,45403.6008
1791246986,45411.553
1791246988,45416.6545
1791246990,45420.1789
1791246992,45410.2053
1791246994,45408.5239
1791246996,45403.8621
1791246998,45402.114
1791247000,45402.7713
1791247002,45397.4877
1791247004,45392.3032
1791247006,45407.877
1791247008,45412.8913
1791247010,45414.6901
1791247012,45423.2875
1791247014,45419.3282
1791247016,45430.3401
1791247018,45433.2106
1791247020,45439.075
1791247022,45440.9705
1791247024,45421.2804
1791247026,45413.7853
1791247028,45410.7788
1791247030,45411.8706
1791247032,45413.3485
1791247034,45405.6142
1791247036,45401.0712
1791247038,45394.8536
1791247040,45391.0691
1791247042,45394.7245
1791247044,45405.9953
1791247046,45396.6868
1791247048,45394.8423
1791247050,45392.971
1791247052,45390.8936
1791247054,45386.6971
1791247056,45393.9171
1791247058,45385.6307
1791247060,45395.3155
1791247062,45396.5161
1791247064,45408.0918
1791247066,45413.566
1791247068,45420.014
1791247070,45433.8135
1791247072,45432.8756
1791247074,45444.166
1791247076,45442.7014
1791247078,45437.7158
1791247080,45427.7211
1791247082,45431.1847
1791247084,45421.1428
1791247086,45417.8964
1791247088,45411.0401
1791247090,45406.7256
1791247092,45398.8305
1791247094,45400.4423
1791247096,45398.7886
1791247098,45395.4337
1791247100,45390.0973
1791247102,45394.4348
1791247104,45389.002
1791247106,45381.2516
1791247108,45401.1829
1791247110,45397.6413
1791247112,45387.1145
1791247114,45381.7762
1791247116,45388.4984
1791247118,45384.8085
1791247120,45384.966
1791247122,45400.2058
1791247124,45403.4227
1791247126,45395.6564
1791247128,45393.2172
1791247130,45396.0103
1791247132,45390.7089
1791247134,45388.8149
1791247136,45384.3141
1791247138,45393.4899
1791247140,45396.4842
1791247142,45404.7996
1791247144,45408.1207
1791247146,45408.2939
1791247148,45420.0276
1791247150,45422.0039
1791247152,45421.6393
1791247154,45428.5069
1791247156,45423.5145
1791247158,45421.7167
1791247160,45424.3991
1791247162,45436.6434
1791247164,45413.608
1791247166,45431.6659
1791247168,45424.8446
1791247170,45433.8322
1791247172,45430.9062
1791247174,45421.0694
1791247176,45423.8549
1791247178,45411.5125
1791247180,45411.3859
1791247182,45406.9024
1791247184,45412.4424
1791247186,45400.6988
1791247188,45394.0747
1791247190,45389.0105
1791247192,45382.5002
1791247194,45388.4263
1791247196,45391.7581
1791247198,45382.6815
1791247200,45383.1501
1791247202,45392.6432
1791247204,45394.0617
1791247206,45381.2893
1791247208,45378.8675
1791247210,45374.0017
1791247212,45370.4467
1791247214,45360.786
1791247216,45355.3662
1791247218,45355.6892
1791247220,45350.2506
1791247222,45348.894
1791247224,45357.4467
1791247226,45354.2675
1791247228,45355.4033
1791247230,45362.0424
1791247232,45383.2637
1791247234,45388.8536
1791247236,45377.3388
1791247238,45388.7149
1791247240,45390.8449
1791247242,45398.2162
1791247244,45387.3852
1791247246,45404.3735
1791247248,45410.7633
1791247250,45422.0214
1791247252,45434.7617
1791247254,45431.6137
1791247256,45441.9848
1791247258,45419.344
1791247260,45411.0659
1791247262,45419.0087
1791247264,45424.7887
1791247266,45428.1709
1791247268,45423.6332
1791247270,45435.2558
1791247272,45418.5018
1791247274,45424.7443
1791247276,45427.6032
1791247278,45424.2746
1791247280,45403.3662
1791247282,45397.0482
1791247284,45396.919
1791247286,45381.9847
1791247288,45368.5571
1791247290,45367.4647
1791247292,45355.6999
1791247294,45364.784
1791247296,45361.5784
1791247298,45356.9014
1791247300,45352.7821
1791247302,45346.6044
1791247304,45344.5361
1791247306,45341.5805
1791247308,45336.5018
1791247310,45344.313
1791247312,45351.5217
1791247314,45338.904
1791247316,45338.4821
1791247318,45355.1737
1791247320,45362.7474
1791247322,45370.8092
1791247324,45375.3167
1791247326,45363.0299
1791247328,45374.3945
1791247330,45381.2352
1791247332,45387.4069
1791247334,45394.263
1791247336,45401.0451
1791247338,45404.1048
1791247340,45411.4958
1791247342,45408.0608
1791247344,45412.7229
1791247346,45418.1206
1791247348,45412.2067
1791247350,45420.1764
1791247352,45407.6325
1791247354,45398.8094
1791247356,45390.984
1791247358,45400.6462
1791247360,45407.3231
1791247362,45402.1643
1791247364,45395.9139
1791247366,45396.7195
1791247368,45389.9807
1791247370,45404.0136
1791247372,45406.2423
1791247374,45420.5965
1791247376,45418.3644
1791247378,45408.2897
1791247380,45413.4843
1791247382,45416.6729
1791247384,45421.7738
1791247386,45430.2488
1791247388,45415.9676
1791247390,45418.5856
1791247392,45416.2349
1791247394,45413.1624
1791247396,45402.3682
1791247398,45393.4243
1791247400,45393.8
1791247402,45387.6569
1791247404,45402.6941
1791247406,45404.0991
1791247408,45400.2748
1791247410,45393.5772
1791247412,45404.9865
1791247414,45410.2591
1791247416,45404.7288
1791247418,45419.0127
1791247420,45405.9065
1791247422,45405.8269
1791247424,45399.6488
1791247426,45390.1702
1791247428,45384.6058
1791247430,45387.8792
1791247432,45382.7406
1791247434,45373.829
1791247436,45380.3436
1791247438,45372.6891
1791247440,45377.2955
1791247442,45377.3953
1791247444,45373.0902
1791247446,45373.4585
1791247448,45358.4722
1791247450,45367.4097
1791247452,45369.7449
1791247454,45368.6708
1791247456,45362.6759
1791247458,45357.7025
1791247460,45363.8269
1791247462,45380.5438
1791247464,45388.52
1791247466,45385.6342
1791247468,45381.7552
1791247470,45381.0019
1791247472,45379.8966
1791247474,45385.3068
1791247476,45370.7481
1791247478,45376.9417
1791247480,45375.8307
1791247482,45365.3689
1791247484,45361.9268
1791247486,45356.57
1791247488,45361.2232
1791247490,45360.735
1791247492,45357.8887
1791247494,45349.8689
1791247496,45357.4972
1791247498,45361.2312
1791247500,45360.9345
1791247502,45354.5892
1791247504,45346.6759
1791247506,45354.6836
1791247508,45362.28
1791247510,45362.1396
1791247512,45357.3626
1791247514,45368.7627
1791247516,45367.1487
1791247518,45359.4848
1791247520,45350.9717
1791247522,45345.6827
1791247524,45333.9228
1791247526,45340.0085
1791247528,45338.7703
1791247530,45327.5438
1791247532,45342.987
1791247534,45340.0267
1791247536,45330.8146
1791247538,45335.2725
1791247540,45328.315
1791247542,45318.3041
1791247544,45324.5167
1791247546,45325.9674
1791247548,45312.5582
1791247550,45319.0786
1791247552,45318.6025
1791247554,45322.3297
1791247556,45327.9857
1791247558,45332.1329
1791247560,45324.3897
1791247562,45318.2961
1791247564,45314.1619
1791247566,45314.0542
1791247568,45306.9647
1791247570,45293.3993
1791247572,45299.7046
1791247574,45303.6329
1791247576,45300.1257
1791247578,45312.1753
1791247580,45320.0084
1791247582,45322.4784
1791247584,45324.2506
1791247586,45322.4666
1791247588,45330.0417
1791247590,45330.268
1791247592,45327.6536
1791247594,45337.8316
1791247596,45332.4784
1791247598,45320.7512
1791247600,45312.1902
1791247602,45326.9201
1791247604,45304.3627
1791247606,45303.8453
1791247608,45301.2046
1791247610,45302.244
1791247612,45299.676
1791247614,45294.9557
1791247616,45291.07
1791247618,45292.1711
1791247620,45283.0042
1791247622,45269.4427
1791247624,45262.148
1791247626,45250.4
1791247628,45258.0916
1791247630,45286.8915
1791247632,45299.2234
1791247634,45302.3487
1791247636,45306.2436
1791247638,45294.0325
1791247640,45291.4735
1791247642,45293.5031
1791247644,45290.6783
1791247646,45292.2019
1791247648,45277.6449
1791247650,45276.6474
1791247652,45278.2
1791247654,45286.1135
1791247656,45304.2681
1791247658,45310.051
1791247660,45303.9632
1791247662,45308.94
1791247664,45316.7016
1791247666,45314.8677
1791247668,45313.2417
1791247670,45314.3004
1791247672,45318.1753
1791247674,45312.1252
1791247676,45324.265
1791247678,45330.4474
1791247680,45329.1733
1791247682,45317.714
1791247684,45318.2042
1791247686,45319.4697
1791247688,45321.6653
1791247690,45326.0971
1791247692,45326.3888
1791247694,45331.2285
1791247696,45333.2093
1791247698,45339.0216
1791247700,45336.1151
1791247702,45346.5417
1791247704,45362.42
1791247706,45362.202
1791247708,45354.3126
1791247710,45339.3087
1791247712,45339.9208
1791247714,45342.7861
1791247716,45345.8708
1791247718,45338.6907
1791247720,45335.0169
1791247722,45343.2787
1791247724,45334.1594
1791247726,45338.634
1791247728,45343.9687
1791247730,45337.042
1791247732,45323.4577
1791247734,45321.0088
1791247736,45317.0286
1791247738,45312.3149
1791247740,45310.5842
1791247742,45321.4935
1791247744,45313.9563
1791247746,45309.5425
1791247748,45317.8289
1791247750,45321.5654
1791247752,45323.3054
1791247754,45323.8857
1791247756,45325.4245
1791247758,45317.0236
1791247760,45304.1142
1791247762,45323.4672
1791247764,45325.4475
1791247766,45312.9494
1791247768,45308.1421
1791247770,45301.0167
1791247772,45294.1117
1791247774,45287.5944
1791247776,45288.2182
1791247778,45284.1628
1791247780,45298.5875
1791247782,45299.7167
1791247784,45300.8962
1791247786,45289.0367
1791247788,45286.8135
1791247790,45282.9817
1791247792,45280.1801
1791247794,45270.72
1791247796,45257.7212
1791247798,45248.0174
1791247800,45248.4244
1791247802,45240.6864
1791247804,45233.5289
1791247806,45240.7876
1791247808,45241.5352
1791247810,45226.7167
1791247812,45239.114
1791247814,45236.5442
1791247816,45246.0891
1791247818,45248.3158
1791247820,45248.0358
1791247822,45257.9606
1791247824,45266.566
1791247826,45246.7754
1791247828,45255.6869
1791247830,45245.2874
1791247832,45252.0782
1791247834,45251.3482
1791247836,45237.4258
1791247838,45237.2518
1791247840,45241.0
1791247842,45233.0453
1791247844,45248.9322
1791247846,45249.8503
1791247848,45244.9795
1791247850,45241.1979
1791247852,45243.9516
1791247854,45259.4725
1791247856,45259.6504
1791247858,45265.9152
1791247860,45268.4913
1791247862,45266.0855
1791247864,45261.9723
1791247866,45265.6127
1791247868,45287.7112
1791247870,45294.2242
1791247872,45298.3086
1791247874,45298.6852
1791247876,45303.6428
1791247878,45310.7339
1791247880,45294.6225
1791247882,45293.5606
1791247884,45285.474
1791247886,45288.0077
1791247888,45295.0148
1791247890,45303.3772
1791247892,45309.8836
1791247894,45300.1235
1791247896,45305.4174
1791247898,45308.808
1791247900,45305.1582
1791247902,45314.0675
1791247904,45299.8534
1791247906,45306.4744
1791247908,45307.5647
1791247910,45304.4744
1791247912,45294.3289
1791247914,45299.8445
1791247916,45308.8747
1791247918,45313.9255
1791247920,45316.681
1791247922,45319.9819
1791247924,45322.1914
1791247926,45323.2151
1791247928,45324.8948
1791247930,45322.3819
1791247932,45320.5903
1791247934,45323.1575
1791247936,45321.8074
1791247938,45322.1774
1791247940,45317.0208
1791247942,45327.9062
1791247944,45325.1471
1791247946,45330.841
1791247948,45342.4981
1791247950,45334.2527
1791247952,45341.1633
1791247954,45320.2884
1791247956,45314.2675
1791247958,45302.0351
1791247960,45295.7222
1791247962,45293.577
1791247964,45311.0731
1791247966,45299.6076
1791247968,45297.968
1791247970,45283.812
1791247972,45285.7666
1791247974,45297.3357
1791247976,45299.2969
1791247978,45294.3535
1791247980,45302.2914
1791247982,45312.7086
1791247984,45315.9369
1791247986,45314.9532
1791247988,45315.7464
1791247990,45302.6748
1791247992,45306.987
1791247994,45323.1282
1791247996,45336.0925
1791247998,45336.0168
1791248000,45333.4427
1791248002,45335.3415
1791248004,45344.058
1791248006,45334.2242
1791248008,45332.5993
1791248010,45328.6499
1791248012,45324.8231
1791248014,45322.7348
1791248016,45305.1108
1791248018,45309.7372
1791248020,45314.2555
1791248022,45316.4456
1791248024,45318.7946
1791248026,45314.881
1791248028,45310.745
1791248030,45306.8368
1791248032,45305.5379
1791248034,45308.6365
1791248036,45301.9859
1791248038,45306.7897
1791248040,45309.188
1791248042,45308.3488
1791248044,45311.4003
1791248046,45315.3108
1791248048,45310.7783
1791248050,45319.7078
1791248052,45325.7308
1791248054,45314.8103
1791248056,45325.7717
1791248058,45331.8967
1791248060,45348.5963
1791248062,45328.2703
1791248064,45332.685
1791248066,45346.3953
1791248068,45334.6018
1791248070,45325.2113
1791248072,45316.0983
1791248074,45323.4779
1791248076,45314.4786
1791248078,45312.8078
1791248080,45332.5092
1791248082,45322.3384
1791248084,45328.0014
1791248086,45334.3508
1791248088,45340.9712
1791248090,45336.2194
1791248092,45335.6097
1791248094,45337.1022
1791248096,45352.3401
1791248098,45342.0955
1791248100,45350.32
1791248102,45347.7452
1791248104,45332.3366
1791248106,45344.1654
1791248108,45356.5652
1791248110,45363.8724
1791248112,45377.0388
1791248114,45374.9699
1791248116,45382.2167
1791248118,45361.4581
1791248120,45356.0436
1791248122,45345.6603
1791248124,45340.2656
1791248126,45344.025
1791248128,45347.6553
1791248130,45342.5359
1791248132,45337.9778
1791248134,45340.5039
1791248136,45334.4612
1791248138,45341.9992
1791248140,45344.7611
1791248142,45345.5709
1791248144,45357.4393
1791248146,45351.1595
1791248148,45351.3925
1791248150,45351.8685
1791248152,45351.8023
1791248154,45374.6851
1791248156,45387.5376
1791248158,45389.3467
1791248160,45379.1368
1791248162,45384.8375
1791248164,45393.1826
1791248166,45396.8735
1791248168,45382.457
1791248170,45391.4757
1791248172,45403.6852
1791248174,45406.5554
1791248176,45404.0896
1791248178,45398.5527
1791248180,45399.9721
1791248182,45399.4374
1791248184,45408.4549
1791248186,45412.4927
1791248188,45398.6553
1791248190,45401.2956
1791248192,45413.1277
1791248194,45418.5974
1791248196,45431.6497
1791248198,45440.3683
1791248200,45423.7786
1791248202,45433.0927
1791248204,45438.3566
1791248206,45433.7444
1791248208,45423.2417
1791248210,45417.3831
1791248212,45427.6735
1791248214,45431.1972
1791248216,45425.1742
1791248218,45425.9107
1791248220,45432.0274
1791248222,45435.0494
1791248224,45443.0912
1791248226,45420.0746
1791248228,45414.4147
1791248230,45405.7688
1791248232,45418.3528
1791248234,45431.9637
1791248236,45420.8231
1791248238,45415.8754
1791248240,45412.2133
1791248242,45430.0389
1791248244,45425.5565
1791248246,45420.8289
1791248248,45414.593
1791248250,45421.3906
1791248252,45415.3393
1791248254,45409.7998
1791248256,45417.1185
1791248258,45418.6636
1791248260,45417.478
1791248262,45414.8675
1791248264,45414.8518
1791248266,45415.7306
1791248268,45412.9018
1791248270,45409.6375
1791248272,45417.9889
1791248274,45418.3648
1791248276,45416.2521
1791248278,45415.1261
1791248280,45423.329
1791248282,45421.7528
1791248284,45431.8607
1791248286,45433.269
1791248288,45439.6898
1791248290,45442.3054
1791248292,45444.689
1791248294,45443.9215
1791248296,45444.8073
1791248298,45450.4456
1791248300,45446.5983
1791248302,45445.9004
1791248304,45459.8695
1791248306,45462.6485
1791248308,45460.9283
1791248310,45465.1015
1791248312,45451.8763
1791248314,45470.2388
1791248316,45463.9118
1791248318,45467.1793
1791248320,45461.6754
1791248322,45442.2482
1791248324,45432.7352
1791248326,45442.6383
1791248328,45443.7476
1791248330,45442.2937
1791248332,45438.1268
1791248334,45439.2889
1791248336,45447.5598
1791248338,45440.4186
1791248340,45465.4374
1791248342,45467.7333
1791248344,45468.2227
1791248346,45471.4603
1791248348,45446.9126
1791248350,45444.5707
1791248352,45446.054
1791248354,45440.2063
1791248356,45442.0278
1791248358,45446.5216
1791248360,45457.1248
1791248362,45458.5632
1791248364,45462.2313
1791248366,45456.5691
1791248368,45433.2513
1791248370,45430.516
1791248372,45432.7561
1791248374,45455.3717
1791248376,45455.8689
1791248378,45443.4515
1791248380,45443.4834
1791248382,45423.7524
1791248384,45436.0836
1791248386,45431.1984
1791248388,45434.2721
1791248390,45423.525
1791248392,45425.75
1791248394,45425.7984
1791248396,45422.5316
1791248398,45429.6974
1791248400,45434.4721
1791248402,45423.619
1791248404,45413.6073
1791248406,45404.0872
1791248408,45404.7157
1791248410,45415.4618
1791248412,45422.4474
1791248414,45426.5192
1791248416,45430.6997
1791248418,45426.6182
1791248420,45418.9436
1791248422,45412.2857
1791248424,45423.0156
1791248426,45438.2252
1791248428,45422.5494
1791248430,45438.4173
1791248432,45453.6827
1791248434,45447.6837
1791248436,45460.728
1791248438,45469.2753
1791248440,45475.8498
1791248442,45477.5844
1791248444,45481.1706
1791248446,45486.8122
1791248448,45490.3655
1791248450,45498.8313
1791248452,45496.5694
1791248454,45486.7246
1791248456,45496.5944
1791248458,45508.2173
1791248460,45512.8991
1791248462,45514.9023
1791248464,45511.5176
1791248466,45519.1688
1791248468,45529.2033
1791248470,45551.3844
1791248472,45546.8209
1791248474,45552.5719
1791248476,45557.3998
1791248478,45557.8912
1791248480,45551.3662
1791248482,45543.7052
1791248484,45554.463
1791248486,45569.0934
1791248488,45581.9436
1791248490,45586.5397
1791248492,45592.1841
1791248494,45580.8026
1791248496,45568.3163
1791248498,45567.3608
1791248500,45563.2548
1791248502,45558.1818
1791248504,45563.17
1791248506,45565.4614
1791248508,45573.8911
1791248510,45581.6568
1791248512,45574.4598
1791248514,45588.7037
1791248516,45596.73
1791248518,45589.7723
1791248520,45583.2007
1791248522,45602.5884
1791248524,45603.8233
1791248526,45598.6941
1791248528,45599.7618
1791248530,45588.5839
1791248532,45585.21
1791248534,45591.1392
1791248536,45599.5986
1791248538,45599.6279
1791248540,45609.4011
1791248542,45616.895
1791248544,45610.0593
1791248546,45617.3612
1791248548,45628.6326
1791248550,45616.1624
1791248552,45607.8011
1791248554,45607.0862
1791248556,45600.0476
1791248558,45599.2153
1791248560,45604.183
1791248562,45609.9514
1791248564,45598.3214
1791248566,45582.7153
1791248568,45579.1427
1791248570,45589.8731
1791248572,45577.7419
1791248574,45577.5801
1791248576,45570.3504
1791248578,45577.7131
1791248580,45572.9679
1791248582,45553.3815
1791248584,45551.8497
1791248586,45534.227
1791248588,45545.8371
1791248590,45539.2292
1791248592,45522.0792
1791248594,45528.7627
1791248596,45523.966
1791248598,45524.5626
1791248600,45538.2666
1791248602,45530.5011
1791248604,45539.3422
1791248606,45534.6701
1791248608,45520.2907
1791248610,45533.327
1791248612,45538.9452
1791248614,45543.3502
1791248616,45534.0041
1791248618,45532.3745
1791248620,45521.2991
1791248622,45521.2409
1791248624,45515.3778
1791248626,45510.8945
1791248628,45491.014
1791248630,45492.6287
1791248632,45496.0768
1791248634,45484.7206
1791248636,45480.6161
1791248638,45490.8328
1791248640,45484.7651
1791248642,45503.17
1791248644,45507.6289
1791248646,45504.3195
1791248648,45505.1721
1791248650,45483.6444
1791248652,45484.9926
1791248654,45497.1664
1791248656,45493.7154
1791248658,45485.8888
1791248660,45497.9226
1791248662,45502.1318
1791248664,45499.9043
1791248666,45490.9136
1791248668,45494.4063
1791248670,45499.5315
1791248672,45488.7562
1791248674,45479.6772
1791248676,45484.846
1791248678,45487.8674
1791248680,45482.454
1791248682,45474.8319
1791248684,45469.5288
1791248686,45469.0702
1791248688,45469.9601
1791248690,45451.0415
1791248692,45459.1123
1791248694,45454.4372
1791248696,45441.3313
1791248698,45445.404
1791248700,45433.4365
1791248702,45435.9722
1791248704,45435.5558
1791248706,45429.26
1791248708,45441.1418
1791248710,45454.3001
1791248712,45441.2159
1791248714,45438.4607
1791248716,45443.7944
1791248718,45453.5338
1791248720,45461.8416
1791248722,45472.6076
1791248724,45466.3237
1791248726,45473.8472
1791248728,45482.2211
1791248730,45481.4488
1791248732,45476.2488
1791248734,45470.9758
1791248736,45467.5869
1791248738,45475.9409
1791248740,45475.4595
1791248742,45486.6917
1791248744,45476.7995
1791248746,45496.3619
1791248748,45490.459
1791248750,45485.8479
1791248752,45473.9648
1791248754,45469.943
1791248756,45461.639
1791248758,45459.3152
1791248760,45467.5195
1791248762,45466.9815
1791248764,45465.0995
1791248766,45462.3602
1791248768,45460.5152
1791248770,45472.4378
1791248772,45481.0304
1791248774,45481.3724
1791248776,45485.5514
1791248778,45477.2098
1791248780,45485.1555
1791248782,45495.9327
1791248784,45486.3623
1791248786,45504.4503
1791248788,45513.4613
1791248790,45524.1076
1791248792,45527.1708
1791248794,45546.529
1791248796,45535.9901
1791248798,45538.22
1791248800,45549.7885
1791248802,45551.7066
1791248804,45550.3374
1791248806,45548.6309
1791248808,45550.5301
1791248810,45550.7421
1791248812,45569.9627
1791248814,45577.4457
1791248816,45575.2301
1791248818,45578.4913
1791248820,45581.4434
1791248822,45588.2723
1791248824,45592.8099
1791248826,45595.1417
1791248828,45596.9214
1791248830,45590.3397
1791248832,45572.601
1791248834,45561.989
1791248836,45569.6195
1791248838,45574.5071
1791248840,45588.2007
1791248842,45595.8674
1791248844,45594.1253
1791248846,45596.8037
1791248848,45597.1305
1791248850,45587.4509
1791248852,45570.8119
1791248854,45589.5574
1791248856,45595.4193
1791248858,45596.3548
1791248860,45595.8003
1791248862,45602.5561
1791248864,45581.3306
1791248866,45586.313
1791248868,45582.5831
1791248870,45569.0608
1791248872,45564.1606
1791248874,45571.5875
1791248876,45565.0164
1791248878,45559.7358
1791248880,45568.5555
1791248882,45582.2653
1791248884,45587.3835
1791248886,45586.3425
1791248888,45601.1207
1791248890,45616.0539
1791248892,45623.3818
1791248894,45623.6317
1791248896,45631.0496
1791248898,45631.5874
1791248900,45626.0507
1791248902,45630.1634
1791248904,45628.3158
1791248906,45619.0839
1791248908,45612.1147
1791248910,45623.4838
1791248912,45621.1727
1791248914,45627.2559
1791248916,45628.875
1791248918,45619.1592
1791248920,45611.1317
1791248922,45612.8259
1791248924,45611.8363
1791248926,45604.0329
1791248928,45605.8755
1791248930,45599.4908
1791248932,45598.3045
1791248934,45594.9828
1791248936,45597.7192
1791248938,45608.2736
1791248940,45612.303
1791248942,45605.6774
1791248944,45615.3722
1791248946,45598.9568
1791248948,45597.3885
1791248950,45608.7321
1791248952,45601.7501
1791248954,45618.7766
1791248956,45613.7149
1791248958,45610.0971
1791248960,45603.8718
1791248962,45624.9528
1791248964,45627.9217
1791248966,45631.5614
1791248968,45643.7279
1791248970,45634.0805
1791248972,45634.8561
1791248974,45628.8219
1791248976,45620.2202
1791248978,45615.6898
1791248980,45626.4918
1791248982,45628.3384
1791248984,45623.974
1791248986,45629.0717
1791248988,45630.7305
1791248990,45634.6455
1791248992,45646.6416
1791248994,45637.3596
1791248996,45628.9901
1791248998,45633.217
1791249000,45626.6428
1791249002,45622.3265
1791249004,45629.1137
1791249006,45641.2442
1791249008,45656.4437
1791249010,45636.5445
1791249012,45634.9538
1791249014,45627.7734
1791249016,45626.8859
1791249018,45628.7433
1791249020,45620.6175
1791249022,45629.2816
1791249024,45619.9369
1791249026,45615.4584
1791249028,45618.5094
1791249030,45612.1709
1791249032,45614.3736
1791249034,45604.5053
1791249036,45603.9085
1791249038,45602.0066
1791249040,45604.0305
1791249042,45608.049
1791249044,45606.8142
1791249046,45616.1414
1791249048,45638.1538
1791249050,45633.696
1791249052,45630.3659
1791249054,45621.232
1791249056,45618.9125
1791249058,45608.7548
1791249060,45592.3262
1791249062,45595.9875
1791249064,45588.422
1791249066,45581.0958
1791249068,45574.5263
1791249070,45571.8243
1791249072,45560.729
1791249074,45563.5739
1791249076,45566.1752
1791249078,45571.3073
1791249080,45575.8345
1791249082,45573.9347
1791249084,45571.6168
1791249086,45573.9323
1791249088,45590.0602
1791249090,45597.2171
1791249092,45601.6577
1791249094,45608.6715
1791249096,45608.2672
1791249098,45601.3767
1791249100,45602.1152
1791249102,45603.4216
1791249104,45617.0402
1791249106,45622.1067
1791249108,45619.0385
1791249110,45624.4199
1791249112,45630.2672
1791249114,45629.8964
1791249116,45623.465
1791249118,45617.5034
1791249120,45631.1507
1791249122,45636.4553
1791249124,45641.375
1791249126,45634.9814
1791249128,45637.0894
1791249130,45635.8179
1791249132,45628.0587
1791249134,45620.6658
1791249136,45610.7658
1791249138,45597.8323
1791249140,45587.7558
1791249142,45580.8283
1791249144,45566.561
1791249146,45577.3038
1791249148,45588.8028
1791249150,45584.7257
1791249152,45594.1528
1791249154,45593.6699
1791249156,45608.7178
1791249158,45601.8617
1791249160,45607.9647
1791249162,45615.3868
1791249164,45615.6171
1791249166,45624.9275
1791249168,45643.6265
1791249170,45643.1999
1791249172,45653.4588
1791249174,45658.9392
1791249176,45650.5018
1791249178,45648.9782
1791249180,45643.4801
1791249182,45642.7371
1791249184,45636.2539
1791249186,45641.4403
1791249188,45642.831
1791249190,45642.4864
1791249192,45646.556
1791249194,45640.3454
1791249196,45651.9459
1791249198,45646.57
1791249200,45643.0076
1791249202,45647.92
1791249204,45645.9323
1791249206,45638.6724
1791249208,45632.1339
1791249210,45628.2325
1791249212,45634.732
1791249214,45635.668
1791249216,45626.1422
1791249218,45628.3649
1791249220,45632.6135
1791249222,45641.093
1791249224,45649.9737
1791249226,45655.3035
1791249228,45646.3038
1791249230,45635.4284
1791249232,45621.0422
1791249234,45609.9797
1791249236,45599.9984
1791249238,45590.587
1791249240,45596.554
1791249242,45612.4047
1791249244,45604.3902
1791249246,45612.8658
1791249248,45608.1918
1791249250,45609.9812
1791249252,45612.6257
1791249254,45618.8665
1791249256,45611.4161
1791249258,45611.6946
1791249260,45604.8637
1791249262,45597.4694
1791249264,45573.6359
1791249266,45569.495
1791249268,45554.6604
1791249270,45557.1272
1791249272,45550.453
1791249274,45542.9079
1791249276,45551.845
1791249278,45552.1762
1791249280,45557.6452
1791249282,45557.3628
1791249284,45557.5411
1791249286,45571.9316
1791249288,45544.6846
1791249290,45542.3571
1791249292,45547.2479
1791249294,45544.3191
1791249296,45551.8729
1791249298,45557.1088
1791249300,45559.3861
1791249302,45570.4112
1791249304,45581.2143
1791249306,45604.4685
1791249308,45614.6318
1791249310,45609.0391
1791249312,45596.1385
1791249314,45603.9589
1791249316,45598.9177
1791249318,45585.0025
1791249320,45587.2936
1791249322,45593.9574
1791249324,45586.8857
1791249326,45584.224
1791249328,45592.2194
1791249330,45586.3783
1791249332,45586.6118
1791249334,45573.6079
1791249336,45576.161
1791249338,45576.2354
1791249340,45574.6953
1791249342,45583.97
1791249344,45594.0061
1791249346,45589.2179
1791249348,45577.8669
1791249350,45571.6194
1791249352,45595.0402
1791249354,45587.887
1791249356,45582.4904
1791249358,45578.4166
1791249360,45590.3338
1791249362,45589.624
1791249364,45595.065
1791249366,45592.7709
1791249368,45587.8229
1791249370,45594.7583
1791249372,45598.3783
1791249374,45587.9235
1791249376,45596.8754
1791249378,45593.9785
1791249380,45589.8987
1791249382,45592.3634
1791249384,45593.3424
1791249386,45588.5053
1791249388,45590.8524
1791249390,45604.9367
1791249392,45614.1829
1791249394,45612.3195
1791249396,45608.5449
1791249398,45596.4987
1791249400,45603.8557
1791249402,45626.3118
1791249404,45613.4309
1791249406,45616.6945
1791249408,45613.0662
1791249410,45604.5572
1791249412,45606.9003
1791249414,45600.0414
1791249416,45603.456
1791249418,45605.0864
1791249420,45607.1845
1791249422,45607.5142
1791249424,45612.0805
1791249426,45616.0916
1791249428,45632.5847
1791249430,45620.7543
1791249432,45637.5055
1791249434,45657.5962
1791249436,45654.6894
1791249438,45647.5878
1791249440,45648.7773
1791249442,45646.6998
1791249444,45662.6217
1791249446,45663.8482
1791249448,45663.5506
1791249450,45672.6032
1791249452,45684.1846
1791249454,45669.9866
1791249456,45680.4439
1791249458,45681.1996
1791249460,45672.1481
1791249462,45677.8815
1791249464,45673.7798
1791249466,45674.8951
1791249468,45682.4758
1791249470,45682.0066
1791249472,45684.9114
1791249474,45693.3946
1791249476,45682.8943
1791249478,45683.7295
1791249480,45693.4919
1791249482,45679.7061
1791249484,45680.9648
1791249486,45677.7925
1791249488,45681.0603
1791249490,45683.6452
1791249492,45675.3746
1791249494,45681.6268
1791249496,45686.0194
1791249498,45695.2579
1791249500,45709.8943
1791249502,45706.971
1791249504,45702.0321
1791249506,45694.8452
1791249508,45697.3832
1791249510,45697.506
1791249512,45698.7617
1791249514,45684.6117
1791249516,45689.2124
1791249518,45693.139
1791249520,45677.0607
1791249522,45666.8584
1791249524,45677.9741
1791249526,45661.3845
1791249528,45667.5781
1791249530,45665.002
1791249532,45669.6472
1791249534,45660.3806
1791249536,45665.7361
1791249538,45660.7195
1791249540,45670.7733
1791249542,45670.1752
1791249544,45667.2957
1791249546,45663.1819
1791249548,45658.5625
1791249550,45661.5364
1791249552,45657.6632
1791249554,45661.5975
1791249556,45646.0937
1791249558,45650.8266
1791249560,45645.2098
1791249562,45633.6619
1791249564,45642.6603
1791249566,45635.764
1791249568,45631.6471
1791249570,45629.0899
1791249572,45641.4225
1791249574,45650.4609
1791249576,45661.2856
1791249578,45653.5912
1791249580,45656.6715
1791249582,45659.6613
1791249584,45667.3544
1791249586,45667.8505
1791249588,45675.8733
1791249590,45679.6775
1791249592,45684.5324
1791249594,45681.0027
1791249596,45681.5971
1791249598,45688.9001
1791249600,45694.5484
1791249602,45704.3218
1791249604,45715.204
1791249606,45716.3886
1791249608,45723.0821
1791249610,45721.193
1791249612,45740.83
1791249614,45759.884
1791249616,45784.0681
1791249618,45779.9914
1791249620,45791.9595
1791249622,45787.715
1791249624,45789.4046
1791249626,45784.1132
1791249628,45781.1201
1791249630,45775.7434
1791249632,45774.2812
1791249634,45783.9517
1791249636,45770.1156
1791249638,45770.1643
1791249640,45791.0385
1791249642,45798.2107
1791249644,45809.5582
1791249646,45811.8019
1791249648,45814.5083
1791249650,45809.8832
1791249652,45807.9644
1791249654,45820.6192
1791249656,45810.6059
1791249658,45803.3831
1791249660,45805.7846
1791249662,45813.3524
1791249664,45831.0319
1791249666,45835.5164
1791249668,45833.1637
1791249670,45835.1307
1791249672,45834.9502
1791249674,45836.4746
1791249676,45833.6085
1791249678,45829.9839
1791249680,45827.3855
1791249682,45806.5129
1791249684,45809.2174
1791249686,45804.6918
1791249688,45811.2964
1791249690,45811.0889
1791249692,45818.5269
1791249694,45813.8965
1791249696,45803.4679
1791249698,45793.7498
1791249700,45784.2152
1791249702,45793.864
1791249704,45804.9706
1791249706,45798.9538
1791249708,45815.2841
1791249710,45810.5424
1791249712,45810.3177
1791249714,45811.675
1791249716,45814.8292
1791249718,45803.2594
1791249720,45810.7443
1791249722,45806.5821
1791249724,45810.2354
1791249726,45814.7926
1791249728,45806.755
1791249730,45816.4074
1791249732,45820.4458
1791249734,45829.6332
1791249736,45835.0798
1791249738,45836.5387
1791249740,45830.3636
1791249742,45840.8596
1791249744,45847.9072
1791249746,45849.5974
1791249748,45835.5909
1791249750,45834.1762
1791249752,45842.8095
1791249754,45832.1545
1791249756,45827.5903
1791249758,45825.3291
1791249760,45819.4585
1791249762,45818.9347
1791249764,45824.3031
1791249766,45832.3787
1791249768,45826.9519
1791249770,45825.0318
1791249772,45831.7756
1791249774,45832.6556
1791249776,45820.4994
1791249778,45814.0524
1791249780,45804.2137
1791249782,45811.9941
1791249784,45805.6861
1791249786,45817.9635
1791249788,45809.2502
1791249790,45803.342
1791249792,45795.0401
1791249794,45793.1052
1791249796,45799.3365
1791249798,45789.6143
1791249800,45781.3928
1791249802,45775.39
1791249804,45777.4315
1791249806,45784.2225
1791249808,45780.9791
1791249810,45776.0477
1791249812,45775.7672
1791249814,45784.6667
1791249816,45783.1287
1791249818,45794.1777
1791249820,45786.6183
1791249822,45806.3662
1791249824,45808.6124
1791249826,45796.1705
1791249828,45792.3845
1791249830,45800.247
1791249832,45808.2947
1791249834,45800.909
1791249836,45794.5161
1791249838,45803.4497
1791249840,45806.9865
1791249842,45811.43
1791249844,45800.4711
1791249846,45794.026
1791249848,45793.8599
1791249850,45797.5666
1791249852,45798.3521
1791249854,45790.1572
1791249856,45802.8773
1791249858,45810.2615
1791249860,45815.2092
1791249862,45815.3208
1791249864,45811.2144
1791249866,45793.2019
1791249868,45787.7035
1791249870,45789.5857
1791249872,45788.7018
1791249874,45777.7435
1791249876,45786.9033
1791249878,45775.7812
1791249880,45766.1663
1791249882,45769.9398
1791249884,45760.6728
1791249886,45756.8757
1791249888,45755.0286
1791249890,45737.7347
1791249892,45739.4221
1791249894,45753.8868
1791249896,45753.0421
1791249898,45757.4145
1791249900,45762.9788
1791249902,45768.3738
1791249904,45749.504
1791249906,45744.9942
1791249908,45742.8637
1791249910,45743.515
1791249912,45745.2641
1791249914,45751.2567
1791249916,45757.3382
1791249918,45761.4046
1791249920,45763.0353
1791249922,45765.3008
1791249924,45771.1129
1791249926,45772.7517
1791249928,45767.6382
1791249930,45771.3117
1791249932,45777.1653
1791249934,45769.1342
1791249936,45768.8924
1791249938,45773.7686
1791249940,45780.0923
1791249942,45767.597
1791249944,45769.5731
1791249946,45776.5489
1791249948,45777.0992
1791249950,45773.2663
1791249952,45785.6853
1791249954,45784.5839
1791249956,45807.833
1791249958,45793.918
1791249960,45784.4786
1791249962,45791.8607
1791249964,45810.0515
1791249966,45798.0383
1791249968,45799.659
1791249970,45796.7166
1791249972,45797.377
1791249974,45809.254
1791249976,45811.4032
1791249978,45816.9968
1791249980,45835.5586
1791249982,45845.8528
1791249984,45865.5218
1791249986,45870.8918
1791249988,45868.58
1791249990,45854.9872
1791249992,45850.5687
1791249994,45852.0736
1791249996,45853.6395
1791249998,45852.0351
1791250000,45857.972
1791250002,45840.0057
1791250004,45842.5216
1791250006,45835.6096
1791250008,45828.0394
1791250010,45836.6198
1791250012,45831.3694
1791250014,45819.7742
1791250016,45819.1777
1791250018,45818.5868
1791250020,45818.6519
1791250022,45829.4117
1791250024,45829.3082
1791250026,45818.1276
1791250028,45813.5979
1791250030,45805.8971
1791250032,45815.6814
1791250034,45812.4569
1791250036,45808.5581
1791250038,45798.2319
1791250040,45772.6338
1791250042,45763.6734
1791250044,45735.4213
1791250046,45734.5216
1791250048,45740.1709
1791250050,45744.3321
1791250052,45735.7582
1791250054,45734.9911
1791250056,45725.2626
1791250058,45738.2593
1791250060,45740.9769
1791250062,45741.5717
1791250064,45747.1386
1791250066,45744.8976
1791250068,45745.9104
1791250070,45746.6995
1791250072,45741.4506
1791250074,45729.5876
1791250076,45724.9502
1791250078,45723.9859
1791250080,45730.0922
1791250082,45734.7978
1791250084,45735.0433
1791250086,45732.4791
1791250088,45741.5478
1791250090,45739.187
1791250092,45732.2524
1791250094,45712.355
1791250096,45714.358
1791250098,45720.0638
1791250100,45720.5323
1791250102,45707.7331
1791250104,45715.9593
1791250106,45720.5762
1791250108,45710.9336
1791250110,45708.5287
1791250112,45718.1068
1791250114,45711.0941
1791250116,45722.0149
1791250118,45725.4885
1791250120,45726.6243
1791250122,45734.6266
1791250124,45733.3717
1791250126,45737.3014
1791250128,45738.3865
1791250130,45742.0536
1791250132,45739.8337
1791250134,45727.631
1791250136,45740.208
1791250138,45735.9154
1791250140,45742.7832
1791250142,45733.2949
1791250144,45717.5803
1791250146,45722.9529
1791250148,45747.8353
1791250150,45749.4072
1791250152,45740.3569
1791250154,45742.423
1791250156,45739.1427
1791250158,45740.5162
1791250160,45734.7405
1791250162,45725.46
1791250164,45721.4775
1791250166,45716.6539
1791250168,45724.4417
1791250170,45726.7803
1791250172,45719.7159
1791250174,45708.0676
1791250176,45706.439
1791250178,45707.7072
1791250180,45707.7691
1791250182,45697.2625
1791250184,45707.1284
1791250186,45708.1536
1791250188,45706.2457
1791250190,45699.16
1791250192,45699.8135
1791250194,45689.7135
1791250196,45698.2213
1791250198,45704.6814
1791250200,45707.5395
1791250202,45710.1187
1791250204,45713.2688
1791250206,45715.2286
1791250208,45704.4934
1791250210,45704.2088
1791250212,45702.9053
1791250214,45707.5707
1791250216,45700.118
1791250218,45695.883
1791250220,45690.2438
1791250222,45686.0659
1791250224,45697.9699
1791250226,45679.8563
1791250228,45676.5565
1791250230,45685.0469
1791250232,45686.3358
1791250234,45685.9604
1791250236,45683.5113
1791250238,45683.6437
1791250240,45693.6083
1791250242,45711.5223
1791250244,45722.332
1791250246,45719.9193
1791250248,45714.2312
1791250250,45726.372
1791250252,45732.9264
1791250254,45734.0769
1791250256,45729.8993
1791250258,45736.3956
1791250260,45744.3595
1791250262,45745.1159
1791250264,45751.9477
1791250266,45756.0771
1791250268,45763.9341
1791250270,45758.9717
1791250272,45761.3744
1791250274,45744.6079
1791250276,45742.1879
1791250278,45740.9896
1791250280,45751.5058
1791250282,45749.2031
1791250284,45746.439
1791250286,45738.8685
1791250288,45739.0076
1791250290,45741.136
1791250292,45734.8436
1791250294,45741.4798
1791250296,45749.8128
1791250298,45748.6892
1791250300,45738.901
1791250302,45759.08
1791250304,45753.1341
1791250306,45741.8553
1791250308,45745.2472
1791250310,45751.7832
1791250312,45735.2713
1791250314,45737.7178
1791250316,45730.3813
1791250318,45745.5277
1791250320,45734.0562
1791250322,45734.024
1791250324,45744.5809
1791250326,45748.8471
1791250328,45745.0655
1791250330,45734.5088
1791250332,45719.6805
1791250334,45736.2281
1791250336,45734.436
1791250338,45753.8599
1791250340,45771.6874
1791250342,45774.7162
1791250344,45769.8121
1791250346,45780.1955
1791250348,45784.3506
1791250350,45785.0266
1791250352,45773.3787
1791250354,45766.78
1791250356,45758.1707
1791250358,45757.4539
1791250360,45758.7026
1791250362,45758.0131
1791250364,45743.2683
1791250366,45738.0423
1791250368,45721.107
1791250370,45711.7367
1791250372,45720.1142
1791250374,45716.2041
1791250376,45727.5576
1791250378,45722.862
1791250380,45734.7775
1791250382,45746.2899
1791250384,45746.5132
1791250386,45747.5386
1791250388,45744.3685
1791250390,45732.8083
1791250392,45733.4965
1791250394,45717.3334
1791250396,45719.1548
1791250398,45718.1246
1791250400,45724.6582
1791250402,45722.8277
1791250404,45723.7595
1791250406,45714.505
1791250408,45716.4362
1791250410,45716.9198
1791250412,45715.1935
1791250414,45714.483
1791250416,45725.4032
1791250418,45724.5506
1791250420,45711.6971
1791250422,45703.3204
1791250424,45707.9489
1791250426,45710.8418
1791250428,45713.6504
1791250430,45707.2916
1791250432,45709.2616
1791250434,45698.3457
1791250436,45707.5992
1791250438,45721.7704
1791250440,45707.4057
1791250442,45712.0788
1791250444,45712.2724
1791250446,45728.7339
1791250448,45714.3437
1791250450,45720.5886
1791250452,45721.1111
1791250454,45718.123
1791250456,45714.55
1791250458,45707.3458
1791250460,45710.5702
1791250462,45714.7702
1791250464,45707.2413
1791250466,45704.5868
1791250468,45720.0481
1791250470,45715.7455
1791250472,45711.016
1791250474,45711.327
1791250476,45717.5649
1791250478,45708.8404
1791250480,45717.9415
1791250482,45725.5699
1791250484,45723.6582
1791250486,45716.462
1791250488,45730.4721
1791250490,45741.107
1791250492,45738.7246
1791250494,45730.0121
1791250496,45743.1096
1791250498,45734.8639
1791250500,45736.8476
1791250502,45741.1246
1791250504,45728.0728
1791250506,45740.7877
1791250508,45732.7671
1791250510,45749.4715
1791250512,45747.4301
1791250514,45762.1425
1791250516,45757.5776
1791250518,45763.8624
1791250520,45764.6047
1791250522,45756.3478
1791250524,45761.6021
1791250526,45764.3413
1791250528,45761.5435
1791250530,45755.127
1791250532,45740.1342
1791250534,45745.9423
1791250536,45744.9796
1791250538,45736.5852
1791250540,45741.826
1791250542,45745.3291
1791250544,45748.6088
1791250546,45747.5208
1791250548,45742.9872
1791250550,45740.1687
1791250552,45747.5538
1791250554,45741.8044
1791250556,45734.0716
1791250558,45737.935
1791250560,45726.7241
1791250562,45720.0584
1791250564,45722.7785
1791250566,45735.9509
1791250568,45741.7475
1791250570,45734.368
1791250572,45746.2581
1791250574,45743.7313
1791250576,45735.692
1791250578,45734.0992
1791250580,45739.4089
1791250582,45740.2985
1791250584,45743.3158
1791250586,45740.0333
1791250588,45719.2986
1791250590,45704.7115
1791250592,45692.9261
1791250594,45702.6506
1791250596,45679.9108
1791250598,45658.7
1791250600,45660.3886
1791250602,45644.4455
1791250604,45633.4436
1791250606,45634.7345
1791250608,45655.0828
1791250610,45661.096
1791250612,45669.5921
1791250614,45678.3229
1791250616,45686.6406
1791250618,45687.8723
1791250620,45688.7659
1791250622,45673.027
1791250624,45681.5208
1791250626,45679.8776
1791250628,45679.4267
1791250630,45680.7556
1791250632,45679.0512
1791250634,45675.4219
1791250636,45675.6485
1791250638,45670.0036
1791250640,45686.2573
1791250642,45699.2645
1791250644,45690.3614
1791250646,45682.2359
1791250648,45692.2219
1791250650,45694.625
1791250652,45688.5372
1791250654,45696.8006
1791250656,45693.1265
1791250658,45690.6798
1791250660,45689.927
1791250662,45689.7025
1791250664,45681.3442
1791250666,45676.9138
1791250668,45670.308
1791250670,45681.9074
1791250672,45678.8519
1791250674,45682.7396
1791250676,45674.9129
1791250678,45674.2793
1791250680,45677.836
1791250682,45686.1522
1791250684,45681.1064
1791250686,45670.0715
1791250688,45655.4078
1791250690,45646.9498
1791250692,45646.8027
1791250694,45648.4309
1791250696,45650.413
1791250698,45650.7046
1791250700,45644.8279
1791250702,45638.1535
1791250704,45644.8249
1791250706,45659.2886
1791250708,45654.8077
1791250710,45638.9094
1791250712,45638.9042
1791250714,45643.5796
1791250716,45629.0831
1791250718,45633.9677
1791250720,45655.3633
1791250722,45646.6712
1791250724,45651.0326
1791250726,45638.8669
1791250728,45638.8947
1791250730,45642.15
1791250732,45644.6514
1791250734,45645.9901
1791250736,45646.6616
1791250738,45649.1302
1791250740,45650.3458
1791250742,45666.4471
1791250744,45665.9709
1791250746,45668.9716
1791250748,45665.8922
1791250750,45664.4913
1791250752,45663.7303
1791250754,45661.7604
1791250756,45646.7337
1791250758,45633.7507
1791250760,45632.6472
1791250762,45637.8681
1791250764,45639.8952
1791250766,45648.4923
1791250768,45660.8788
1791250770,45661.4056
1791250772,45660.9398
1791250774,45666.788
1791250776,45674.8993
1791250778,45654.2587
1791250780,45663.9723
1791250782,45657.1252
1791250784,45646.7999
1791250786,45667.5037
1791250788,45674.1689
1791250790,45679.7633
1791250792,45684.1301
1791250794,45681.0644
1791250796,45683.4373
1791250798,45688.1314
1791250800,45683.2278
1791250802,45692.5342
1791250804,45703.6136
1791250806,45696.3844
1791250808,45696.6373
1791250810,45713.6947
1791250812,45718.8218
1791250814,45726.6369
1791250816,45734.3282
1791250818,45727.0338
1791250820,45719.3699
1791250822,45717.7147
1791250824,45726.8368
1791250826,45734.7046
1791250828,45728.3039
1791250830,45746.4377
1791250832,45736.2746
1791250834,45730.0561
1791250836,45731.8056
1791250838,45732.74
1791250840,45728.2916
1791250842,45731.6458
1791250844,45721.1016
1791250846,45723.2791
1791250848,45735.7017
1791250850,45741.911
1791250852,45737.953
1791250854,45728.2032
1791250856,45729.9126
1791250858,45738.355
1791250860,45742.034
1791250862,45751.2279
1791250864,45749.1212
1791250866,45748.0839
1791250868,45739.6279
1791250870,45748.177
1791250872,45757.609
1791250874,45769.247
1791250876,45765.845
1791250878,45767.3397
1791250880,45764.9582
1791250882,45772.5716
1791250884,45768.8528
1791250886,45767.0036
1791250888,45773.8128
1791250890,45762.2089
1791250892,45736.44
1791250894,45728.6219
1791250896,45735.026
1791250898,45736.141
1791250900,45735.3941
1791250902,45737.6309
1791250904,45744.9411
1791250906,45735.6082
1791250908,45740.1157
1791250910,45734.7928
1791250912,45740.4368
1791250914,45720.4956
1791250916,45725.2129
1791250918,45731.8568
1791250920,45739.3021
1791250922,45744.4625
1791250924,45739.7086
1791250926,45742.1248
1791250928,45743.6816
1791250930,45741.2213
1791250932,45758.9157
1791250934,45759.1197
1791250936,45765.3652
1791250938,45761.4394
1791250940,45773.224
1791250942,45770.6375
1791250944,45757.6909
1791250946,45751.702
1791250948,45756.745
1791250950,45761.4512
1791250952,45748.7765
1791250954,45744.7438
1791250956,45746.2186
1791250958,45759.7748
1791250960,45761.4568
1791250962,45765.9611
1791250964,45759.2546
1791250966,45760.8238
1791250968,45752.6108
1791250970,45755.0375
1791250972,45730.7685
1791250974,45718.597
1791250976,45724.3052
1791250978,45732.6324
1791250980,45719.1088
1791250982,45715.7138
1791250984,45714.1094
1791250986,45726.3273
1791250988,45725.5013
1791250990,45728.8344
1791250992,45734.1153
1791250994,45732.1868
1791250996,45738.8412
1791250998,45723.1729
1791251000,45727.4998
1791251002,45734.8009
1791251004,45729.0665
1791251006,45726.2686
1791251008,45721.7459
1791251010,45745.5154
1791251012,45750.0892
1791251014,45761.3217
1791251016,45757.7786
1791251018,45748.35
1791251020,45747.4406
1791251022,45746.5964
1791251024,45749.859
1791251026,45754.4123
1791251028,45757.2309
1791251030,45763.881
1791251032,45759.1303
1791251034,45749.7397
1791251036,45758.6774
1791251038,45753.9768
1791251040,45762.7043
1791251042,45753.5606
1791251044,45756.816
1791251046,45742.4914
1791251048,45731.2659
1791251050,45719.3701
1791251052,45719.478
1791251054,45700.8466
1791251056,45694.6409
1791251058,45681.9596
1791251060,45678.6426
1791251062,45670.2906
1791251064,45678.018
1791251066,45672.1355
1791251068,45665.4119
1791251070,45659.5701
1791251072,45665.3906
1791251074,45672.9569
1791251076,45671.8479
1791251078,45669.5951
1791251080,45669.5201
1791251082,45671.2117
1791251084,45665.5606
1791251086,45663.1327
1791251088,45671.0969
1791251090,45664.894
1791251092,45663.078
1791251094,45660.0756
1791251096,45659.1803
1791251098,45657.7379
1791251100,45663.7502
1791251102,45678.8065
1791251104,45664.7763
1791251106,45661.441
1791251108,45660.5034
1791251110,45655.0489
1791251112,45653.5824
1791251114,45674.2373
1791251116,45682.5899
1791251118,45682.1115
1791251120,45689.9058
1791251122,45700.6975
1791251124,45686.6748
1791251126,45701.7759
1791251128,45711.8832
1791251130,45712.0794
1791251132,45716.4412
1791251134,45718.9051
1791251136,45716.3084
1791251138,45709.9151
1791251140,45693.6391
1791251142,45702.6145
1791251144,45707.2691
1791251146,45706.4818
1791251148,45709.2427
1791251150,45708.408
1791251152,45708.622
1791251154,45720.2217
1791251156,45714.8653
1791251158,45717.6554
1791251160,45714.6756
1791251162,45711.1165
1791251164,45713.1486
1791251166,45722.4377
1791251168,45724.1461
1791251170,45720.3634
1791251172,45725.9092
1791251174,45718.4713
1791251176,45722.5582
1791251178,45718.1617
1791251180,45710.6714
1791251182,45709.8286
1791251184,45708.5315
1791251186,45706.6432
1791251188,45714.8109
1791251190,45713.5806
1791251192,45706.9212
1791251194,45705.3662
1791251196,45709.9663
1791251198,45699.2839
1791251200,45694.0023
1791251202,45699.8432
1791251204,45702.8042
1791251206,45706.1356
1791251208,45695.1828
1791251210,45696.7206
1791251212,45689.7473
1791251214,45682.893
1791251216,45676.4599
1791251218,45668.2949
1791251220,45653.433
1791251222,45655.5139
1791251224,45652.0316
1791251226,45655.3407
1791251228,45653.0509
1791251230,45661.5439
1791251232,45663.331
1791251234,45670.7351
1791251236,45659.8333
1791251238,45641.9519
1791251240,45645.7102
1791251242,45642.4356
1791251244,45632.7289
1791251246,45637.2876
1791251248,45622.928
1791251250,45615.3535
1791251252,45624.413
1791251254,45639.118
1791251256,45631.6669
1791251258,45621.8288
1791251260,45631.6385
1791251262,45626.1415
1791251264,45620.2377
1791251266,45618.5108
1791251268,45610.4409
1791251270,45622.8742
1791251272,45622.6878
1791251274,45624.0952
1791251276,45639.1489
1791251278,45642.671
1791251280,45651.8334
1791251282,45640.6846
1791251284,45635.6515
1791251286,45621.3675
1791251288,45615.7319
1791251290,45624.3866
1791251292,45633.223
1791251294,45635.1364
1791251296,45633.4936
1791251298,45627.0691
1791251300,45609.263
1791251302,45615.5095
1791251304,45619.7198
1791251306,45612.1418
1791251308,45611.3735
1791251310,45606.2842
1791251312,45605.0293
1791251314,45602.4546
1791251316,45595.9959
1791251318,45601.8807
1791251320,45606.3188
1791251322,45602.7403
1791251324,45604.8098
1791251326,45596.8331
1791251328,45591.5121
1791251330,45592.7105
1791251332,45595.396
1791251334,45583.2874
1791251336,45607.2465
1791251338,45609.9532
1791251340,45610.0145
1791251342,45602.4142
1791251344,45596.4254
1791251346,45607.5749
1791251348,45614.6686
1791251350,45632.4588
1791251352,45633.6008
1791251354,45629.7429
1791251356,45646.7933
1791251358,45641.1198
1791251360,45631.7672
1791251362,45623.1088
1791251364,45626.167
1791251366,45640.7855
1791251368,45650.1794
1791251370,45648.3307
1791251372,45645.4787
1791251374,45667.0013
1791251376,45654.1361
1791251378,45646.6347
1791251380,45648.828
1791251382,45653.3702
1791251384,45663.2208
1791251386,45682.7385
1791251388,45681.9073
1791251390,45664.8309
1791251392,45666.4387
1791251394,45670.2405
1791251396,45655.8407
1791251398,45661.2206
1791251400,45658.106
1791251402,45664.6253
1791251404,45655.1113
1791251406,45670.7163
1791251408,45673.3289
1791251410,45674.4397
1791251412,45667.4782
1791251414,45665.4887
1791251416,45662.6096
1791251418,45655.8453
1791251420,45653.9566
1791251422,45648.7247
1791251424,45647.6001
1791251426,45656.2907
1791251428,45664.157
1791251430,45662.1387
1791251432,45679.5788
1791251434,45683.9666
1791251436,45683.036
1791251438,45671.1662
1791251440,45670.6006
1791251442,45663.3019
1791251444,45683.087
1791251446,45678.3505
1791251448,45693.868
1791251450,45699.64
1791251452,45705.3213
1791251454,45709.2696
1791251456,45707.4942
1791251458,45697.6828
1791251460,45704.0484
1791251462,45710.0305
1791251464,45708.4918
1791251466,45699.0105
1791251468,45693.8907
1791251470,45688.1607
1791251472,45688.9403
1791251474,45688.8243
1791251476,45685.1376
1791251478,45679.1296
1791251480,45673.7052
1791251482,45676.8934
1791251484,45674.3722
1791251486,45666.825
1791251488,45665.0614
1791251490,45656.2565
1791251492,45656.1241
1791251494,45653.3921
1791251496,45643.4242
1791251498,45660.3708
1791251500,45654.1915
1791251502,45667.8724
1791251504,45675.0966
1791251506,45677.9574
1791251508,45688.369
1791251510,45689.2121
1791251512,45684.815
1791251514,45668.1784
1791251516,45669.1794
1791251518,45674.955
1791251520,45682.8463
1791251522,45684.5947
1791251524,45702.3851
1791251526,45721.6431
1791251528,45723.697
1791251530,45709.5497
1791251532,45717.4208
1791251534,45725.6322
1791251536,45734.8157
1791251538,45734.5504
1791251540,45735.093
1791251542,45749.3602
1791251544,45754.8244
1791251546,45758.508
1791251548,45772.3049
1791251550,45794.0674
1791251552,45805.0236
1791251554,45797.0957
1791251556,45807.3675
1791251558,45802.0491
1791251560,45787.8122
1791251562,45774.5737
1791251564,45765.4391
1791251566,45774.9457
1791251568,45780.084
1791251570,45775.0121
1791251572,45770.745
1791251574,45765.4782
1791251576,45761.207
1791251578,45760.523
1791251580,45755.5738
1791251582,45762.5591
1791251584,45758.3854
1791251586,45747.0862
1791251588,45751.1828
1791251590,45758.5417
1791251592,45762.6493
1791251594,45771.0493
1791251596,45757.9878
1791251598,45764.0856
1791251600,45778.7426
1791251602,45794.116
1791251604,45806.5703
1791251606,45814.2097
1791251608,45816.7229
1791251610,45810.6577
1791251612,45799.7197
1791251614,45813.7298
1791251616,45830.2789
1791251618,45840.8388
1791251620,45849.619
1791251622,45832.1134
1791251624,45835.3208
1791251626,45843.0517
1791251628,45842.699
1791251630,45853.9117
1791251632,45864.6461
1791251634,45855.6523
1791251636,45859.5875
1791251638,45856.4981
1791251640,45867.8365
1791251642,45858.0082
1791251644,45855.5382
1791251646,45856.5846
1791251648,45861.653
1791251650,45868.4698
1791251652,45865.024
1791251654,45879.3979
1791251656,45886.0233
1791251658,45890.2672
1791251660,45890.4405
1791251662,45888.5402
1791251664,45899.9137
1791251666,45892.351
1791251668,45892.657
1791251670,45891.0149
1791251672,45893.9269
1791251674,45889.7117
1791251676,45882.618
1791251678,45881.4475
1791251680,45891.5495
1791251682,45894.5466
1791251684,45888.8894
1791251686,45888.684
1791251688,45885.6228
1791251690,45885.7942
1791251692,45889.8287
1791251694,45881.34
1791251696,45889.3859
1791251698,45883.1728
1791251700,45872.4599
1791251702,45872.177
1791251704,45880.3383
1791251706,45859.2403
1791251708,45854.8802
1791251710,45860.2468
1791251712,45849.5937
1791251714,45854.0375
1791251716,45836.0921
1791251718,45835.2709
1791251720,45850.3433
1791251722,45857.4429
1791251724,45860.8635
1791251726,45872.9554
1791251728,45860.7738
1791251730,45855.696
1791251732,45865.3686
1791251734,45874.2293
1791251736,45860.5772
1791251738,45858.8152
1791251740,45848.2753
1791251742,45845.0041
1791251744,45856.7323
1791251746,45857.254
1791251748,45859.3354
1791251750,45865.287
1791251752,45865.7872
1791251754,45861.6983
1791251756,45866.6211
1791251758,45892.7755
1791251760,45898.7047
1791251762,45893.0378
1791251764,45884.0061
1791251766,45893.8947
1791251768,45898.2129
1791251770,45894.5576
1791251772,45900.811
1791251774,45900.8358
1791251776,45904.5725
1791251778,45898.0622
1791251780,45894.5949
1791251782,45896.1926
1791251784,45898.5011
1791251786,45884.7753
1791251788,45884.8594
1791251790,45882.049
1791251792,45869.371
1791251794,45881.9261
1791251796,45885.3669
1791251798,45887.4172
1791251800,45898.0962
1791251802,45900.3639
1791251804,45903.7865
1791251806,45902.4555
1791251808,45901.259
1791251810,45907.4637
1791251812,45903.2176
1791251814,45908.782
1791251816,45903.5345
1791251818,45919.9389
1791251820,45925.7628
1791251822,45932.5698
1791251824,45920.2841
1791251826,45912.7738
1791251828,45908.9353
1791251830,45916.075
1791251832,45918.0298
1791251834,45917.7584
1791251836,45919.2823
1791251838,45930.717
1791251840,45931.9476
1791251842,45938.0206
1791251844,45946.1019
1791251846,45939.7974
1791251848,45935.3951
1791251850,45931.1884
1791251852,45927.8028
1791251854,45923.1151
1791251856,45927.2505
1791251858,45917.3477
1791251860,45922.1373
1791251862,45916.3573
1791251864,45919.1381
1791251866,45904.0973
1791251868,45910.3642
1791251870,45901.5152
1791251872,45901.5575
1791251874,45900.647
1791251876,45905.1581
1791251878,45909.7212
1791251880,45893.5753
1791251882,45879.9088
1791251884,45882.6662
1791251886,45877.079
1791251888,45876.6791
1791251890,45886.2468
1791251892,45902.8278
1791251894,45897.0323
1791251896,45911.2229
1791251898,45910.0929
1791251900,45918.2807
1791251902,45903.9912
1791251904,45907.9957
1791251906,45914.634
1791251908,45930.1519
1791251910,45938.0339
1791251912,45932.9986
1791251914,45925.5226
1791251916,45924.7625
1791251918,45924.7184
1791251920,45931.5844
1791251922,45925.7277
1791251924,45919.6605
1791251926,45910.8041
1791251928,45911.9262
1791251930,45915.259
1791251932,45920.012
1791251934,45903.8164
1791251936,45905.2995
1791251938,45910.9961
1791251940,45918.2306
1791251942,45913.0964
1791251944,45907.5138
1791251946,45900.7966
1791251948,45903.637
1791251950,45912.9791
1791251952,45919.1539
1791251954,45911.5554
1791251956,45924.4764
1791251958,45928.6138
1791251960,45922.9515
1791251962,45920.2528
1791251964,45931.6796
1791251966,45918.7483
1791251968,45922.9959
1791251970,45921.3479
1791251972,45932.8429
1791251974,45924.4319
1791251976,45922.0053
1791251978,45929.1184
1791251980,45932.506
1791251982,45942.6797
1791251984,45948.6066
1791251986,45948.3776
1791251988,45958.6355
1791251990,45954.0186
1791251992,45971.0826
1791251994,45967.0526
1791251996,45974.3917
1791251998,45978.8878
1791252000,45985.0116
1791252002,45974.345
1791252004,45979.9493
1791252006,45989.7455
1791252008,45986.8622
1791252010,45992.0341
1791252012,45996.5736
1791252014,45981.6938
1791252016,45981.0996
1791252018,45978.2026
1791252020,45980.1947
1791252022,45976.9692
1791252024,45972.1019
1791252026,45967.6029
1791252028,45958.896
1791252030,45959.0559
1791252032,45951.7328
1791252034,45958.1872
1791252036,45952.5633
1791252038,45955.4782
1791252040,45946.1172
1791252042,45946.6191
1791252044,45964.6256
1791252046,45966.1819
1791252048,45950.29
1791252050,45940.4372
1791252052,45931.4848
1791252054,45933.7766
1791252056,45937.1256
1791252058,45939.7189
1791252060,45949.7384
1791252062,45954.4361
1791252064,45950.5859
1791252066,45949.2846
1791252068,45938.6994
1791252070,45944.4893
1791252072,45930.1099
1791252074,45935.7749
1791252076,45944.194
1791252078,45950.9332
1791252080,45964.6041
1791252082,45953.5534
1791252084,45946.2639
1791252086,45948.4536
1791252088,45958.1799
1791252090,45956.7529
1791252092,45960.0162
1791252094,45958.5407
1791252096,45958.5417
1791252098,45967.6237
1791252100,45976.1208
1791252102,45972.8723
1791252104,45967.9744
1791252106,45966.379
1791252108,45974.9964
1791252110,45981.3178
1791252112,45981.5579
1791252114,45987.3193
1791252116,45970.1652
1791252118,45949.6558
1791252120,45950.9086
1791252122,45952.3989
1791252124,45950.2445
1791252126,45946.9731
1791252128,45948.6682
1791252130,45952.1754
1791252132,45948.2107
1791252134,45951.5017
1791252136,45950.8893
1791252138,45952.307
1791252140,45956.2042
1791252142,45950.7742
1791252144,45943.3696
1791252146,45942.9163
1791252148,45941.2503
1791252150,45930.0859
1791252152,45930.8098
1791252154,45929.1217
1791252156,45916.8378
1791252158,45917.0592
1791252160,45922.1471
1791252162,45919.1875
1791252164,45912.8882
1791252166,45902.8036
1791252168,45908.3038
1791252170,45901.5598
1791252172,45909.717
1791252174,45907.3285
1791252176,45918.3533
1791252178,45917.6492
1791252180,45932.2877
1791252182,45911.2839
1791252184,45905.3153
1791252186,45904.241
1791252188,45918.427
1791252190,45919.0133
1791252192,45928.8104
1791252194,45930.9606
1791252196,45931.5945
1791252198,45931.9927
1791252200,45920.9673
1791252202,45935.3232
1791252204,45933.1987
1791252206,45942.4002
1791252208,45962.0927
1791252210,45970.6022
1791252212,45952.0604
1791252214,45970.2193
1791252216,45961.705
1791252218,45959.8606
1791252220,45962.6607
1791252222,45958.8408
1791252224,45950.9394
1791252226,45937.6046
1791252228,45949.0769
1791252230,45952.2707
1791252232,45943.6639
1791252234,45948.4968
1791252236,45947.7924
1791252238,45952.0741
1791252240,45962.8827
1791252242,45958.1443
1791252244,45960.4406
1791252246,45961.6209
1791252248,45947.9475
1791252250,45943.278
1791252252,45957.3446
1791252254,45950.5536
1791252256,45959.8419
1791252258,45965.2913
1791252260,45967.6705
1791252262,45965.0543
1791252264,45961.9247
1791252266,45956.8587
1791252268,45963.7768
1791252270,45950.855
1791252272,45959.1511
1791252274,45975.2879
1791252276,45983.0642
1791252278,45981.8237
1791252280,45973.5559
1791252282,45976.8101
1791252284,45982.3441
1791252286,45973.6196
1791252288,45961.9486
1791252290,45968.0107
1791252292,45981.478
1791252294,45982.0172
1791252296,45983.4419
1791252298,45983.937
1791252300,45980.962
1791252302,45981.0869
1791252304,45970.9281
1791252306,45974.4402
1791252308,45979.0231
1791252310,45985.8483
1791252312,45999.071
1791252314,46005.3635
1791252316,46008.2428
1791252318,46013.9607
1791252320,45999.8472
1791252322,46003.5065
1791252324,46014.5773
1791252326,46009.2362
1791252328,46001.8137
1791252330,45997.6092
1791252332,45998.5988
1791252334,45999.9042
1791252336,45999.9696
1791252338,45996.2361
1791252340,45992.0316
1791252342,45995.3638
1791252344,45979.5607
1791252346,45963.3183
1791252348,45957.8914
1791252350,45949.7547
1791252352,45951.2803
1791252354,45956.0924
1791252356,45960.5877
1791252358,45935.9406
1791252360,45914.5963
1791252362,45904.7828
1791252364,45909.2136
1791252366,45909.6377
1791252368,45909.4615
1791252370,45897.3552
1791252372,45904.5787
1791252374,45912.0175
1791252376,45905.1274
1791252378,45900.3129
1791252380,45898.6446
1791252382,45910.6219
1791252384,45905.7456
1791252386,45896.5459
1791252388,45902.1792
1791252390,45910.3316
1791252392,45922.9698
1791252394,45933.2152
1791252396,45926.435
1791252398,45927.8274
1791252400,45912.0284
1791252402,45903.0585
1791252404,45888.6634
1791252406,45894.7
1791252408,45895.4255
1791252410,45889.262
1791252412,45890.0214
1791252414,45890.6712
1791252416,45886.4418
1791252418,45896.2924
1791252420,45886.568
1791252422,45872.3485
1791252424,45862.7871
1791252426,45855.1768
1791252428,45854.1878
1791252430,45855.2826
1791252432,45870.778
1791252434,45882.1316
1791252436,45878.6145
1791252438,45876.5336
1791252440,45884.254
1791252442,45877.1734
1791252444,45873.8888
1791252446,45881.9144
1791252448,45876.4399
1791252450,45869.0253
1791252452,45853.2526
1791252454,45850.911
1791252456,45850.8441
1791252458,45843.5706
1791252460,45846.0978
1791252462,45837.735
1791252464,45842.2973
1791252466,45830.2664
1791252468,45825.0219
1791252470,45826.9956
1791252472,45825.4428
1791252474,45829.5878
1791252476,45835.6091
1791252478,45833.4673
1791252480,45831.0089
1791252482,45837.1721
1791252484,45846.4449
1791252486,45839.5666
1791252488,45835.0568
1791252490,45839.0719
1791252492,45844.4008
1791252494,45848.552
1791252496,45832.3896
1791252498,45822.5479
1791252500,45828.0307
1791252502,45823.7031
1791252504,45813.5595
1791252506,45810.9151
1791252508,45823.6775
1791252510,45821.6659
1791252512,45846.7397
1791252514,45841.9486
1791252516,45833.3929
1791252518,45829.6074
1791252520,45819.9341
1791252522,45818.1946
1791252524,45808.5787
1791252526,45800.3799
1791252528,45792.1407
1791252530,45788.2644
1791252532,45786.8788
1791252534,45797.1496
1791252536,45791.9297
1791252538,45784.6285
1791252540,45775.7392
1791252542,45776.6556
1791252544,45768.7111
1791252546,45777.213
1791252548,45786.5859
1791252550,45808.2459
1791252552,45806.1382
1791252554,45799.7322
1791252556,45789.4288
1791252558,45780.1403
1791252560,45782.8314
1791252562,45795.6044
1791252564,45789.4634
1791252566,45779.2
1791252568,45786.8122
1791252570,45779.9053
1791252572,45782.4579
1791252574,45774.7356
1791252576,45765.2844
1791252578,45771.4643
1791252580,45761.4159
1791252582,45747.602
1791252584,45737.0255
1791252586,45737.194
1791252588,45738.4062
1791252590,45749.1764
1791252592,45741.1141
1791252594,45749.5578
1791252596,45751.7705
1791252598,45759.2267
1791252600,45766.5968
1791252602,45781.2223
1791252604,45778.2192
1791252606,45778.5532
1791252608,45775.3648
1791252610,45791.907
1791252612,45793.7186
1791252614,45793.7045
1791252616,45792.8973
1791252618,45783.5298
1791252620,45795.0041
1791252622,45816.5242
1791252624,45814.4033
1791252626,45815.7996
1791252628,45820.4162
1791252630,45827.2755
1791252632,45835.055
1791252634,45834.5098
1791252636,45849.1372
1791252638,45829.244
1791252640,45832.2123
1791252642,45809.4668
1791252644,45816.734
1791252646,45815.4632
1791252648,45807.0148
1791252650,45800.6708
1791252652,45801.3374
1791252654,45808.3995
1791252656,45812.0642
1791252658,45816.1227
1791252660,45810.7349
1791252662,45804.4357
1791252664,45806.447
1791252666,45820.2083
1791252668,45813.892
1791252670,45810.8047
1791252672,45815.9895
1791252674,45825.5763
1791252676,45828.2499
1791252678,45808.7568
1791252680,45813.2987
1791252682,45806.171
1791252684,45815.2147
1791252686,45810.9615
1791252688,45794.7291
1791252690,45798.9932
1791252692,45770.3515
1791252694,45758.0299
1791252696,45749.5049
1791252698,45745.7938
1791252700,45746.8295
1791252702,45750.8621
1791252704,45748.7147
1791252706,45748.5447
1791252708,45756.773
1791252710,45760.5216
1791252712,45758.6944
1791252714,45747.3401
1791252716,45753.8777
1791252718,45754.1744
1791252720,45753.3767
1791252722,45754.0894
1791252724,45765.1902
1791252726,45755.347
1791252728,45754.6221
1791252730,45747.3091
1791252732,45746.1881
1791252734,45758.9682
1791252736,45771.579
1791252738,45773.8741
1791252740,45767.1595
1791252742,45781.8136
1791252744,45782.2855
1791252746,45783.7157
1791252748,45788.0395
1791252750,45770.8957
1791252752,45768.0147
1791252754,45771.7765
1791252756,45773.5767
1791252758,45774.0386
1791252760,45759.9618
1791252762,45767.1249
1791252764,45761.8801
1791252766,45772.5013
1791252768,45770.4848
1791252770,45767.4333
1791252772,45777.1097
1791252774,45765.1278
1791252776,45748.6242
1791252778,45740.5896
1791252780,45738.7554
1791252782,45739.4063
1791252784,45735.5753
1791252786,45734.8558
1791252788,45732.5393
1791252790,45734.5816
1791252792,45734.3615
1791252794,45739.4229
1791252796,45750.6487
1791252798,45743.3358
1791252800,45736.8381
1791252802,45743.7092
1791252804,45752.9797
1791252806,45767.3257
1791252808,45756.0522
1791252810,45766.8479
1791252812,45748.709
1791252814,45735.1842
1791252816,45732.5841
1791252818,45724.1455
1791252820,45705.2045
1791252822,45706.8176
1791252824,45710.3971
1791252826,45701.8967
1791252828,45690.139
1791252830,45699.1977
1791252832,45704.8555
1791252834,45687.1841
1791252836,45681.8298
1791252838,45675.7833
1791252840,45656.6132
1791252842,45654.3651
1791252844,45660.3373
1791252846,45667.4206
1791252848,45671.0839
1791252850,45664.1668
1791252852,45668.8382
1791252854,45675.6395
1791252856,45677.845
1791252858,45683.5689
1791252860,45698.7208
1791252862,45718.3884
1791252864,45717.9949
1791252866,45726.5946
1791252868,45722.1424
1791252870,45730.6786
1791252872,45724.9068
1791252874,45727.9656
1791252876,45733.4914
1791252878,45743.9747
1791252880,45752.6152
1791252882,45742.8036
1791252884,45740.95
1791252886,45725.9011
1791252888,45731.736
1791252890,45724.945
1791252892,45730.1798
1791252894,45707.0498
1791252896,45703.2681
1791252898,45703.2166
1791252900,45713.1548
1791252902,45709.6888
1791252904,45694.9686
1791252906,45698.42
1791252908,45693.058
1791252910,45695.3045
1791252912,45701.1294
1791252914,45704.4688
1791252916,45702.2336
1791252918,45684.4491
1791252920,45696.3215
1791252922,45704.9536
1791252924,45703.5738
1791252926,45722.6269
1791252928,45721.2337
1791252930,45726.1617
1791252932,45732.7718
1791252934,45732.4539
1791252936,45736.6019
1791252938,45733.4077
1791252940,45730.7562
1791252942,45733.4899
1791252944,45725.1148
1791252946,45748.4682
1791252948,45753.106
1791252950,45750.4519
1791252952,45736.0935
1791252954,45745.6969
1791252956,45752.3645
1791252958,45762.0186
1791252960,45754.7912
1791252962,45760.3397
1791252964,45769.9788
1791252966,45754.7943
1791252968,45760.6003
1791252970,45762.8198
1791252972,45763.4563
1791252974,45768.0654
1791252976,45761.2875
1791252978,45756.8696
1791252980,45748.1741
1791252982,45753.5703
1791252984,45765.3572
1791252986,45771.1315
1791252988,45782.0265
1791252990,45774.0702
1791252992,45774.3493
1791252994,45762.4214
1791252996,45762.694
1791252998,45768.9562
1791253000,45763.4753
1791253002,45762.2401
1791253004,45767.3056
1791253006,45771.6565
1791253008,45781.1113
1791253010,45796.7277
1791253012,45792.3136
1791253014,45798.1505
1791253016,45791.8048
1791253018,45786.1451
1791253020,45781.5706
1791253022,45773.5931
1791253024,45770.5548
1791253026,45764.3976
1791253028,45768.6777
1791253030,45765.4547
1791253032,45755.6006
1791253034,45747.7758
1791253036,45742.2868
1791253038,45737.4715
1791253040,45743.7536
1791253042,45747.7746
1791253044,45754.6464
1791253046,45756.3336
1791253048,45754.5348
1791253050,45756.1945
1791253052,45763.0404
1791253054,45756.3196
1791253056,45747.4996
1791253058,45752.2905
1791253060,45749.1716
1791253062,45738.6965
1791253064,45745.9328
1791253066,45755.8064
1791253068,45751.0528
1791253070,45763.9762
1791253072,45773.7582
1791253074,45770.2884
1791253076,45787.2556
1791253078,45786.831
1791253080,45791.4722
1791253082,45797.5942
1791253084,45793.6243
1791253086,45790.1654
1791253088,45790.3777
1791253090,45788.0846
1791253092,45783.8474
1791253094,45772.061
1791253096,45776.2313
1791253098,45764.8292
1791253100,45766.2877
1791253102,45760.2154
1791253104,45757.9126
1791253106,45767.4774
1791253108,45772.4012
1791253110,45772.1728
1791253112,45771.3862
1791253114,45770.1234
1791253116,45764.8062
1791253118,45770.5776
1791253120,45764.6165
1791253122,45745.567
1791253124,45768.6861
1791253126,45784.4733
1791253128,45777.0538
1791253130,45762.5797
1791253132,45761.1499
1791253134,45769.4893
1791253136,45780.7507
1791253138,45779.4165
1791253140,45767.8263
1791253142,45775.9238
1791253144,45763.2099
1791253146,45766.9115
1791253148,45763.5948
1791253150,45757.5522
1791253152,45744.072
1791253154,45736.5706
1791253156,45724.5582
1791253158,45727.8654
1791253160,45724.7226
1791253162,45712.1833
1791253164,45713.056
1791253166,45703.6833
1791253168,45707.3182
1791253170,45694.7542
1791253172,45698.9062
1791253174,45695.0885
1791253176,45673.641
1791253178,45676.4889
1791253180,45680.625
1791253182,45672.2291
1791253184,45671.7033
1791253186,45675.1502
1791253188,45661.5186
1791253190,45667.3942
1791253192,45671.8143
1791253194,45674.5902
1791253196,45679.4464
1791253198,45686.8957
1791253200,45681.1699
1791253202,45678.7576
1791253204,45676.3336
1791253206,45670.9992
1791253208,45669.2143
1791253210,45668.9115
1791253212,45670.958
1791253214,45678.815
1791253216,45680.6217
1791253218,45685.6671
1791253220,45669.3721
1791253222,45654.094
1791253224,45653.6619
1791253226,45640.9141
1791253228,45652.3417
1791253230,45649.7723
1791253232,45646.9211
1791253234,45651.8628
1791253236,45650.9959
1791253238,45646.7329
1791253240,45642.5314
1791253242,45640.1173
1791253244,45634.9871
1791253246,45635.361
1791253248,45625.123
1791253250,45640.7957
1791253252,45636.0061
1791253254,45632.7316
1791253256,45641.7077
1791253258,45649.234
1791253260,45641.1127
1791253262,45651.8628
1791253264,45652.1569
1791253266,45646.7908
1791253268,45653.5036
1791253270,45656.6193
1791253272,45661.4533
1791253274,45681.7374
1791253276,45687.2511
1791253278,45691.9161
1791253280,45690.6577
1791253282,45691.4298
1791253284,45687.7022
1791253286,45678.7798
1791253288,45701.3002
1791253290,45704.5439
1791253292,45690.9187
1791253294,45695.724
1791253296,45690.0797
1791253298,45680.3888
1791253300,45680.0395
1791253302,45666.3227
1791253304,45666.1519
1791253306,45673.5927
1791253308,45667.0522
1791253310,45675.4734
1791253312,45667.7391
1791253314,45677.4624
1791253316,45680.1635
1791253318,45668.5171
1791253320,45679.5513
1791253322,45670.5519
1791253324,45672.9992
1791253326,45661.8697
1791253328,45659.7121
1791253330,45660.5121
1791253332,45667.2966
1791253334,45670.6217
1791253336,45667.5082
1791253338,45685.8476
1791253340,45688.023
1791253342,45674.1088
1791253344,45685.9826
1791253346,45684.4259
1791253348,45672.1479
1791253350,45681.145
1791253352,45672.5443
1791253354,45670.6929
1791253356,45680.0125
1791253358,45696.5198
1791253360,45683.1103
1791253362,45680.4775
1791253364,45677.1505
1791253366,45671.9677
1791253368,45671.8978
1791253370,45671.5054
1791253372,45658.6996
1791253374,45649.8559
1791253376,45642.5781
1791253378,45637.8551
1791253380,45632.1986
1791253382,45639.1219
1791253384,45640.665
1791253386,45632.1658
1791253388,45643.5851
1791253390,45640.4391
1791253392,45631.1692
1791253394,45639.4312
1791253396,45631.8033
1791253398,45622.5542
1791253400,45625.0765
1791253402,45607.5947
1791253404,45596.584
1791253406,45595.4617
1791253408,45594.4721
1791253410,45595.3281
1791253412,45582.3552
1791253414,45574.1396
1791253416,45570.5946
1791253418,45579.5443
1791253420,45581.8695
1791253422,45574.1953
1791253424,45574.9621
1791253426,45576.6665
1791253428,45578.0257
1791253430,45570.2236
1791253432,45560.7232
1791253434,45568.2755
1791253436,45559.79
1791253438,45558.2113
1791253440,45565.725
1791253442,45578.4408
1791253444,45585.6217
1791253446,45564.968
1791253448,45563.0643
1791253450,45548.9786
1791253452,45543.0288
1791253454,45548.051
1791253456,45547.0933
1791253458,45554.2181
1791253460,45554.3834
1791253462,45572.7231
1791253464,45558.7669
1791253466,45534.7367
1791253468,45540.7107
1791253470,45555.1022
1791253472,45545.5526
1791253474,45544.6119
1791253476,45533.5064
1791253478,45528.5025
1791253480,45527.2992
1791253482,45523.2025
1791253484,45528.3836
1791253486,45532.3692
1791253488,45527.751
1791253490,45527.718
1791253492,45524.3627
1791253494,45514.0093
1791253496,45504.0702
1791253498,45536.5922
1791253500,45537.4787
1791253502,45527.1689
1791253504,45532.4445
1791253506,45533.8834
1791253508,45524.2982
1791253510,45522.2638
1791253512,45517.0573
1791253514,45516.7031
1791253516,45519.3304
1791253518,45512.1883
1791253520,45514.3715
1791253522,45520.0537
1791253524,45517.1364
1791253526,45506.7515
1791253528,45506.0559
1791253530,45516.548
1791253532,45520.3622
1791253534,45500.8777
1791253536,45493.9346
1791253538,45494.2357
1791253540,45488.2075
1791253542,45482.6256
1791253544,45486.5401
1791253546,45491.9266
1791253548,45489.3363
1791253550,45470.6923
1791253552,45483.3435
1791253554,45475.6473
1791253556,45476.8482
1791253558,45496.728
1791253560,45499.1034
1791253562,45507.5638
1791253564,45511.0146
1791253566,45514.9712
1791253568,45533.337
1791253570,45547.4279
1791253572,45543.3568
1791253574,45554.8123
1791253576,45566.9689
1791253578,45578.4677
1791253580,45594.81
1791253582,45588.7297
1791253584,45587.9177
1791253586,45604.949
1791253588,45592.6135
1791253590,45610.1659
1791253592,45609.7871
1791253594,45618.5814
1791253596,45603.2108
1791253598,45597.4148
1791253600,45593.0006
1791253602,45583.1638
1791253604,45588.5845
1791253606,45582.0874
1791253608,45575.9044
1791253610,45569.911
1791253612,45565.9155
1791253614,45574.3401
1791253616,45586.7031
1791253618,45575.9951
1791253620,45565.2999
1791253622,45578.4352
1791253624,45583.8894
1791253626,45596.9482
1791253628,45609.1284
1791253630,45619.5192
1791253632,45622.1836
1791253634,45617.5004
1791253636,45626.1154
1791253638,45633.1479
1791253640,45632.3334
1791253642,45627.312
1791253644,45635.9284
1791253646,45632.7306
1791253648,45630.2471
1791253650,45633.5145
1791253652,45634.5197
1791253654,45639.7043
1791253656,45628.0804
1791253658,45611.0119
1791253660,45606.3893
1791253662,45610.9632
1791253664,45597.9133
1791253666,45579.5345
1791253668,45586.2655
1791253670,45590.6248
1791253672,45585.805
1791253674,45588.8662
1791253676,45593.92
1791253678,45594.1108
1791253680,45598.5521
1791253682,45597.7838
1791253684,45590.7927
1791253686,45585.6614
1791253688,45580.3913
1791253690,45581.8808
1791253692,45597.4336
1791253694,45602.8597
1791253696,45599.2191
1791253698,45601.5032
1791253700,45600.3863
1791253702,45604.8305
1791253704,45596.535
1791253706,45583.4457
1791253708,45586.5133
1791253710,45587.2059
1791253712,45586.5021
1791253714,45567.7812
1791253716,45558.798
1791253718,45562.9451
1791253720,45557.977
1791253722,45559.952
1791253724,45556.5404
1791253726,45553.754
1791253728,45554.7465
1791253730,45554.4205
1791253732,45562.3329
1791253734,45570.498
1791253736,45570.8829
1791253738,45558.3562
1791253740,45551.8039
1791253742,45559.0707
1791253744,45552.0376
1791253746,45548.567
1791253748,45549.7473
1791253750,45544.323
1791253752,45549.7076
1791253754,45545.7238
1791253756,45548.696
1791253758,45547.2786
1791253760,45546.5961
1791253762,45542.1404
1791253764,45556.8014
1791253766,45560.6599
1791253768,45568.9321
1791253770,45570.0717
1791253772,45579.8071
1791253774,45595.9798
1791253776,45587.3272
1791253778,45586.3629
1791253780,45584.7142
1791253782,45582.7146
1791253784,45587.9967
1791253786,45592.0482
1791253788,45597.0847
1791253790,45600.2108
1791253792,45608.9368
1791253794,45598.4202
1791253796,45608.3558
1791253798,45609.7962
1791253800,45621.7318
1791253802,45645.8721
1791253804,45656.5601
1791253806,45651.3592
1791253808,45644.5038
1791253810,45648.6138
1791253812,45663.7414
1791253814,45651.257
1791253816,45647.4712
1791253818,45639.4589
1791253820,45633.8873
1791253822,45624.4402
1791253824,45614.6502
1791253826,45610.8102
1791253828,45607.6698
1791253830,45610.0756
1791253832,45615.7056
1791253834,45620.201
1791253836,45622.6855
1791253838,45614.7358
1791253840,45613.9321
1791253842,45623.3029
1791253844,45626.9695
1791253846,45622.0308
1791253848,45619.432
1791253850,45618.2422
1791253852,45612.5218
1791253854,45618.3901
1791253856,45638.1148
1791253858,45634.7774
1791253860,45630.3964
1791253862,45631.7919
1791253864,45632.1359
1791253866,45628.7351
1791253868,45633.1749
1791253870,45626.5721
1791253872,45630.6352
1791253874,45628.0473
1791253876,45621.2851
1791253878,45611.1412
1791253880,45620.4491
1791253882,45623.0832
1791253884,45620.3634
1791253886,45619.8638
1791253888,45601.0493
1791253890,45598.7172
1791253892,45603.1465
1791253894,45601.457
1791253896,45599.8783
1791253898,45604.0206
1791253900,45593.1069
1791253902,45592.9945
1791253904,45583.1846
1791253906,45571.905
1791253908,45572.4291
1791253910,45577.0635
1791253912,45565.4211
1791253914,45572.2665
1791253916,45574.6025
1791253918,45579.0763
1791253920,45582.1003
1791253922,45583.7934
1791253924,45574.4758
1791253926,45577.6532
1791253928,45569.3255
1791253930,45585.3483
1791253932,45585.3219
1791253934,45583.4637
1791253936,45578.4408
1791253938,45588.1116
1791253940,45584.1549
1791253942,45598.674
1791253944,45616.606
1791253946,45611.1692
1791253948,45604.8721
1791253950,45594.0113
1791253952,45586.4402
1791253954,45585.8002
1791253956,45579.516
1791253958,45592.7824
1791253960,45592.6702
1791253962,45585.8371
1791253964,45580.1682
1791253966,45559.5857
1791253968,45566.7622
1791253970,45567.5003
1791253972,45559.7609
1791253974,45551.3496
1791253976,45555.2608
1791253978,45564.5495
1791253980,45556.0067
1791253982,45554.7816
1791253984,45567.2924
1791253986,45572.1305
1791253988,45576.8004
1791253990,45575.1646
1791253992,45581.7342
1791253994,45574.9785
1791253996,45571.247
1791253998,45578.0264
1791254000,45589.7989
1791254002,45570.5577
1791254004,45578.7308
1791254006,45563.2251
1791254008,45574.8162
1791254010,45574.8117
1791254012,45571.3597
1791254014,45581.3646
1791254016,45587.0324
1791254018,45579.5022
1791254020,45561.8528
1791254022,45559.8161
1791254024,45553.7262
1791254026,45558.1069
1791254028,45555.1801
1791254030,45552.1425
1791254032,45552.8262
1791254034,45560.1632
1791254036,45535.6333
1791254038,45550.6949
1791254040,45565.6495
1791254042,45555.6994
1791254044,45554.5657
1791254046,45551.4101
1791254048,45539.0566
1791254050,45548.2086
1791254052,45548.0168
1791254054,45560.8101
1791254056,45550.247
1791254058,45563.7979
1791254060,45566.2353
1791254062,45559.4376
1791254064,45550.8611
1791254066,45573.471
1791254068,45576.959
1791254070,45577.1763
1791254072,45580.7486
1791254074,45580.5035
1791254076,45579.3043
1791254078,45563.462
1791254080,45567.7314
1791254082,45576.2555
1791254084,45576.3618
1791254086,45597.9922
1791254088,45594.8349
1791254090,45579.1844
1791254092,45594.5716
1791254094,45600.7406
1791254096,45602.9145
1791254098,45600.5551
1791254100,45603.9915
1791254102,45607.9819
1791254104,45606.6648
1791254106,45610.0868
1791254108,45608.3658
1791254110,45600.6627
1791254112,45604.8201
1791254114,45603.1588
1791254116,45608.2239
1791254118,45612.496
1791254120,45606.4427
1791254122,45606.7653
1791254124,45601.7697
1791254126,45600.5288
1791254128,45603.0778
1791254130,45610.9907
1791254132,45616.7987
1791254134,45628.6131
1791254136,45623.5291
1791254138,45618.4159
1791254140,45619.0135
1791254142,45619.6364
1791254144,45617.725
1791254146,45619.3826
1791254148,45621.156
1791254150,45614.2835
1791254152,45605.1628
1791254154,45606.0397
1791254156,45607.4045
1791254158,45602.4296
1791254160,45613.0864
1791254162,45616.3973
1791254164,45608.5094
1791254166,45604.824
1791254168,45602.6857
1791254170,45603.9633
1791254172,45619.3812
1791254174,45612.7242
1791254176,45603.9488
1791254178,45592.789
1791254180,45599.5726
1791254182,45588.9533
1791254184,45598.8255
1791254186,45599.5186
1791254188,45602.1036
1791254190,45599.1288
1791254192,45592.1032
1791254194,45572.0941
1791254196,45579.5186
1791254198,45577.7251
1791254200,45586.2423
1791254202,45591.5979
1791254204,45595.9473
1791254206,45585.074
1791254208,45595.1147
1791254210,45594.7124
1791254212,45610.6855
1791254214,45609.0835
1791254216,45629.3865
1791254218,45632.0481
1791254220,45640.8641
1791254222,45633.7959
1791254224,45626.4633
1791254226,45623.772
1791254228,45630.5327
1791254230,45637.9795
1791254232,45652.4941
1791254234,45644.1179
1791254236,45627.0444
1791254238,45621.0629
1791254240,45621.9749
1791254242,45617.3455
1791254244,45613.2432
1791254246,45596.5134
1791254248,45593.8925
1791254250,45579.8499
1791254252,45582.4417
1791254254,45575.8282
1791254256,45581.7936
1791254258,45591.1971
1791254260,45603.4048
1791254262,45587.7131
1791254264,45587.062
1791254266,45584.0095
1791254268,45569.2051
1791254270,45565.1627
1791254272,45581.5232
1791254274,45575.7921
1791254276,45562.4398
1791254278,45562.0104
1791254280,45569.9278
1791254282,45564.0558
1791254284,45573.2677
1791254286,45557.1152
1791254288,45558.7471
1791254290,45550.891
1791254292,45556.7
1791254294,45554.1264
1791254296,45576.7863
1791254298,45576.7887
1791254300,45583.3278
1791254302,45571.9545
1791254304,45571.4557
1791254306,45565.0486
1791254308,45562.0886
1791254310,45547.8286
1791254312,45531.9273
1791254314,45533.3828
1791254316,45536.3585
1791254318,45516.786
1791254320,45519.4153
1791254322,45513.6606
1791254324,45521.8645
1791254326,45533.6051
1791254328,45519.2694
1791254330,45506.8574
1791254332,45506.0113
1791254334,45507.0982
1791254336,45501.9746
1791254338,45496.0649
1791254340,45508.4609
1791254342,45509.4223
1791254344,45502.9494
1791254346,45495.7009
1791254348,45488.615
1791254350,45494.1629
1791254352,45516.327
1791254354,45518.3399
1791254356,45533.9818
1791254358,45538.3266
1791254360,45550.0152
1791254362,45554.4537
1791254364,45545.4771
1791254366,45537.5854
1791254368,45531.0345
1791254370,45542.9625
1791254372,45545.2342
1791254374,45537.5948
1791254376,45530.7499
1791254378,45546.0992
1791254380,45536.2099
1791254382,45545.3428
1791254384,45559.4401
1791254386,45574.9298
1791254388,45570.9732
1791254390,45553.6325
1791254392,45538.8798
1791254394,45536.9546
1791254396,45548.9517
1791254398,45548.0206
1791254400,45534.0368
1791254402,45528.8463
1791254404,45539.2052
1791254406,45553.1395
1791254408,45558.3218
1791254410,45561.0813
1791254412,45575.696
1791254414,45553.7088
1791254416,45554.9848
1791254418,45555.2215
1791254420,45547.6892
1791254422,45536.1588
1791254424,45529.7831
1791254426,45541.5033
1791254428,45529.935
1791254430,45513.2143
1791254432,45530.0319
1791254434,45523.0565
1791254436,45507.5944
1791254438,45512.5978
1791254440,45507.1861
1791254442,45525.1855
1791254444,45523.5397
1791254446,45516.2302
1791254448,45511.9185
1791254450,45513.978
1791254452,45500.439
1791254454,45490.4483
1791254456,45474.7308
1791254458,45485.0515
1791254460,45484.6034
1791254462,45480.7704
1791254464,45480.6442
1791254466,45477.049
1791254468,45480.9417
1791254470,45475.9324
1791254472,45485.0905
1791254474,45498.7131
1791254476,45489.8981
1791254478,45490.8196
1791254480,45491.7776
1791254482,45478.5708
1791254484,45482.8745
1791254486,45478.1139
1791254488,45494.5408
1791254490,45489.721
1791254492,45496.4339
1791254494,45504.6087
1791254496,45493.8979
1791254498,45491.2361
1791254500,45491.7913
1791254502,45488.6414
1791254504,45474.6347
1791254506,45467.1617
1791254508,45460.5923
1791254510,45468.5023
1791254512,45474.0238
1791254514,45480.063
1791254516,45465.7498
1791254518,45478.6124
1791254520,45463.1425
1791254522,45454.9482
1791254524,45454.7445
1791254526,45448.6004
1791254528,45451.4126
1791254530,45451.0299
1791254532,45435.6686
1791254534,45431.4274
1791254536,45440.32
1791254538,45447.5858
1791254540,45443.0255
1791254542,45446.2132
1791254544,45445.6346
1791254546,45451.2696
1791254548,45454.6013
1791254550,45459.7585
1791254552,45466.5504
1791254554,45466.3135
1791254556,45464.5467
1791254558,45467.0693
1791254560,45446.5378
1791254562,45450.1998
1791254564,45440.0114
1791254566,45424.626
1791254568,45419.1401
1791254570,45419.7477
1791254572,45418.717
1791254574,45431.1079
1791254576,45416.0194
1791254578,45424.811
1791254580,45410.1323
1791254582,45413.4178
1791254584,45414.6564
1791254586,45414.8682
1791254588,45420.324
1791254590,45426.28
1791254592,45412.4313
1791254594,45422.8914
1791254596,45423.8032
1791254598,45425.6959
1791254600,45429.1903
1791254602,45430.1023
1791254604,45444.0728
1791254606,45441.2192
1791254608,45459.3881
1791254610,45448.6393
1791254612,45446.0124
1791254614,45443.7204
1791254616,45437.0316
1791254618,45427.8416
1791254620,45429.0682
1791254622,45428.8989
1791254624,45435.879
1791254626,45441.7728
1791254628,45443.2807
1791254630,45440.8688
1791254632,45445.1617
1791254634,45466.7443
1791254636,45457.5649
1791254638,45451.293
1791254640,45454.7677
1791254642,45458.4882
1791254644,45456.4413
1791254646,45454.8334
1791254648,45462.0003
1791254650,45460.2559
1791254652,45454.656
1791254654,45448.6256
1791254656,45445.6837
1791254658,45441.6734
1791254660,45447.5705
1791254662,45436.6144
1791254664,45435.5673
1791254666,45444.4694
1791254668,45450.2281
1791254670,45455.9405
1791254672,45469.1648
1791254674,45465.1704
1791254676,45479.6622
1791254678,45474.798
1791254680,45486.3363
1791254682,45476.1752
1791254684,45482.8826
1791254686,45487.7198
1791254688,45487.8721
1791254690,45495.8264
1791254692,45504.0162
1791254694,45502.8563
1791254696,45504.2465
1791254698,45503.7115
1791254700,45498.2062
1791254702,45494.3847
1791254704,45499.4113
1791254706,45505.7646
1791254708,45513.6838
1791254710,45516.4072
1791254712,45522.1924
1791254714,45532.1469
1791254716,45527.5558
1791254718,45531.4744
1791254720,45537.6617
1791254722,45522.8299
1791254724,45546.4642
1791254726,45544.2152
1791254728,45545.5728
1791254730,45551.7267
1791254732,45542.7572
1791254734,45530.4904
1791254736,45526.4181
1791254738,45510.2414
1791254740,45507.6471
1791254742,45517.1441
1791254744,45523.5045
1791254746,45536.8682
1791254748,45533.762
1791254750,45548.7564
1791254752,45556.9933
1791254754,45567.0798
1791254756,45565.4058
1791254758,45545.5316
1791254760,45547.1617
1791254762,45541.3871
1791254764,45546.7032
1791254766,45550.6567
1791254768,45561.3711
1791254770,45554.4433
1791254772,45560.6781
1791254774,45562.5663
1791254776,45571.0356
1791254778,45567.8126
1791254780,45569.9419
1791254782,45585.8924
1791254784,45601.936
1791254786,45604.4585
1791254788,45616.2491
1791254790,45618.714
1791254792,45617.3287
1791254794,45610.8677
1791254796,45593.7309
1791254798,45604.4254
1791254800,45600.8234
1791254802,45589.8295
1791254804,45587.6238
1791254806,45586.2175
1791254808,45579.069
1791254810,45579.055
1791254812,45562.6544
1791254814,45565.6693
1791254816,45573.9908
1791254818,45573.6921
1791254820,45567.8802
1791254822,45564.3423
1791254824,45568.7845
1791254826,45567.8104
1791254828,45567.3913
1791254830,45559.7786
1791254832,45557.8551
1791254834,45564.5376
1791254836,45557.0465
1791254838,45554.1886
1791254840,45560.4317
1791254842,45554.7492
1791254844,45566.1703
1791254846,45577.0749
1791254848,45570.6454
1791254850,45549.6968
1791254852,45550.6845
1791254854,45529.7334
1791254856,45527.2747
1791254858,45516.9701
1791254860,45526.3962
1791254862,45528.6622
1791254864,45531.4374
1791254866,45535.3459
1791254868,45535.5184
1791254870,45516.4363
1791254872,45529.7226
1791254874,45528.3699
1791254876,45530.0055
1791254878,45522.7313
1791254880,45524.8298
1791254882,45521.7378
1791254884,45503.1362
1791254886,45499.4887
1791254888,45500.3512
1791254890,45508.363
1791254892,45502.4686
1791254894,45507.4764
1791254896,45506.7451
1791254898,45518.1052
1791254900,45513.263
1791254902,45496.2124
1791254904,45491.6266
1791254906,45506.0658
1791254908,45506.4796
1791254910,45518.2586
1791254912,45512.014
1791254914,45516.8036
1791254916,45508.8857
1791254918,45504.7161
1791254920,45501.3682
1791254922,45501.3843
1791254924,45513.0719
1791254926,45520.8176
1791254928,45516.4858
1791254930,45517.3449
1791254932,45519.8692
1791254934,45523.894
1791254936,45527.1542
1791254938,45537.7845
1791254940,45549.2407
1791254942,45560.9496
1791254944,45553.0009
1791254946,45560.2276
1791254948,45572.3884
1791254950,45568.5013
1791254952,45570.9771
1791254954,45564.4406
1791254956,45571.1858
1791254958,45563.4893
1791254960,45556.647
1791254962,45556.4992
1791254964,45562.267
1791254966,45566.2147
1791254968,45562.3164
1791254970,45544.6512
1791254972,45542.236
1791254974,45533.0792
1791254976,45537.1216
1791254978,45537.7241
1791254980,45549.5219
1791254982,45550.1649
1791254984,45556.8523
1791254986,45549.7804
1791254988,45541.8381
1791254990,45536.1158
1791254992,45543.1183
1791254994,45543.1918
1791254996,45550.5625
1791254998,45553.5888
1791255000,45549.5927
1791255002,45541.5628
1791255004,45540.0376
1791255006,45559.0015
1791255008,45564.4483
1791255010,45557.0321
1791255012,45555.1352
1791255014,45555.1947
1791255016,45531.8666
1791255018,45550.7245
1791255020,45548.4521
1791255022,45561.3083
1791255024,45557.9611
1791255026,45555.1006
1791255028,45548.66
1791255030,45547.8592
1791255032,45560.2603
1791255034,45544.2397
1791255036,45545.7151
1791255038,45549.7029
1791255040,45545.9581
1791255042,45551.4892
1791255044,45560.4462
1791255046,45553.6815
1791255048,45561.5959
1791255050,45571.1436
1791255052,45554.1811
1791255054,45547.8732
1791255056,45544.7754
1791255058,45542.9167
1791255060,45547.8384
1791255062,45545.7552
1791255064,45538.9553
1791255066,45537.6418
1791255068,45536.6543
1791255070,45533.3911
1791255072,45516.1894
1791255074,45516.2644
1791255076,45528.9362
1791255078,45521.2348
1791255080,45514.8275
1791255082,45505.9226
1791255084,45511.7415
1791255086,45522.6592
1791255088,45524.7704
1791255090,45516.8615
1791255092,45520.3436
1791255094,45514.4644
1791255096,45516.3928
1791255098,45502.273
1791255100,45481.3742
1791255102,45487.7458
1791255104,45475.962
1791255106,45477.9639
1791255108,45479.5339
1791255110,45486.9386
1791255112,45490.112
1791255114,45498.9547
1791255116,45512.9323
1791255118,45524.4654
1791255120,45523.8085
1791255122,45525.1902
1791255124,45525.771
1791255126,45524.0286
1791255128,45526.9006
1791255130,45528.1448
1791255132,45518.5452
1791255134,45503.5156
1791255136,45502.3493
1791255138,45502.8118
1791255140,45518.8675
1791255142,45504.6871
1791255144,45494.8891
1791255146,45503.6001
1791255148,45502.5774
1791255150,45503.8414
1791255152,45487.637
1791255154,45497.1393
1791255156,45488.5283
1791255158,45495.5292
1791255160,45494.7041
1791255162,45503.9537
1791255164,45495.3182
1791255166,45506.3231
1791255168,45508.2038
1791255170,45510.0324
1791255172,45513.9657
1791255174,45528.5733
1791255176,45544.4637
1791255178,45535.2058
1791255180,45534.2392
1791255182,45545.2153
1791255184,45546.7933
1791255186,45534.4106
1791255188,45538.3963
1791255190,45542.4758
1791255192,45553.9156
1791255194,45539.6927
1791255196,45528.564
1791255198,45531.2544
1791255200,45522.5855
1791255202,45517.2338
1791255204,45517.8483
1791255206,45520.424
1791255208,45523.704
1791255210,45522.1065
1791255212,45522.0093
1791255214,45518.1638
1791255216,45518.8425
1791255218,45521.5709
1791255220,45504.6558
1791255222,45498.905
1791255224,45506.4557
1791255226,45509.9817
1791255228,45515.0477
1791255230,45514.4911
1791255232,45518.2572
1791255234,45509.7215
1791255236,45512.0835
1791255238,45513.5906
1791255240,45515.0897
1791255242,45511.8879
1791255244,45514.153
1791255246,45527.0942
1791255248,45528.1413
1791255250,45525.2086
1791255252,45522.1775
1791255254,45524.9529
1791255256,45535.9029
1791255258,45536.9782
1791255260,45535.189
1791255262,45535.4943
1791255264,45544.7785
1791255266,45540.6529
1791255268,45543.943
1791255270,45537.4666
1791255272,45529.1317
1791255274,45538.9006
1791255276,45530.1576
1791255278,45547.3417
1791255280,45542.6337
1791255282,45536.4929
1791255284,45559.1505
1791255286,45555.4881
1791255288,45542.804
1791255290,45541.6379
1791255292,45542.9979
1791255294,45538.8933
1791255296,45547.3626
1791255298,45532.8459
1791255300,45533.442
1791255302,45541.7093
1791255304,45540.2311
1791255306,45530.8189
1791255308,45538.638
1791255310,45539.1047
1791255312,45541.0441
1791255314,45548.3622
1791255316,45554.1328
1791255318,45547.0979
1791255320,45535.2156
1791255322,45543.3557
1791255324,45557.2952
1791255326,45562.0223
1791255328,45561.0436
1791255330,45566.2149
1791255332,45562.3231
1791255334,45556.8358
1791255336,45555.0859
1791255338,45569.9785
1791255340,45566.8099
1791255342,45567.6388
1791255344,45570.4844
1791255346,45578.6393
1791255348,45584.126
1791255350,45584.3511
1791255352,45573.6395
1791255354,45583.6351
1791255356,45580.4591
1791255358,45578.943
1791255360,45587.4179
1791255362,45589.5509
1791255364,45586.0248
1791255366,45599.899
1791255368,45582.5292
1791255370,45592.7476
1791255372,45601.3527
1791255374,45596.3235
1791255376,45585.075
1791255378,45598.1894
1791255380,45596.5219
1791255382,45577.6402
1791255384,45583.9306
1791255386,45584.7468
1791255388,45585.6483
1791255390,45585.0629
1791255392,45588.649
1791255394,45574.7744
1791255396,45578.9097
1791255398,45568.5347
1791255400,45573.4919
1791255402,45581.2966
1791255404,45576.4835
1791255406,45577.2948
1791255408,45559.5964
1791255410,45555.1507
1791255412,45558.4808
1791255414,45563.9094
1791255416,45573.2524
1791255418,45569.7838
1791255420,45578.1528
1791255422,45580.3017
1791255424,45592.6532
1791255426,45594.1062
1791255428,45599.3982
1791255430,45589.7301
1791255432,45586.284
1791255434,45575.1564
1791255436,45576.6512
1791255438,45561.8897
1791255440,45563.7541
1791255442,45557.995
1791255444,45564.3257
1791255446,45564.6516
1791255448,45557.3604
1791255450,45557.0632
1791255452,45566.4924
1791255454,45571.2393
1791255456,45584.1729
1791255458,45584.4705
1791255460,45587.1997
1791255462,45585.3877
1791255464,45590.9765
1791255466,45598.9972
1791255468,45595.8038
1791255470,45596.5253
1791255472,45604.0109
1791255474,45607.8164
1791255476,45609.2717
1791255478,45605.2512
1791255480,45607.8929
1791255482,45627.3487
1791255484,45632.7778
1791255486,45626.0675
1791255488,45631.9506
1791255490,45616.8912
1791255492,45625.5723
1791255494,45633.6325
1791255496,45640.5153
1791255498,45658.4641
1791255500,45659.0323
1791255502,45673.9688
1791255504,45668.4969
1791255506,45683.179
1791255508,45669.2534
1791255510,45678.4184
1791255512,45685.6876
1791255514,45690.751
1791255516,45700.9291
1791255518,45696.4293
1791255520,45700.61
1791255522,45695.358
1791255524,45703.5589
1791255526,45696.8616
1791255528,45690.4666
1791255530,45700.5456
1791255532,45697.0895
1791255534,45686.8448
1791255536,45691.0609
1791255538,45695.0563
1791255540,45705.4716
1791255542,45708.2922
1791255544,45698.3618
1791255546,45703.6111
1791255548,45694.1016
1791255550,45682.5492
1791255552,45675.4396
1791255554,45674.0231
1791255556,45676.2946
1791255558,45679.5973
1791255560,45682.8185
1791255562,45693.09
1791255564,45704.0246
1791255566,45708.4403
1791255568,45709.9525
1791255570,45703.2031
1791255572,45695.886
1791255574,45710.5629
1791255576,45714.378
1791255578,45717.2676
1791255580,45716.1727
1791255582,45716.6612
1791255584,45709.3682
1791255586,45717.3686
1791255588,45729.7953
1791255590,45716.098
1791255592,45722.7807
1791255594,45719.0622
1791255596,45723.5195
1791255598,45727.7799
1791255600,45716.8229
1791255602,45717.4358
1791255604,45720.7124
1791255606,45717.1872
1791255608,45709.4297
1791255610,45726.5025
1791255612,45724.2303
1791255614,45708.4481
1791255616,45712.2395
1791255618,45706.4208
1791255620,45710.0336
1791255622,45706.6244
1791255624,45681.9187
1791255626,45686.4123
1791255628,45697.3551
1791255630,45678.8766
1791255632,45661.9553
1791255634,45666.4852
1791255636,45667.2815
1791255638,45662.83
1791255640,45654.2794
1791255642,45660.3335
1791255644,45668.1638
1791255646,45663.538
1791255648,45678.0862
1791255650,45681.1728
1791255652,45669.2639
1791255654,45671.7947
1791255656,45670.2422
1791255658,45672.7491
1791255660,45682.4691
1791255662,45676.0069
1791255664,45682.0052
1791255666,45681.7651
1791255668,45682.7108
1791255670,45677.6748
1791255672,45685.6326
1791255674,45673.2912
1791255676,45676.0632
1791255678,45672.4493
1791255680,45664.9149
1791255682,45681.7013
1791255684,45677.4945
1791255686,45678.5062
1791255688,45686.0986
1791255690,45681.4402
1791255692,45683.0346
1791255694,45678.2422
1791255696,45691.3736
1791255698,45688.5627
1791255700,45686.1444
1791255702,45688.2198
1791255704,45679.1321
1791255706,45693.8655
1791255708,45700.6848
1791255710,45691.998
1791255712,45689.3576
1791255714,45680.6147
1791255716,45679.4876
1791255718,45678.9344
1791255720,45683.6023
1791255722,45666.2658
1791255724,45663.0761
1791255726,45658.6692
1791255728,45667.7625
1791255730,45663.2783
1791255732,45690.7202
1791255734,45685.1135
1791255736,45670.3146
1791255738,45675.6297
1791255740,45676.8195
1791255742,45679.6622
1791255744,45670.8735
1791255746,45662.8565
1791255748,45656.5099
1791255750,45668.4166
1791255752,45675.802
1791255754,45671.9579
1791255756,45681.5461
1791255758,45685.1729
1791255760,45687.6094
1791255762,45683.5652
1791255764,45701.0574
1791255766,45700.0783
1791255768,45698.8517
1791255770,45709.4556
1791255772,45702.728
1791255774,45706.2196
1791255776,45688.7547
1791255778,45695.0052
1791255780,45687.6475
1791255782,45688.1673
1791255784,45699.3434
1791255786,45692.0316
1791255788,45676.692
1791255790,45668.3572
1791255792,45668.827
1791255794,45688.4087
1791255796,45675.1223
1791255798,45677.4189
1791255800,45683.1129
1791255802,45690.3447
1791255804,45689.8241
1791255806,45684.4948
1791255808,45682.272
1791255810,45680.7883
1791255812,45675.878
1791255814,45694.1043
1791255816,45693.4487
1791255818,45687.8286
1791255820,45705.2613
1791255822,45712.6284
1791255824,45738.4164
1791255826,45740.6545
1791255828,45739.5752
1791255830,45745.8163
1791255832,45762.1311
1791255834,45753.4764
1791255836,45761.4692
1791255838,45749.1494
1791255840,45756.9045
1791255842,45758.0065
1791255844,45769.6625
1791255846,45763.7588
1791255848,45750.8735
1791255850,45751.5278
1791255852,45750.3989
1791255854,45749.7226
1791255856,45750.985
1791255858,45745.9165
1791255860,45758.0978
1791255862,45756.545
1791255864,45775.4507
1791255866,45768.779
1791255868,45765.2578
1791255870,45761.6169
1791255872,45776.3822
1791255874,45778.5664
1791255876,45787.0592
1791255878,45801.8456
1791255880,45797.6241
1791255882,45800.0067
1791255884,45781.8715
1791255886,45791.1034
1791255888,45803.1374
1791255890,45802.2523
1791255892,45806.4766
1791255894,45807.5351
1791255896,45815.9769
1791255898,45821.2767
1791255900,45804.2632
1791255902,45812.4382
1791255904,45825.3307
1791255906,45825.6609
1791255908,45826.3476
1791255910,45829.2299
1791255912,45845.2225
1791255914,45856.1173
1791255916,45851.8319
1791255918,45848.2361
1791255920,45839.5003
1791255922,45829.8306
1791255924,45827.2368
1791255926,45835.4461
1791255928,45837.0419
1791255930,45820.9635
1791255932,45827.5161
1791255934,45832.76
1791255936,45843.2424
1791255938,45837.6833
1791255940,45848.7774
1791255942,45835.1271
1791255944,45832.8873
1791255946,45829.0368
1791255948,45827.7914
1791255950,45832.894
1791255952,45838.1327
1791255954,45831.354
1791255956,45830.9909
1791255958,45849.0868
1791255960,45851.3038
1791255962,45843.6333
1791255964,45853.9076
1791255966,45865.5159
1791255968,45867.6953
1791255970,45872.2723
1791255972,45867.8648
1791255974,45861.5609
1791255976,45868.7216
1791255978,45855.051
1791255980,45861.2481
1791255982,45875.4537
1791255984,45883.6784
1791255986,45888.2174
1791255988,45892.0089
1791255990,45916.711
1791255992,45917.4399
1791255994,45923.2196
1791255996,45892.9398
1791255998,45913.2751
1791256000,45916.9489
1791256002,45914.8274
1791256004,45918.317
1791256006,45913.8324
1791256008,45920.4225
1791256010,45908.1876
1791256012,45909.6341
1791256014,45922.1577
1791256016,45915.7912
1791256018,45923.6139
1791256020,45905.7313
1791256022,45905.2382
1791256024,45902.1486
1791256026,45908.4384
1791256028,45913.1338
1791256030,45909.7419
1791256032,45927.2754
1791256034,45906.7044
1791256036,45905.5834
1791256038,45899.0094
1791256040,45905.5374
1791256042,45890.0622
1791256044,45885.2553
1791256046,45879.8881
1791256048,45880.8176
1791256050,45875.9337
1791256052,45880.2774
1791256054,45887.7511
1791256056,45890.8113
1791256058,45898.572
1791256060,45900.3097
1791256062,45911.4116
1791256064,45909.4658
1791256066,45908.8948
1791256068,45895.3621
1791256070,45884.6721
1791256072,45873.7006
1791256074,45862.2993
1791256076,45857.3
1791256078,45863.6369
1791256080,45858.8961
1791256082,45855.5781
1791256084,45875.5695
1791256086,45876.3615
1791256088,45885.9826
1791256090,45894.4515
1791256092,45865.0013
1791256094,45859.9827
1791256096,45862.3993
1791256098,45864.4115
1791256100,45851.8457
1791256102,45844.3084
1791256104,45832.6838
1791256106,45840.2797
1791256108,45845.3424
1791256110,45848.5377
1791256112,45866.0118
1791256114,45872.5653
1791256116,45877.9726
1791256118,45872.9794
1791256120,45863.7817
1791256122,45883.4687
1791256124,45880.9483
1791256126,45894.2157
1791256128,45892.8524
1791256130,45883.0366
1791256132,45901.8018
1791256134,45912.5414
1791256136,45903.9452
1791256138,45911.248
1791256140,45909.0054
1791256142,45918.786
1791256144,45928.2739
1791256146,45933.0814
1791256148,45953.7052
1791256150,45946.3735
1791256152,45958.5449
1791256154,45944.6657
1791256156,45946.6742
1791256158,45966.8505
1791256160,45971.6799
1791256162,45980.4245
1791256164,45985.8158
1791256166,45981.7008
1791256168,45990.8237
1791256170,45987.5467
1791256172,45992.5643
1791256174,45998.851
1791256176,46017.0522
1791256178,46019.6734
1791256180,46013.6831
1791256182,46001.2557
1791256184,45986.3869
1791256186,45977.5515
1791256188,45968.5587
1791256190,45971.274
1791256192,45976.183
1791256194,45982.7686
1791256196,45992.7493
1791256198,45998.125
1791256200,45998.0825
1791256202,46002.8843
1791256204,46007.5135
1791256206,46001.3692
1791256208,46003.9984
1791256210,45983.525
1791256212,45987.2007
1791256214,45978.4616
1791256216,45995.0018
1791256218,46013.8129
1791256220,46032.9288
1791256222,46051.9287
1791256224,46040.0873
1791256226,46044.4568
1791256228,46036.5165
1791256230,46025.3551
1791256232,46034.5583
1791256234,46037.6327
1791256236,46038.9264
1791256238,46043.083
1791256240,46038.8743
1791256242,46047.9682
1791256244,46037.3409
1791256246,46038.814
1791256248,46034.929
1791256250,46041.0807
1791256252,46034.4274
1791256254,46041.9
1791256256,46046.203
1791256258,46036.1125
1791256260,46020.3736
1791256262,46048.0941
1791256264,46055.7629
1791256266,46055.1947
1791256268,46044.8119
1791256270,46050.6938
1791256272,46043.1591
1791256274,46053.5614
1791256276,46063.9193
1791256278,46054.9018
1791256280,46049.3175
1791256282,46048.7619
1791256284,46046.6712
1791256286,46062.0273
1791256288,46057.9328
1791256290,46059.0432
1791256292,46053.323
1791256294,46044.5457
1791256296,46050.3529
1791256298,46054.8763
1791256300,46060.1603
1791256302,46056.0633
1791256304,46051.1836
1791256306,46062.0254
1791256308,46070.4046
1791256310,46069.7018
1791256312,46056.6321
1791256314,46052.7368
1791256316,46061.3349
1791256318,46057.4623
1791256320,46061.8034
1791256322,46075.7573
1791256324,46065.7305
1791256326,46068.5254
1791256328,46070.5378
1791256330,46070.588
1791256332,46078.9637
1791256334,46081.8115
1791256336,46064.6953
1791256338,46064.1242
1791256340,46060.999
1791256342,46073.2853
1791256344,46071.7315
1791256346,46080.6288
1791256348,46093.7057
1791256350,46098.4467
1791256352,46095.2403
1791256354,46084.8888
1791256356,46088.6289
1791256358,46098.8864
1791256360,46108.8338
1791256362,46119.2726
1791256364,46119.5595
1791256366,46125.0068
1791256368,46124.3517
1791256370,46128.9156
1791256372,46140.3889
1791256374,46136.815
1791256376,46143.922
1791256378,46154.015
1791256380,46156.2159
1791256382,46150.8213
1791256384,46163.466
1791256386,46167.806
1791256388,46169.7802
1791256390,46171.5691
1791256392,46152.8219
1791256394,46150.4637
1791256396,46157.742
1791256398,46151.6789
1791256400,46143.3257
1791256402,46151.1343
1791256404,46162.3513
1791256406,46168.7351
1791256408,46143.0486
1791256410,46147.3675
1791256412,46152.2343
1791256414,46138.4568
1791256416,46130.1422
1791256418,46122.5781
1791256420,46135.558
1791256422,46137.0092
1791256424,46128.1929
1791256426,46134.5576
1791256428,46125.2863
1791256430,46113.1409
1791256432,46113.947
1791256434,46111.8208
1791256436,46113.0623
1791256438,46117.948
1791256440,46116.4847
1791256442,46122.0028
1791256444,46129.7105
1791256446,46135.2641
1791256448,46145.0277
1791256450,46145.3765
1791256452,46142.0704
1791256454,46139.5262
1791256456,46144.3453
1791256458,46145.2764
1791256460,46145.6138
1791256462,46149.9234
1791256464,46147.0413
1791256466,46133.4064
1791256468,46136.7103
1791256470,46132.8571
1791256472,46128.5112
1791256474,46133.7945
1791256476,46152.546
1791256478,46153.3142
1791256480,46146.5283
1791256482,46142.0511
1791256484,46140.2692
1791256486,46143.3391
1791256488,46154.3768
1791256490,46165.879
1791256492,46179.9306
1791256494,46177.0986
1791256496,46178.1087
1791256498,46186.5229
1791256500,46193.8495
1791256502,46191.5697
1791256504,46178.0669
1791256506,46187.9546
1791256508,46187.972
1791256510,46184.766
1791256512,46189.14
1791256514,46183.4346
1791256516,46180.1597
1791256518,46170.3093
1791256520,46168.28
1791256522,46162.9409
1791256524,46169.7286
1791256526,46172.6845
1791256528,46173.5277
1791256530,46183.7987
1791256532,46192.4903
1791256534,46193.3984
1791256536,46178.845
1791256538,46182.6405
1791256540,46190.404
1791256542,46186.1356
1791256544,46191.9574
1791256546,46198.022
1791256548,46185.8075
1791256550,46202.5349
1791256552,46186.2747
1791256554,46188.1352
1791256556,46194.2602
1791256558,46180.012
1791256560,46188.4186
1791256562,46183.1424
1791256564,46186.5175
1791256566,46211.2341
1791256568,46214.5553
1791256570,46213.4173
1791256572,46227.6579
1791256574,46231.4337
1791256576,46231.9794
1791256578,46216.3942
1791256580,46220.8429
1791256582,46233.0329
1791256584,46228.473
1791256586,46234.9658
1791256588,46229.2238
1791256590,46233.2699
1791256592,46237.9038
1791256594,46252.7231
1791256596,46234.0541
1791256598,46224.7239
1791256600,46240.6137
1791256602,46267.0745
1791256604,46273.2193
1791256606,46278.6953
1791256608,46277.2056
1791256610,46278.5239
1791256612,46282.1395
1791256614,46265.2188
1791256616,46269.3209
1791256618,46263.9638
1791256620,46258.8515
1791256622,46256.5151
1791256624,46270.6653
1791256626,46269.5277
1791256628,46253.7128
1791256630,46251.3074
1791256632,46270.5323
1791256634,46269.0704
1791256636,46262.905
1791256638,46267.7289
1791256640,46263.6159
1791256642,46279.372
1791256644,46294.1792
1791256646,46304.421
1791256648,46299.1324
1791256650,46316.3773
1791256652,46314.8737
1791256654,46315.5525
1791256656,46336.8215
1791256658,46336.6843
1791256660,46331.8783
1791256662,46332.3431
1791256664,46349.1601
1791256666,46352.2729
1791256668,46344.4475
1791256670,46344.7832
1791256672,46342.6479
1791256674,46345.0322
1791256676,46341.1467
1791256678,46328.4884
1791256680,46337.9853
1791256682,46353.8801
1791256684,46348.8149
1791256686,46350.8634
1791256688,46335.3226
1791256690,46340.9639
1791256692,46341.6789
1791256694,46342.4348
1791256696,46348.232
1791256698,46338.4539
1791256700,46344.2475
1791256702,46345.299
1791256704,46352.4746
1791256706,46363.575
1791256708,46355.2334
1791256710,46353.0093
1791256712,46356.4232
1791256714,46360.9109
1791256716,46369.4197
1791256718,46374.728
1791256720,46368.408
1791256722,46374.1835
1791256724,46371.704
1791256726,46373.7915
1791256728,46373.1061
1791256730,46373.2698
1791256732,46378.6928
1791256734,46371.0991
1791256736,46369.0516
1791256738,46375.3174
1791256740,46380.3464
1791256742,46377.1687
1791256744,46377.9747
1791256746,46390.9228
1791256748,46379.4592
1791256750,46373.1261
1791256752,46367.2037
1791256754,46386.5764
1791256756,46394.5973
1791256758,46400.1404
1791256760,46404.9247
1791256762,46393.2328
1791256764,46388.6329
1791256766,46394.8833
1791256768,46387.7308
1791256770,46372.6007
1791256772,46362.8044
1791256774,46360.2195
1791256776,46363.344
1791256778,46365.8967
1791256780,46386.0889
1791256782,46392.3138
1791256784,46384.3306
1791256786,46389.5318
1791256788,46393.2831
1791256790,46382.6515
1791256792,46372.8771
1791256794,46382.0816
1791256796,46375.0341
1791256798,46374.588
1791256800,46383.6844
1791256802,46383.6834
1791256804,46388.1554
1791256806,46404.2215
1791256808,46412.5644
1791256810,46437.0012
1791256812,46450.6327
1791256814,46452.0011
1791256816,46449.5785
1791256818,46437.8513
1791256820,46447.6959
1791256822,46446.2624
1791256824,46450.2181
1791256826,46462.2661
1791256828,46451.2432
1791256830,46455.7426
1791256832,46460.8401
1791256834,46472.5116
1791256836,46473.0969
1791256838,46472.7045
1791256840,46474.82
1791256842,46470.4018
1791256844,46466.9472
1791256846,46450.5492
1791256848,46447.4054
1791256850,46455.9091
1791256852,46455.0731
1791256854,46443.1865
1791256856,46452.6343
1791256858,46458.5459
1791256860,46453.8494
1791256862,46463.3743
1791256864,46458.5319
1791256866,46460.5349
1791256868,46463.8895
1791256870,46460.9617
1791256872,46466.46
1791256874,46457.1942
1791256876,46468.4853
1791256878,46441.2118
1791256880,46453.5895
1791256882,46448.9462
1791256884,46457.2801
1791256886,46461.0012
1791256888,46465.3069
1791256890,46470.1491
1791256892,46478.627
1791256894,46488.2872
1791256896,46492.0921
1791256898,46497.3487
1791256900,46507.3714
1791256902,46507.3444
1791256904,46499.5183
1791256906,46503.2347
1791256908,46505.1632
1791256910,46505.7689
1791256912,46497.3707
1791256914,46498.4545
1791256916,46502.0986
1791256918,46497.1237
1791256920,46506.9017
1791256922,46513.2165
1791256924,46523.9614
1791256926,46527.9912
1791256928,46509.7095
1791256930,46510.8536
1791256932,46513.2528
1791256934,46501.9035
1791256936,46503.7058
1791256938,46497.0374
1791256940,46497.1364
1791256942,46491.2012
1791256944,46491.6078
1791256946,46493.1757
1791256948,46504.7561
1791256950,46494.2585
1791256952,46506.8366
1791256954,46502.6591
1791256956,46511.8589
1791256958,46518.7368
1791256960,46518.3426
1791256962,46515.822
1791256964,46527.1101
1791256966,46524.9686
1791256968,46533.5001
1791256970,46535.0247
1791256972,46528.1966
1791256974,46528.0935
1791256976,46533.1003
1791256978,46539.0633
1791256980,46532.5642
1791256982,46548.0921
1791256984,46529.8115
1791256986,46538.8121
1791256988,46551.9983
1791256990,46569.0633
1791256992,46574.6565
1791256994,46569.7905
1791256996,46556.3871
1791256998,46564.4965
1791257000,46552.1603
1791257002,46545.3118
1791257004,46546.4143
1791257006,46533.6027
1791257008,46542.9339
1791257010,46534.1421
1791257012,46534.9104
1791257014,46539.933
1791257016,46545.3738
1791257018,46523.8115
1791257020,46535.2765
1791257022,46520.1036
1791257024,46513.8418
1791257026,46514.7257
1791257028,46495.9954
1791257030,46502.5518
1791257032,46512.0084
1791257034,46514.8488
1791257036,46529.8873
1791257038,46515.1482
1791257040,46524.6006
1791257042,46527.4202
1791257044,46520.4045
1791257046,46510.6658
1791257048,46499.9371
1791257050,46511.1947
1791257052,46518.3348
1791257054,46508.1354
1791257056,46513.8676
1791257058,46503.7614
1791257060,46508.3823
1791257062,46499.1461
1791257064,46497.0942
1791257066,46511.0183
1791257068,46514.1939
1791257070,46507.6074
1791257072,46495.7279
1791257074,46505.8106
1791257076,46513.0696
1791257078,46533.489
1791257080,46519.8415
1791257082,46526.4482
1791257084,46529.9022
1791257086,46529.2849
1791257088,46535.3727
1791257090,46541.183
1791257092,46538.3541
1791257094,46543.7319
1791257096,46541.5876
1791257098,46527.8713
1791257100,46535.7145
1791257102,46529.1355
1791257104,46530.4979
1791257106,46520.5783
1791257108,46517.5341
1791257110,46522.2127
1791257112,46531.2221
1791257114,46554.0476
1791257116,46557.267
1791257118,46569.495
1791257120,46583.3871
1791257122,46586.31
1791257124,46570.5451
1791257126,46571.2226
1791257128,46583.7183
1791257130,46574.7194
1791257132,46573.8242
1791257134,46584.9934
1791257136,46584.0665
1791257138,46595.8913
1791257140,46583.0777
1791257142,46571.2645
1791257144,46566.7371
1791257146,46577.5616
1791257148,46574.3071
1791257150,46576.5706
1791257152,46594.1156
1791257154,46596.2955
1791257156,46602.4553
1791257158,46610.5287
1791257160,46626.2529
1791257162,46623.4192
1791257164,46638.8943
1791257166,46643.7944
1791257168,46646.4205
1791257170,46651.7239
1791257172,46662.3174
1791257174,46645.1123
1791257176,46634.799
1791257178,46624.6806
1791257180,46631.3988
1791257182,46629.1289
1791257184,46619.814
1791257186,46618.277
1791257188,46628.3861
1791257190,46613.7723
1791257192,46606.7747
1791257194,46621.4525
1791257196,46634.3853
1791257198,46649.4923
1791257200,46664.3547
1791257202,46666.6113
1791257204,46653.6955
1791257206,46644.8286
1791257208,46634.5578
1791257210,46626.3135
1791257212,46613.9739
1791257214,46614.6703
1791257216,46606.4788
1791257218,46610.2241
1791257220,46613.793
1791257222,46617.6349
1791257224,46646.7931
1791257226,46642.6616
1791257228,46644.8068
1791257230,46642.7997
1791257232,46646.0374
1791257234,46663.4809
1791257236,46665.0985
1791257238,46686.7749
1791257240,46676.684
1791257242,46685.0518
1791257244,46681.9202
1791257246,46686.8091
1791257248,46683.8135
1791257250,46685.4925
1791257252,46691.232
1791257254,46678.6734
1791257256,46662.7788
1791257258,46652.3801
1791257260,46645.154
1791257262,46659.7579
1791257264,46662.7803
1791257266,46652.9541
1791257268,46640.0125
1791257270,46637.2329
1791257272,46625.0216
1791257274,46619.4646
1791257276,46609.6355
1791257278,46611.902
1791257280,46607.8281
1791257282,46595.344
1791257284,46582.406
1791257286,46598.87
1791257288,46602.8961
1791257290,46610.1081
1791257292,46612.6327
1791257294,46606.4894
1791257296,46602.2068
1791257298,46601.8702
1791257300,46599.5612
1791257302,46605.4524
1791257304,46611.0094
1791257306,46617.3591
1791257308,46604.3759
1791257310,46600.932
1791257312,46605.7849
1791257314,46613.3827
1791257316,46626.4493
1791257318,46624.8488
1791257320,46619.037
1791257322,46624.829
1791257324,46615.2132
1791257326,46612.5729
1791257328,46617.2949
1791257330,46630.7543
1791257332,46623.3966
1791257334,46612.822
1791257336,46612.2
1791257338,46615.9555
1791257340,46629.9824
1791257342,46632.7977
1791257344,46648.3408
1791257346,46646.082
1791257348,46636.1183
1791257350,46632.1841
1791257352,46637.8678
1791257354,46641.1253
1791257356,46639.9221
1791257358,46644.3983
1791257360,46655.5103
1791257362,46657.3992
1791257364,46675.4768
1791257366,46672.0208
1791257368,46671.4947
1791257370,46667.2781
1791257372,46670.1076
1791257374,46666.9662
1791257376,46667.0126
1791257378,46666.6294
1791257380,46666.9626
1791257382,46669.1031
1791257384,46676.8448
1791257386,46664.0238
1791257388,46670.7017
1791257390,46662.6189
1791257392,46666.7471
1791257394,46649.7596
1791257396,46642.2327
1791257398,46646.1057
1791257400,46658.9047
1791257402,46660.5573
1791257404,46663.5979
1791257406,46677.2096
1791257408,46674.5742
1791257410,46677.2855
1791257412,46695.9462
1791257414,46690.3791
1791257416,46695.5984
1791257418,46688.6042
1791257420,46691.947
1791257422,46699.3562
1791257424,46710.9216
1791257426,46729.973
1791257428,46727.7246
1791257430,46746.1055
1791257432,46750.8293
1791257434,46742.7134
1791257436,46746.9357
1791257438,46747.8244
1791257440,46764.3736
1791257442,46760.6148
1791257444,46772.3077
1791257446,46772.523
1791257448,46764.3418
1791257450,46777.8203
1791257452,46772.1102
1791257454,46768.6463
1791257456,46774.3656
1791257458,46773.3892
1791257460,46768.3075
1791257462,46766.2485
1791257464,46783.9756
1791257466,46785.1964
1791257468,46765.7119
1791257470,46767.5163
1791257472,46764.152
1791257474,46766.0834
1791257476,46771.0406
1791257478,46782.6074
1791257480,46774.3171
1791257482,46779.5032
1791257484,46782.7537
1791257486,46774.7168
1791257488,46776.7243
1791257490,46782.2319
1791257492,46789.9323
1791257494,46808.0664
1791257496,46818.5533
1791257498,46819.1071
1791257500,46825.4749
1791257502,46832.8669
1791257504,46841.7697
1791257506,46849.9997
1791257508,46852.1575
1791257510,46869.0532
1791257512,46880.4353
1791257514,46893.0926
1791257516,46897.2933
1791257518,46889.1952
1791257520,46887.7175
1791257522,46869.5468
1791257524,46863.7703
1791257526,46863.8329
1791257528,46850.1814
1791257530,46850.4732
1791257532,46853.0304
1791257534,46861.671
1791257536,46867.8277
1791257538,46872.1374
1791257540,46869.3225
1791257542,46873.7446
1791257544,46877.0639
1791257546,46877.8149
1791257548,46882.4082
1791257550,46885.0236
1791257552,46888.3601
1791257554,46889.1029
1791257556,46895.6598
1791257558,46894.7906
1791257560,46906.5637
1791257562,46933.2851
1791257564,46925.5831
1791257566,46937.08
1791257568,46914.9914
1791257570,46913.6277
1791257572,46905.6103
1791257574,46910.6834
1791257576,46900.5494
1791257578,46912.8763
1791257580,46911.6541
1791257582,46906.546
1791257584,46925.1709
1791257586,46924.5904
1791257588,46919.8336
1791257590,46910.5338
1791257592,46902.4034
1791257594,46906.0882
1791257596,46907.7285
1791257598,46905.8235
1791257600,46893.9703
1791257602,46896.9091
1791257604,46893.4545
1791257606,46900.0186
1791257608,46902.2908
1791257610,46905.3467
1791257612,46913.1185
1791257614,46921.6623
1791257616,46917.3993
1791257618,46925.5314
1791257620,46936.9608
1791257622,46932.5729
1791257624,46918.7347
1791257626,46915.6684
1791257628,46909.973
1791257630,46914.2964
1791257632,46913.3302
1791257634,46917.4899
1791257636,46918.271
1791257638,46904.8133
1791257640,46909.6752
1791257642,46913.3727
1791257644,46910.8976
1791257646,46903.1934
1791257648,46903.7132
1791257650,46900.7451
1791257652,46903.399
1791257654,46896.5532
1791257656,46887.342
1791257658,46891.5863
1791257660,46885.3376
1791257662,46893.7259
1791257664,46905.3138
1791257666,46899.5769
1791257668,46894.7155
1791257670,46891.9278
1791257672,46905.8225
1791257674,46897.2351
1791257676,46896.4312
1791257678,46891.7988
1791257680,46881.6753
1791257682,46870.4839
1791257684,46859.5096
1791257686,46871.3349
1791257688,46870.4471
1791257690,46872.253
1791257692,46870.2102
1791257694,46855.6863
1791257696,46862.6804
1791257698,46869.023
1791257700,46864.0297
1791257702,46855.9691
1791257704,46857.4679
1791257706,46869.9644
1791257708,46881.8527
1791257710,46872.1269
1791257712,46874.9309
1791257714,46874.4736
1791257716,46886.0513
1791257718,46890.5429
1791257720,46901.5022
1791257722,46908.6715
1791257724,46919.6156
1791257726,46920.7635
1791257728,46905.5085
1791257730,46914.3869
1791257732,46920.9672
1791257734,46920.9595
1791257736,46932.9579
1791257738,46929.0752
1791257740,46916.8822
1791257742,46920.6572
1791257744,46904.5911
1791257746,46903.1234
1791257748,46909.3528
1791257750,46906.4682
1791257752,46894.7794
1791257754,46888.4198
1791257756,46883.9122
1791257758,46886.4489
1791257760,46879.8339
1791257762,46878.4156
1791257764,46887.8839
1791257766,46887.5766
1791257768,46901.2592
1791257770,46899.8659
1791257772,46879.0278
1791257774,46894.1049
1791257776,46894.1745
1791257778,46896.0143
1791257780,46884.5849
1791257782,46878.2519
1791257784,46885.01
1791257786,46894.7911
1791257788,46895.3862
1791257790,46900.5106
1791257792,46906.2467
1791257794,46898.2817
1791257796,46924.529
1791257798,46920.7088
1791257800,46935.0759
1791257802,46930.3751
1791257804,46926.0242
1791257806,46924.4846
1791257808,46912.5493
1791257810,46920.1223
1791257812,46929.8276
1791257814,46937.7347
1791257816,46937.1518
1791257818,46935.7798
1791257820,46945.3036
1791257822,46937.33
1791257824,46958.4485
1791257826,46949.9226
1791257828,46947.3433
1791257830,46959.9966
1791257832,46956.858
1791257834,46956.7204
1791257836,46964.5204
1791257838,46964.3573
1791257840,46963.1064
1791257842,46964.9444
1791257844,46982.6446
1791257846,46993.3662
1791257848,46995.3479
1791257850,46986.4317
1791257852,46980.396
1791257854,46984.7579
1791257856,46983.2059
1791257858,46985.6056
1791257860,46990.6497
1791257862,47000.9639
1791257864,47012.1845
1791257866,47025.9274
1791257868,47003.0839
1791257870,46998.7291
1791257872,46995.5866
1791257874,46995.4781
1791257876,47008.0753
1791257878,47015.7216
1791257880,47021.4637
1791257882,47003.143
1791257884,46994.502
1791257886,46990.6508
1791257888,46998.2389
1791257890,47000.9301
1791257892,47008.6544
1791257894,47029.9761
1791257896,47043.0844
1791257898,47057.2175
1791257900,47063.4713
1791257902,47045.6099
1791257904,47060.9165
1791257906,47062.7256
1791257908,47065.9625
1791257910,47062.9675
1791257912,47043.568
1791257914,47057.2143
1791257916,47056.2269
1791257918,47052.2385
1791257920,47040.0865
1791257922,47033.025
1791257924,47023.6337
1791257926,47021.9804
1791257928,47024.9465
1791257930,47038.1696
1791257932,47035.4292
1791257934,47047.0612
1791257936,47037.5867
1791257938,47040.7408
1791257940,47042.9253
1791257942,47046.7592
1791257944,47043.1929
1791257946,47049.0151
1791257948,47053.6034
1791257950,47061.0165
1791257952,47065.6821
1791257954,47059.9834
1791257956,47065.4782
1791257958,47058.3608
1791257960,47056.2519
1791257962,47045.1913
1791257964,47051.7848
1791257966,47045.9521
1791257968,47043.177
1791257970,47047.8017
1791257972,47043.8429
1791257974,47055.5876
1791257976,47038.5543
1791257978,47044.8677
1791257980,47040.5535
1791257982,47038.1316
1791257984,47041.087
1791257986,47029.0853
1791257988,47016.1803
1791257990,47025.6066
1791257992,47012.4401
1791257994,47004.7532
1791257996,47011.7596
1791257998,47014.4405
1791258000,46998.1562
1791258002,46990.8499
1791258004,46994.1248
1791258006,46991.5861
1791258008,46999.5532
1791258010,47000.7087
1791258012,46999.6132
1791258014,46994.594
1791258016,46993.5489
1791258018,46978.0163
1791258020,46976.9081
1791258022,46966.5253
1791258024,46971.6902
1791258026,46970.5579
1791258028,46966.4923
1791258030,46963.8381
1791258032,46969.3098
1791258034,46974.6931
1791258036,46974.4396
1791258038,46955.3433
1791258040,46967.1727
1791258042,46968.595
1791258044,46975.387
1791258046,46980.441
1791258048,46975.8771
1791258050,46978.0235
1791258052,46966.8447
1791258054,46981.6658
1791258056,46979.9933
1791258058,46992.1764
1791258060,46995.3412
1791258062,47006.9164
1791258064,46989.6565
1791258066,46997.9836
1791258068,47006.1792
1791258070,46992.4119
1791258072,46987.2073
1791258074,46991.2908
1791258076,46987.4941
1791258078,46988.9201
1791258080,46999.38
1791258082,46996.7042
1791258084,47003.2299
1791258086,47013.8631
1791258088,47003.2836
1791258090,47017.3695
1791258092,47029.4057
1791258094,47040.7531
1791258096,47043.016
1791258098,47048.6899
1791258100,47039.571
1791258102,47035.8688
1791258104,47043.4105
1791258106,47023.0565
1791258108,47024.6618
1791258110,47034.7945
1791258112,47045.5955
1791258114,47056.2718
1791258116,47046.9832
1791258118,47038.9976
1791258120,47034.2709
1791258122,47033.5888
1791258124,47030.1476
1791258126,47028.5536
1791258128,47019.4743
1791258130,47024.3052
1791258132,47022.8978
1791258134,47028.2801
1791258136,47024.9667
1791258138,47043.6723
1791258140,47036.7344
1791258142,47042.775
1791258144,47033.0703
1791258146,47033.6283
1791258148,47027.5195
1791258150,47029.9303
1791258152,47020.9005
1791258154,47007.5122
1791258156,47007.9336
1791258158,47020.6005
1791258160,47026.2695
1791258162,47029.3635
1791258164,47022.1967
1791258166,47020.153
1791258168,47031.0231
1791258170,47032.294
1791258172,47033.8835
1791258174,47029.8639
1791258176,47033.344
1791258178,47030.2298
1791258180,47017.2616
1791258182,47017.3579
1791258184,47018.7045
1791258186,47027.9185
1791258188,47036.0865
1791258190,47026.2187
1791258192,47029.7792
1791258194,47021.4767
1791258196,47028.4339
1791258198,47023.5546
1791258200,47024.8564
1791258202,47018.4825
1791258204,47019.2357
1791258206,47023.3848
1791258208,47008.6402
1791258210,47018.4693
1791258212,47032.4576
1791258214,47039.9982
1791258216,47044.6908
1791258218,47053.5463
1791258220,47060.2076
1791258222,47066.8424
1791258224,47070.3856
1791258226,47080.985
1791258228,47075.879
1791258230,47078.5286
1791258232,47083.7769
1791258234,47086.8878
1791258236,47095.4689
1791258238,47106.1768
1791258240,47103.9684
1791258242,47108.8036
1791258244,47117.405
1791258246,47125.8064
1791258248,47119.2237
1791258250,47115.2793
1791258252,47122.9856
1791258254,47126.6146
1791258256,47126.1189
1791258258,47115.529
1791258260,47125.1616
1791258262,47121.5196
1791258264,47130.7242
1791258266,47143.8624
1791258268,47140.5293
1791258270,47139.8023
1791258272,47139.5685
1791258274,47140.1269
1791258276,47144.1233
1791258278,47132.4488
1791258280,47135.5141
1791258282,47137.5487
1791258284,47134.3148
1791258286,47126.7118
1791258288,47116.6962
1791258290,47111.2079
1791258292,47128.3027
1791258294,47125.2778
1791258296,47131.5306
1791258298,47136.5233
1791258300,47139.3991
1791258302,47135.0127
1791258304,47126.628
1791258306,47122.1631
1791258308,47135.2303
1791258310,47122.8833
1791258312,47122.3465
1791258314,47117.6425
1791258316,47103.3739
1791258318,47107.8182
1791258320,47093.9182
1791258322,47104.9215
1791258324,47090.6327
1791258326,47095.9511
1791258328,47087.792
1791258330,47089.4951
1791258332,47088.9556
1791258334,47102.4591
1791258336,47110.7015
1791258338,47115.3171
1791258340,47111.0454
1791258342,47117.133
1791258344,47111.362
1791258346,47121.0522
1791258348,47124.9835
1791258350,47120.1557
1791258352,47126.6188
1791258354,47128.8941
1791258356,47132.5088
1791258358,47113.5301
1791258360,47114.8864
1791258362,47127.3187
1791258364,47119.5015
1791258366,47122.2763
1791258368,47118.3341
1791258370,47121.3935
1791258372,47122.2592
1791258374,47127.7182
1791258376,47149.1764
1791258378,47133.249
1791258380,47129.6141
1791258382,47125.0105
1791258384,47142.565
1791258386,47127.6749
1791258388,47125.2372
1791258390,47132.6165
1791258392,47114.6627
1791258394,47112.9741
1791258396,47115.8907
1791258398,47117.2326
1791258400,47129.8689
1791258402,47134.6812
1791258404,47149.1575
1791258406,47145.7647
1791258408,47142.6184
1791258410,47127.1662
1791258412,47130.5365
1791258414,47129.2373
1791258416,47125.9835
1791258418,47135.0004
1791258420,47138.7639
1791258422,47143.3809
1791258424,47147.6181
1791258426,47152.3009
1791258428,47150.3966
1791258430,47140.5184
1791258432,47148.7406
1791258434,47133.2129
1791258436,47130.7812
1791258438,47137.937
1791258440,47145.2441
1791258442,47141.8237
1791258444,47144.648
1791258446,47135.7696
1791258448,47121.8185
1791258450,47128.5602
1791258452,47124.1542
1791258454,47121.9091
1791258456,47136.8202
1791258458,47133.9064
1791258460,47128.1295
1791258462,47127.8611
1791258464,47141.0658
1791258466,47158.8532
1791258468,47151.9557
1791258470,47149.8589
1791258472,47146.2022
1791258474,47146.4202
1791258476,47146.1495
1791258478,47151.4914
1791258480,47143.6195
1791258482,47154.2841
1791258484,47159.6513
1791258486,47173.6285
1791258488,47178.7498
1791258490,47186.0301
1791258492,47194.252
1791258494,47193.1883
1791258496,47197.7049
1791258498,47197.1533
1791258500,47199.8784
1791258502,47211.2514
1791258504,47225.4194
1791258506,47221.0587
1791258508,47216.8233
1791258510,47222.8631
1791258512,47224.8773
1791258514,47212.141
1791258516,47215.1734
1791258518,47226.0567
1791258520,47237.2186
1791258522,47230.8044
1791258524,47226.3409
1791258526,47231.2253
1791258528,47223.2223
1791258530,47231.5795
1791258532,47233.9007
1791258534,47243.6101
1791258536,47242.117
1791258538,47247.256
1791258540,47246.968
1791258542,47245.8414
1791258544,47237.9634
1791258546,47233.016
1791258548,47223.1897
1791258550,47228.2476
1791258552,47224.0439
1791258554,47229.2196
1791258556,47213.3097
1791258558,47220.3204
1791258560,47219.6057
1791258562,47225.7533
1791258564,47222.8254
1791258566,47213.7763
1791258568,47212.7042
1791258570,47205.8079
1791258572,47205.2152
1791258574,47214.7742
1791258576,47214.6967
1791258578,47215.4873
1791258580,47228.5011
1791258582,47227.5193
1791258584,47231.3134
1791258586,47225.6473
1791258588,47239.8617
1791258590,47237.1183
1791258592,47233.7405
1791258594,47248.0313
1791258596,47239.1154
1791258598,47248.6937
1791258600,47246.2091
1791258602,47238.4675
1791258604,47239.1055
1791258606,47248.7968
1791258608,47227.3932
1791258610,47229.607
1791258612,47236.7362
1791258614,47237.9354
1791258616,47241.613
1791258618,47234.1883
1791258620,47237.6967
1791258622,47224.4728
1791258624,47232.4383
1791258626,47235.749
1791258628,47248.119
1791258630,47240.3864
1791258632,47231.2853
1791258634,47229.2791
1791258636,47233.0064
1791258638,47229.5583
1791258640,47229.6872
1791258642,47250.5273
1791258644,47245.4036
1791258646,47251.0249
1791258648,47243.9
1791258650,47253.5549
1791258652,47253.9917
1791258654,47270.0376
1791258656,47254.0588
1791258658,47261.3128
1791258660,47267.8133
1791258662,47277.8018
1791258664,47269.0027
1791258666,47277.948
1791258668,47265.9841
1791258670,47266.5333
1791258672,47265.9662
1791258674,47279.9466
1791258676,47271.2604
1791258678,47266.9513
1791258680,47253.3335
1791258682,47266.6153
1791258684,47266.2477
1791258686,47268.1458
1791258688,47265.6538
1791258690,47260.8908
1791258692,47248.744
1791258694,47247.8306
1791258696,47250.1612
1791258698,47251.7026
1791258700,47263.1042
1791258702,47281.42
1791258704,47290.2649
1791258706,47307.1138
1791258708,47310.8977
1791258710,47314.5941
1791258712,47310.1833
1791258714,47310.9923
1791258716,47308.4042
1791258718,47301.0219
1791258720,47300.9138
1791258722,47296.6944
1791258724,47301.1325
1791258726,47308.073
1791258728,47303.6403
1791258730,47275.876
1791258732,47275.2186
1791258734,47274.1712
1791258736,47277.8312
1791258738,47278.1232
1791258740,47291.6616
1791258742,47290.7439
1791258744,47285.7017
1791258746,47285.5092
1791258748,47289.6367
1791258750,47291.499
1791258752,47300.168
1791258754,47294.4052
1791258756,47287.0096
1791258758,47294.1278
1791258760,47304.936
1791258762,47299.9487
1791258764,47316.9439
1791258766,47324.1106
1791258768,47331.646
1791258770,47343.3218
1791258772,47350.6654
1791258774,47354.0563
1791258776,47345.0508
1791258778,47351.455
1791258780,47354.4144
1791258782,47343.0233
1791258784,47340.6874
1791258786,47328.3317
1791258788,47344.842
1791258790,47352.4247
1791258792,47360.7269
1791258794,47362.1781
1791258796,47356.5876
1791258798,47362.1254
1791258800,47352.5131
1791258802,47352.4245
1791258804,47367.0276
1791258806,47387.3953
1791258808,47396.1461
1791258810,47410.8341
1791258812,47414.9093
1791258814,47413.0503
1791258816,47414.578
1791258818,47416.704
1791258820,47409.2723
1791258822,47397.0859
1791258824,47402.1382
1791258826,47399.1479
1791258828,47401.2866
1791258830,47400.3854
1791258832,47408.8601
1791258834,47410.8308
1791258836,47413.8965
1791258838,47408.4363
1791258840,47388.4074
1791258842,47376.1889
1791258844,47376.2682
1791258846,47381.8433
1791258848,47377.685
1791258850,47360.1106
1791258852,47353.4637
1791258854,47352.7428
1791258856,47369.7156
1791258858,47372.1376
1791258860,47363.3752
1791258862,47349.9856
1791258864,47366.964
1791258866,47363.0857
1791258868,47354.7147
1791258870,47348.0122
1791258872,47355.1941
1791258874,47359.4243
1791258876,47364.8656
1791258878,47361.6733
1791258880,47380.7738
1791258882,47367.0314
1791258884,47366.2945
1791258886,47353.4492
1791258888,47346.5395
1791258890,47353.2625
1791258892,47333.7051
1791258894,47342.4605
1791258896,47344.9446
1791258898,47345.1451
1791258900,47345.6822
1791258902,47342.2647
1791258904,47354.1549
1791258906,47338.3183
1791258908,47351.0203
1791258910,47340.6737
1791258912,47338.3998
1791258914,47333.9065
1791258916,47349.1256
1791258918,47348.9392
1791258920,47351.5098
1791258922,47352.9714
1791258924,47353.2456
1791258926,47350.1326
1791258928,47364.079
1791258930,47376.2873
1791258932,47378.8594
1791258934,47382.7551
1791258936,47394.3451
1791258938,47387.0805
1791258940,47381.1064
1791258942,47371.9789
1791258944,47381.3034
1791258946,47371.5356
1791258948,47382.1632
1791258950,47380.5105
1791258952,47385.4414
1791258954,47378.3664
1791258956,47382.7578
1791258958,47392.3508
1791258960,47389.547
1791258962,47390.0522
1791258964,47397.1147
1791258966,47417.3604
1791258968,47413.9686
1791258970,47404.467
1791258972,47391.4684
1791258974,47395.3843
1791258976,47393.1977
1791258978,47386.4209
1791258980,47391.7504
1791258982,47396.9458
1791258984,47386.4459
1791258986,47393.9525
1791258988,47379.6577
1791258990,47384.1652
1791258992,47375.2168
1791258994,47361.8419
1791258996,47350.3522
1791258998,47369.3365
1791259000,47367.8757
1791259002,47363.4486
1791259004,47363.2818
1791259006,47374.2148
1791259008,47368.4875
1791259010,47366.0416
1791259012,47373.32
1791259014,47364.1863
1791259016,47360.7607
1791259018,47362.5296
1791259020,47364.5732
1791259022,47371.4571
1791259024,47383.8179
1791259026,47390.2659
1791259028,47393.7732
1791259030,47394.3221
1791259032,47371.3687
1791259034,47375.6
1791259036,47358.5767
1791259038,47358.1977
1791259040,47361.3978
1791259042,47362.4143
1791259044,47374.2266
1791259046,47362.8753
1791259048,47356.2043
1791259050,47344.2787
1791259052,47332.8432
1791259054,47321.7564
1791259056,47337.3001
1791259058,47331.5853
1791259060,47331.0954
1791259062,47321.4258
1791259064,47335.3576
1791259066,47331.8736
1791259068,47339.4724
1791259070,47354.8241
1791259072,47359.1644
1791259074,47355.5916
1791259076,47356.8823
1791259078,47358.5012
1791259080,47353.1399
1791259082,47354.5891
1791259084,47351.4894
1791259086,47350.9015
1791259088,47356.0352
1791259090,47353.3541
1791259092,47340.0406
1791259094,47339.6453
1791259096,47342.6436
1791259098,47328.69
1791259100,47337.7447
1791259102,47356.7277
1791259104,47366.5083
1791259106,47361.4035
1791259108,47359.3942
1791259110,47352.6525
1791259112,47351.8794
1791259114,47354.0161
1791259116,47348.4458
1791259118,47335.8612
1791259120,47348.2394
1791259122,47353.9457
1791259124,47344.1723
1791259126,47347.1098
1791259128,47355.3702
1791259130,47360.567
1791259132,47359.0127
1791259134,47357.6761
1791259136,47346.1474
1791259138,47348.443
1791259140,47327.9197
1791259142,47332.2104
1791259144,47321.5823
1791259146,47321.574
1791259148,47329.5218
1791259150,47323.009
1791259152,47316.0685
1791259154,47321.2897
1791259156,47321.7216
1791259158,47311.8004
1791259160,47311.3078
1791259162,47300.1519
1791259164,47299.7894
1791259166,47299.1728
1791259168,47297.0768
1791259170,47301.463
1791259172,47289.1493
1791259174,47281.5617
1791259176,47271.5555
1791259178,47255.5506
1791259180,47245.1379
1791259182,47238.7959
1791259184,47236.669
1791259186,47241.8568
1791259188,47234.5916
1791259190,47245.945
1791259192,47265.34
1791259194,47261.0951
1791259196,47249.9513
1791259198,47251.1918
1791259200,47247.047
1791259202,47242.9927
1791259204,47221.2368
1791259206,47226.3376
1791259208,47233.392
1791259210,47238.8028
1791259212,47252.6449
1791259214,47235.713
1791259216,47237.2166
1791259218,47249.5583
1791259220,47237.5016
1791259222,47244.1878
1791259224,47241.4612
1791259226,47244.5796
1791259228,47246.6008
1791259230,47244.6666
1791259232,47249.5682
1791259234,47257.2957
1791259236,47250.3723
1791259238,47246.2115
1791259240,47246.9658
1791259242,47262.7091
1791259244,47264.3688
1791259246,47256.1427
1791259248,47250.0673
1791259250,47253.7891
1791259252,47255.3332
1791259254,47262.082
1791259256,47264.9269
1791259258,47265.427
1791259260,47267.78
1791259262,47276.0697
1791259264,47268.8867
1791259266,47281.8158
1791259268,47281.7694
1791259270,47291.3746
1791259272,47280.8129
1791259274,47267.8755
1791259276,47277.0905
1791259278,47284.8486
1791259280,47291.5785
1791259282,47295.7189
1791259284,47311.133
1791259286,47322.6752
1791259288,47313.3924
1791259290,47309.2844
1791259292,47313.7345
1791259294,47303.1549
1791259296,47295.7654
1791259298,47290.2101
1791259300,47283.1905
1791259302,47282.4646
1791259304,47280.4524
1791259306,47289.1319
1791259308,47292.235
1791259310,47301.4311
1791259312,47304.4798
1791259314,47304.0346
1791259316,47299.7082
1791259318,47304.3674
1791259320,47306.1867
1791259322,47305.2708
1791259324,47307.1962
1791259326,47301.07
1791259328,47306.7713
1791259330,47316.5367
1791259332,47319.0569
1791259334,47317.6079
1791259336,47328.3281
1791259338,47329.3244
1791259340,47337.1943
1791259342,47329.4867
1791259344,47333.537
1791259346,47338.233
1791259348,47337.0593
1791259350,47336.7698
1791259352,47345.6216
1791259354,47337.5473
1791259356,47332.4836
1791259358,47327.1749
1791259360,47335.7822
1791259362,47345.0765
1791259364,47343.8569
1791259366,47337.9985
1791259368,47346.255
1791259370,47355.7974
1791259372,47339.3633
1791259374,47322.9905
1791259376,47337.4081
1791259378,47333.744
1791259380,47325.5111
1791259382,47333.9464
1791259384,47321.8219
1791259386,47311.8906
1791259388,47300.6425
1791259390,47326.8996
1791259392,47314.2578
1791259394,47330.3536
1791259396,47323.2391
1791259398,47321.3284
1791259400,47340.844
1791259402,47333.2996
1791259404,47326.4029
1791259406,47326.9293
1791259408,47330.2816
1791259410,47329.7284
1791259412,47331.8707
1791259414,47336.6997
1791259416,47335.6402
1791259418,47325.6868
1791259420,47328.1203
1791259422,47321.9039
1791259424,47329.3953
1791259426,47341.8371
1791259428,47342.67
1791259430,47358.7744
1791259432,47351.1812
1791259434,47333.7575
1791259436,47346.6028
1791259438,47339.7454
1791259440,47338.5406
1791259442,47337.3995
1791259444,47312.1443
1791259446,47286.7394
1791259448,47286.3421
1791259450,47292.6525
1791259452,47300.1374
1791259454,47299.9224
1791259456,47304.3542
1791259458,47299.5705
1791259460,47287.7388
1791259462,47283.9003
1791259464,47288.7978
1791259466,47289.0003
1791259468,47285.7815
1791259470,47283.1064
1791259472,47276.7259
1791259474,47275.2822
1791259476,47273.346
1791259478,47270.6733
1791259480,47262.3851
1791259482,47267.0411
1791259484,47250.933
1791259486,47255.7496
1791259488,47261.6206
1791259490,47251.8591
1791259492,47258.9271
1791259494,47243.172
1791259496,47243.2291
1791259498,47242.809
1791259500,47248.7181
1791259502,47240.7656
1791259504,47239.1519
1791259506,47234.8226
1791259508,47236.8969
1791259510,47228.4186
1791259512,47243.1784
1791259514,47233.7796
1791259516,47228.8847
1791259518,47230.9824
1791259520,47237.8639
1791259522,47232.1974
1791259524,47223.9481
1791259526,47241.8158
1791259528,47224.8536
1791259530,47220.0973
1791259532,47215.8938
1791259534,47208.105
1791259536,47205.4908
1791259538,47196.4863
1791259540,47201.431
1791259542,47201.6357
1791259544,47194.8985
1791259546,47195.4768
1791259548,47190.9073
1791259550,47183.4252
1791259552,47180.3714
1791259554,47165.8071
1791259556,47168.7043
1791259558,47167.5459
1791259560,47184.9049
1791259562,47181.7464
1791259564,47177.4134
1791259566,47187.1388
1791259568,47180.8622
1791259570,47174.1669
1791259572,47171.1376
1791259574,47179.9273
1791259576,47185.8993
1791259578,47183.9329
1791259580,47199.1835
1791259582,47210.016
1791259584,47196.7607
1791259586,47194.7065
1791259588,47192.2863
1791259590,47178.4628
1791259592,47182.1325
1791259594,47169.8881
1791259596,47177.3246
1791259598,47187.5561
1791259600,47177.3768
1791259602,47175.0034
1791259604,47166.5612
1791259606,47174.5235
1791259608,47167.7687
1791259610,47175.5458
1791259612,47166.7097
1791259614,47146.2222
1791259616,47136.0813
1791259618,47148.2447
1791259620,47147.5877
1791259622,47137.7524
1791259624,47147.9098
1791259626,47132.9921
1791259628,47135.4988
1791259630,47121.934
1791259632,47118.4949
1791259634,47104.4606
1791259636,47105.9521
1791259638,47096.1637
1791259640,47090.519
1791259642,47088.2752
1791259644,47094.8262
1791259646,47088.5842
1791259648,47086.0841
1791259650,47093.687
1791259652,47096.642
1791259654,47096.5777
1791259656,47100.95
1791259658,47103.2452
1791259660,47092.0331
1791259662,47091.7851
1791259664,47087.5742
1791259666,47080.4684
1791259668,47075.0494
1791259670,47070.1328
1791259672,47074.054
1791259674,47082.4651
1791259676,47076.5554
1791259678,47085.5593
1791259680,47089.9356
1791259682,47081.9856
1791259684,47080.3817
1791259686,47087.6765
1791259688,47077.5677
1791259690,47082.8551
1791259692,47081.5617
1791259694,47093.9355
1791259696,47100.3611
1791259698,47089.3671
1791259700,47086.9311
1791259702,47078.8438
1791259704,47086.2523
1791259706,47080.3061
1791259708,47074.1746
1791259710,47082.9541
1791259712,47087.1816
1791259714,47102.6209
1791259716,47096.5526
1791259718,47079.3141
1791259720,47076.983
1791259722,47083.7596
1791259724,47074.1488
1791259726,47085.4218
1791259728,47075.039
1791259730,47082.5253
1791259732,47090.6079
1791259734,47089.1444
1791259736,47088.5479
1791259738,47087.0186
1791259740,47078.0827
1791259742,47069.0386
1791259744,47061.6582
1791259746,47051.0845
1791259748,47039.7316
1791259750,47037.3731
1791259752,47032.5147
1791259754,47031.3216
1791259756,47021.2513
1791259758,47019.4264
1791259760,47012.3506
1791259762,47018.4431
1791259764,47026.0514
1791259766,47012.9913
1791259768,47030.2022
1791259770,47034.1817
1791259772,47039.2065
1791259774,47030.0323
1791259776,47040.2975
1791259778,47043.5772
1791259780,47030.4551
1791259782,47041.4411
1791259784,47038.8845
1791259786,47060.5962
1791259788,47053.0996
1791259790,47044.3395
1791259792,47058.8265
1791259794,47053.8855
1791259796,47064.8614
1791259798,47062.2503
1791259800,47047.4812
1791259802,47042.6023
1791259804,47046.1184
1791259806,47048.4721
1791259808,47053.8835
1791259810,47035.3545
1791259812,47047.8551
1791259814,47052.5589
1791259816,47066.564
1791259818,47065.0707
1791259820,47060.28
1791259822,47044.8066
1791259824,47021.3499
1791259826,47022.605
1791259828,47016.1931
1791259830,47002.2169
1791259832,47008.536
1791259834,46991.3632
1791259836,47002.1569
1791259838,47000.7442
1791259840,47001.7054
1791259842,47002.4416
1791259844,47019.2522
1791259846,47004.307
1791259848,46999.6397
1791259850,47007.3643
1791259852,47020.937
1791259854,47020.3411
1791259856,47030.9482
1791259858,47032.679
1791259860,47039.3589
1791259862,47056.9592
1791259864,47057.5465
1791259866,47058.1529
1791259868,47055.5303
1791259870,47058.4805
1791259872,47050.5581
1791259874,47044.6892
1791259876,47038.1921
1791259878,47034.9721
1791259880,47051.3557
1791259882,47048.4835
1791259884,47032.5507
1791259886,47038.0304
1791259888,47036.0037
1791259890,47034.3149
1791259892,47049.07
1791259894,47037.7301
1791259896,47038.4219
1791259898,47046.3525
1791259900,47033.0844
1791259902,47043.7072
1791259904,47054.2248
1791259906,47053.4667
1791259908,47063.8575
1791259910,47050.1502
1791259912,47072.3761
1791259914,47057.0934
1791259916,47074.1466
1791259918,47072.7662
1791259920,47068.1463
1791259922,47067.6033
1791259924,47053.9354
1791259926,47052.4306
1791259928,47067.2871
1791259930,47079.1931
1791259932,47087.2748
1791259934,47098.6217
1791259936,47086.9532
1791259938,47101.7175
1791259940,47105.4457
1791259942,47113.184
1791259944,47098.0171
1791259946,47099.4106
1791259948,47098.7813
1791259950,47114.4583
1791259952,47107.5562
1791259954,47103.2446
1791259956,47101.2068
1791259958,47095.1681
1791259960,47095.6707
1791259962,47109.8963
1791259964,47108.7368
1791259966,47115.1835
1791259968,47122.5152
1791259970,47118.0644
1791259972,47117.4413
1791259974,47095.0686
1791259976,47088.7113
1791259978,47086.1003
1791259980,47081.0932
1791259982,47087.4391
1791259984,47087.3686
1791259986,47083.6916
1791259988,47079.7012
1791259990,47062.1121
1791259992,47051.2553
1791259994,47051.5298
1791259996,47058.1649
1791259998,47059.3812
1791260000,47060.1108
1791260002,47077.9696
1791260004,47068.8409
1791260006,47081.8155
1791260008,47074.6819
1791260010,47086.314
1791260012,47090.8178
1791260014,47092.2303
1791260016,47095.2711
1791260018,47091.8539
1791260020,47106.7013
1791260022,47115.0733
1791260024,47108.0657
1791260026,47109.0445
1791260028,47109.246
1791260030,47123.7059
1791260032,47112.3895
1791260034,47100.1094
1791260036,47115.7579
1791260038,47121.7182
1791260040,47119.0209
1791260042,47113.7815
1791260044,47118.7294
1791260046,47126.8903
1791260048,47123.7781
1791260050,47123.0578
1791260052,47111.6707
1791260054,47114.7844
1791260056,47104.0688
1791260058,47103.4794
1791260060,47102.7826
1791260062,47097.2121
1791260064,47091.8989
1791260066,47088.364
1791260068,47077.8149
1791260070,47082.6338
1791260072,47089.4582
1791260074,47082.3632
1791260076,47071.2287
1791260078,47069.2459
1791260080,47080.2894
1791260082,47081.873
1791260084,47074.9272
1791260086,47078.6337
1791260088,47076.6781
1791260090,47081.428
1791260092,47091.7752
1791260094,47076.901
1791260096,47077.3759
1791260098,47082.2338
1791260100,47083.8285
1791260102,47097.1084
1791260104,47103.685
1791260106,47085.6267
1791260108,47078.3402
1791260110,47077.7423
1791260112,47079.4984
1791260114,47085.1745
1791260116,47096.5303
1791260118,47073.719
1791260120,47077.9882
1791260122,47091.34
1791260124,47092.2742
1791260126,47093.3539
1791260128,47090.3059
1791260130,47093.2509
1791260132,47095.1475
1791260134,47089.1388
1791260136,47084.1686
1791260138,47095.9596
1791260140,47109.4225
1791260142,47098.7407
1791260144,47111.8609
1791260146,47102.6085
1791260148,47095.7107
1791260150,47096.505
1791260152,47105.3177
1791260154,47101.797
1791260156,47093.115
1791260158,47096.0512
1791260160,47111.3738
1791260162,47119.3255
1791260164,47104.6416
1791260166,47095.2992
1791260168,47093.0866
1791260170,47098.2452
1791260172,47111.8374
1791260174,47108.1221
1791260176,47098.6287
1791260178,47098.5215
1791260180,47089.7315
1791260182,47091.9666
1791260184,47079.6143
1791260186,47089.3942
1791260188,47082.2741
1791260190,47067.9563
1791260192,47072.4239
1791260194,47062.2765
1791260196,47064.3232
1791260198,47080.9813
1791260200,47077.6064
1791260202,47059.9
1791260204,47056.2196
1791260206,47047.2314
1791260208,47051.0314
1791260210,47047.2192
1791260212,47055.453
1791260214,47062.3298
1791260216,47056.4292
1791260218,47061.8953
1791260220,47072.5656
1791260222,47074.4327
1791260224,47090.8512
1791260226,47095.7784
1791260228,47094.3682
1791260230,47083.8578
1791260232,47086.8805
1791260234,47072.1343
1791260236,47060.5444
1791260238,47060.2522
1791260240,47061.48
1791260242,47054.6409
1791260244,47044.6016
1791260246,47047.715
1791260248,47035.8406
1791260250,47055.5037
1791260252,47045.0633
1791260254,47057.2231
1791260256,47063.4504
1791260258,47057.8976
1791260260,47072.6216
1791260262,47082.6762
1791260264,47085.3135
1791260266,47079.7367
1791260268,47081.6992
1791260270,47079.6867
1791260272,47077.2087
1791260274,47088.0683
1791260276,47087.1594
1791260278,47074.7611
1791260280,47080.2413
1791260282,47073.392
1791260284,47059.1823
1791260286,47055.5004
1791260288,47063.9552
1791260290,47067.2436
1791260292,47068.0523
1791260294,47067.3375
1791260296,47067.1249
1791260298,47080.9606
1791260300,47085.4509
1791260302,47079.4138
1791260304,47083.1179
1791260306,47077.9395
1791260308,47082.8566
1791260310,47080.1403
1791260312,47097.1363
1791260314,47095.3968
1791260316,47091.8515
1791260318,47103.2406
1791260320,47103.1376
1791260322,47095.4318
1791260324,47101.614
1791260326,47079.6554
1791260328,47075.8946
1791260330,47087.0267
1791260332,47096.423
1791260334,47102.1252
1791260336,47095.8565
1791260338,47092.7122
1791260340,47103.4661
1791260342,47102.835
1791260344,47095.9722
1791260346,47097.6137
1791260348,47102.812
1791260350,47110.7839
1791260352,47113.5269
1791260354,47099.8185
1791260356,47101.9149
1791260358,47109.7533
1791260360,47101.3036
1791260362,47116.3218
1791260364,47116.6643
1791260366,47119.7611
1791260368,47119.5738
1791260370,47110.8322
1791260372,47093.952
1791260374,47087.1346
1791260376,47096.2434
1791260378,47106.5875
1791260380,47110.6525
1791260382,47109.187
1791260384,47099.9785
1791260386,47093.3931
1791260388,47087.6459
1791260390,47088.416
1791260392,47078.324
1791260394,47086.8281
1791260396,47085.4371
1791260398,47096.7867
1791260400,47088.0244
1791260402,47089.4838
1791260404,47093.9593
1791260406,47090.6088
1791260408,47084.0944
1791260410,47077.6257
1791260412,47060.4047
1791260414,47068.475
1791260416,47061.0838
1791260418,47080.3505
1791260420,47084.0682
1791260422,47080.4052
1791260424,47069.4963
1791260426,47044.9523
1791260428,47047.8344
1791260430,47051.7054
1791260432,47053.3138
1791260434,47049.5211
1791260436,47054.3033
1791260438,47057.7726
1791260440,47048.9409
1791260442,47049.8862
1791260444,47034.0184
1791260446,47026.7781
1791260448,47025.9178
1791260450,47026.9159
1791260452,47032.8004
1791260454,47028.7192
1791260456,47023.8847
1791260458,47033.9431
1791260460,47023.8563
1791260462,47036.8099
1791260464,47019.6494
1791260466,46999.8876
1791260468,47012.0082
1791260470,47005.1744
1791260472,47002.2718
1791260474,46998.3131
1791260476,47009.9076
1791260478,47009.7844
1791260480,47014.0388
1791260482,47017.872
1791260484,47028.8905
1791260486,47027.7367
1791260488,47017.5174
1791260490,47009.7829
1791260492,47010.28
1791260494,47023.0441
1791260496,47023.6249
1791260498,47042.2837
1791260500,47041.6518
1791260502,47033.0475
1791260504,47006.5605
1791260506,47015.0436
1791260508,47021.0393
1791260510,47020.4774
1791260512,47029.7691
1791260514,47015.6968
1791260516,47006.3846
1791260518,46999.5625
1791260520,47003.1735
1791260522,47004.5273
1791260524,46989.7377
1791260526,46990.4269
1791260528,46979.3726
1791260530,46995.8905
1791260532,47001.649
1791260534,47000.8571
1791260536,46997.2995
1791260538,46997.6649
1791260540,47012.3807
1791260542,47028.1311
1791260544,47011.6465
1791260546,47016.3742
1791260548,47034.1081
1791260550,47015.0908
1791260552,47015.8655
1791260554,47005.7067
1791260556,47009.8227
1791260558,47005.6644
1791260560,47004.1438
1791260562,46996.6118
1791260564,46999.3838
1791260566,47001.8957
1791260568,46994.7485
1791260570,46986.7976
1791260572,46986.884
1791260574,46975.1117
1791260576,46970.2326
1791260578,46972.5237
1791260580,46967.6081
1791260582,46960.9205
1791260584,46954.4235
1791260586,46950.1192
1791260588,46955.8274
1791260590,46954.7117
1791260592,46956.742
1791260594,46960.3796
1791260596,46970.6432
1791260598,46967.1144
1791260600,46960.3655
1791260602,46962.2755
1791260604,46959.8101
1791260606,46957.4228
1791260608,46960.9474
1791260610,46956.7759
1791260612,46967.9957
1791260614,46949.0613
1791260616,46941.8654
1791260618,46937.2626
1791260620,46931.3354
1791260622,46937.1293
1791260624,46933.2189
1791260626,46934.5651
1791260628,46935.3356
1791260630,46918.9098
1791260632,46920.6046
1791260634,46924.383
1791260636,46925.5215
1791260638,46914.1129
1791260640,46912.3675
1791260642,46901.6555
1791260644,46897.9884
1791260646,46893.7922
1791260648,46903.9068
1791260650,46901.024
1791260652,46896.306
1791260654,46891.0406
1791260656,46889.5635
1791260658,46894.5989
1791260660,46898.2404
1791260662,46892.6145
1791260664,46909.5995
1791260666,46916.3752
1791260668,46916.9836
1791260670,46915.7521
1791260672,46914.8312
1791260674,46914.0426
1791260676,46914.5549
1791260678,46917.1113
1791260680,46927.6331
1791260682,46921.0574
1791260684,46920.5023
1791260686,46929.4933
1791260688,46933.2729
1791260690,46929.0134
1791260692,46928.2786
1791260694,46923.9499
1791260696,46920.2891
1791260698,46922.2943
1791260700,46907.6886
1791260702,46901.6584
1791260704,46919.2926
1791260706,46923.0815
1791260708,46919.8569
1791260710,46909.88
1791260712,46917.1253
1791260714,46917.5365
1791260716,46922.8505
1791260718,46934.7985
1791260720,46947.5683
1791260722,46943.8012
1791260724,46954.6732
1791260726,46972.8586
1791260728,46976.1045
1791260730,46993.9534
1791260732,46983.1791
1791260734,46975.5226
1791260736,46971.7729
1791260738,46974.883
1791260740,46971.1495
1791260742,46979.3525
1791260744,46975.9396
1791260746,46972.9551
1791260748,46967.6219
1791260750,46980.4512
1791260752,46977.6989
1791260754,46980.5299
1791260756,46974.8832
1791260758,46974.0664
1791260760,46968.1254
1791260762,46951.7294
1791260764,46948.183
1791260766,46950.082
1791260768,46953.6774
1791260770,46960.7238
1791260772,46969.8514
1791260774,46986.8655
1791260776,46971.8117
1791260778,46982.7664
1791260780,46963.0665
1791260782,46970.8766
1791260784,46966.2252
1791260786,46967.8691
1791260788,46953.8207
1791260790,46956.3433
1791260792,46947.127
1791260794,46949.0725
1791260796,46934.8188
1791260798,46929.7757
1791260800,46914.5497
1791260802,46917.7989
1791260804,46916.6535
1791260806,46912.986
1791260808,46916.7131
1791260810,46921.6553
1791260812,46921.5929
1791260814,46921.9444
1791260816,46919.6716
1791260818,46908.2071
1791260820,46922.1906
1791260822,46927.8501
1791260824,46933.7475
1791260826,46938.6705
1791260828,46930.4535
1791260830,46917.0671
1791260832,46915.6486
1791260834,46900.3465
1791260836,46895.1039
1791260838,46902.3876
1791260840,46919.8594
1791260842,46931.7917
1791260844,46946.5684
1791260846,46960.0095
1791260848,46962.4406
1791260850,46947.1259
1791260852,46955.2942
1791260854,46950.3506
1791260856,46953.6614
1791260858,46953.3678
1791260860,46945.6434
1791260862,46941.0782
1791260864,46934.0594
1791260866,46935.1758
1791260868,46934.8793
1791260870,46945.4926
1791260872,46948.667
1791260874,46938.7758
1791260876,46945.3644
1791260878,46940.7885
1791260880,46939.4251
1791260882,46929.9769
1791260884,46940.159
1791260886,46950.427
1791260888,46963.7703
1791260890,46970.2465
1791260892,46972.1577
1791260894,46974.6169
1791260896,46973.9589
1791260898,46974.8702
1791260900,46979.6634
1791260902,46992.41
1791260904,47009.2234
1791260906,46998.6025
1791260908,46992.9688
1791260910,46996.1337
1791260912,46985.2482
1791260914,46998.1199
1791260916,46986.2743
1791260918,46988.8157
1791260920,46997.4718
1791260922,46987.1654
1791260924,47001.1212
1791260926,46993.7704
1791260928,47007.9907
1791260930,47026.9119
1791260932,47024.2022
1791260934,47018.4522
1791260936,47022.9387
1791260938,47030.1771
1791260940,47019.4983
1791260942,47016.0092
1791260944,47025.431
1791260946,47021.5471
1791260948,47010.3413
1791260950,47019.122
1791260952,47023.1778
1791260954,47005.1566
1791260956,46988.218
1791260958,46985.5994
1791260960,46981.7587
1791260962,46990.0195
1791260964,46991.3346
1791260966,46995.6379
1791260968,46985.6702
1791260970,46983.2524
1791260972,46969.2424
1791260974,46981.3797
1791260976,46992.6727
1791260978,46994.231
1791260980,46991.5239
1791260982,47006.1627
1791260984,47015.2527
1791260986,47028.1191
1791260988,47018.4332
1791260990,47026.0231
1791260992,47024.3391
1791260994,47007.8719
1791260996,47004.3287
1791260998,46990.2568
1791261000,46979.9016
1791261002,46983.2353
1791261004,46979.6565
1791261006,46969.5842
1791261008,46985.9331
1791261010,46980.4112
1791261012,46973.5645
1791261014,46957.1879
1791261016,46953.9571
1791261018,46957.3701
1791261020,46951.6635
1791261022,46965.736
1791261024,46971.444
1791261026,46969.7994
1791261028,46968.6174
1791261030,46955.7596
1791261032,46948.5609
1791261034,46942.9133
1791261036,46938.088
1791261038,46947.8451
1791261040,46949.7635
1791261042,46962.5391
1791261044,46953.5083
1791261046,46960.3648
1791261048,46967.8286
1791261050,46976.1889
1791261052,46979.0536
1791261054,46971.0018
1791261056,46958.8434
1791261058,46964.1614
1791261060,46950.6834
1791261062,46949.7647
1791261064,46946.0148
1791261066,46930.0772
1791261068,46930.6261
1791261070,46934.7655
1791261072,46933.3513
1791261074,46928.0087
1791261076,46925.8366
1791261078,46921.753
1791261080,46909.5411
1791261082,46911.266
1791261084,46923.641
1791261086,46924.9892
1791261088,46932.0852
1791261090,46942.9531
1791261092,46952.6366
1791261094,46951.3609
1791261096,46955.5002
1791261098,46953.6711
1791261100,46957.6762
1791261102,46960.2296
1791261104,46964.4347
1791261106,46958.0821
1791261108,46944.9898
1791261110,46947.8328
1791261112,46953.0533
1791261114,46961.7391
1791261116,46951.0341
1791261118,46951.5681
1791261120,46948.261
1791261122,46964.3735
1791261124,46974.2864
1791261126,46980.3522
1791261128,46974.6671
1791261130,46989.1742
1791261132,47003.2369
1791261134,47000.9353
1791261136,46995.3947
1791261138,46992.5342
1791261140,46994.425
1791261142,46996.1566
1791261144,47001.2919
1791261146,47015.755
1791261148,47024.7273
1791261150,47019.6674
1791261152,47040.7152
1791261154,47032.8521
1791261156,47026.5323
1791261158,47021.9551
1791261160,47018.3314
1791261162,47014.3559
1791261164,47011.2225
1791261166,47002.1101
1791261168,46997.6284
1791261170,46996.3775
1791261172,46996.111
1791261174,46975.059
1791261176,46965.5606
1791261178,46979.8304
1791261180,46991.4786
1791261182,46983.6703
1791261184,46992.1145
1791261186,46991.7764
1791261188,46986.5261
1791261190,47002.2717
1791261192,47003.8044
1791261194,47003.5197
1791261196,47004.9083
1791261198,47002.9362
1791261200,47013.7997
1791261202,47019.939
1791261204,47013.8853
1791261206,47021.0769
1791261208,47032.0303
1791261210,47051.1965
1791261212,47048.4382
1791261214,47046.5484
1791261216,47050.3917
1791261218,47065.4913
1791261220,47066.0724
1791261222,47054.4819
1791261224,47050.7621
1791261226,47049.9967
1791261228,47043.315
1791261230,47069.6534
1791261232,47078.6627
1791261234,47076.6757
1791261236,47083.6309
1791261238,47086.007
1791261240,47083.0786
1791261242,47092.1694
1791261244,47093.9309
1791261246,47100.4383
1791261248,47099.4831
1791261250,47088.9537
1791261252,47100.5499
1791261254,47096.1884
1791261256,47113.5334
1791261258,47103.752
1791261260,47101.836
1791261262,47097.2446
1791261264,47115.2118
1791261266,47112.7241
1791261268,47110.7221
1791261270,47105.8074
1791261272,47113.3086
1791261274,47105.3624
1791261276,47113.5779
1791261278,47114.5689
1791261280,47113.168
1791261282,47102.7124
1791261284,47105.9442
1791261286,47098.0055
1791261288,47092.052
1791261290,47095.2891
1791261292,47096.0082
1791261294,47088.0871
1791261296,47080.9809
1791261298,47095.3358
1791261300,47092.7763
1791261302,47079.7887
1791261304,47071.0444
1791261306,47049.2147
1791261308,47039.251
1791261310,47036.5305
1791261312,47024.9662
1791261314,47030.0677
1791261316,47044.4855
1791261318,47038.9491
1791261320,47032.8097
1791261322,47028.6475
1791261324,47026.0537
1791261326,47019.6348
1791261328,47018.9499
1791261330,47016.9454
1791261332,47014.8132
1791261334,47019.4851
1791261336,47005.2746
1791261338,47012.8187
1791261340,47016.9524
1791261342,47011.6656
1791261344,47019.7258
1791261346,47017.4225
1791261348,47011.9398
1791261350,47002.5773
1791261352,47022.2346
1791261354,47016.8089
1791261356,47014.9459
1791261358,47003.3478
1791261360,47000.3205
1791261362,46988.8155
1791261364,47006.0793
1791261366,47005.4097
1791261368,47004.574
1791261370,46999.7323
1791261372,47011.5488
1791261374,47016.8727
1791261376,47015.5789
1791261378,47005.1248
1791261380,47006.2647
1791261382,46995.5146
1791261384,46993.7791
1791261386,47014.8827
1791261388,47009.6411
1791261390,47018.7196
1791261392,47023.7775
1791261394,47028.5156
1791261396,47034.2946
1791261398,47023.7025
1791261400,47014.837
1791261402,47012.2001
1791261404,47020.2621
1791261406,47014.6721
1791261408,47036.5767
1791261410,47045.3285
1791261412,47034.1225
1791261414,47039.5031
1791261416,47033.7175
1791261418,47039.8132
1791261420,47030.7659
1791261422,47027.3483
1791261424,47019.3818
1791261426,47009.1456
1791261428,47023.4913
1791261430,47024.8822
1791261432,47027.1274
1791261434,47024.0183
1791261436,47029.2045
1791261438,47044.64
1791261440,47045.8602
1791261442,47051.6603
1791261444,47078.2407
1791261446,47078.2556
1791261448,47070.9761
1791261450,47078.7765
1791261452,47086.902
1791261454,47100.1542
1791261456,47101.0453
1791261458,47095.0273
1791261460,47110.9755
1791261462,47109.33
1791261464,47119.323
1791261466,47119.0117
1791261468,47121.0712
1791261470,47121.0487
1791261472,47131.2949
1791261474,47139.4058
1791261476,47144.1283
1791261478,47142.36
1791261480,47153.0851
1791261482,47146.6781
1791261484,47157.2985
1791261486,47156.9807
1791261488,47145.7068
1791261490,47143.2433
1791261492,47142.9613
1791261494,47127.8468
1791261496,47128.0233
1791261498,47134.217
1791261500,47132.5281
1791261502,47127.3868
1791261504,47126.7564
1791261506,47130.232
1791261508,47139.5233
1791261510,47146.6953
1791261512,47150.5364
1791261514,47155.4008
1791261516,47155.1889
1791261518,47157.3468
1791261520,47169.3321
1791261522,47158.6621
1791261524,47172.0931
1791261526,47152.1661
1791261528,47149.7195
1791261530,47160.7571
1791261532,47158.0095
1791261534,47147.4543
1791261536,47143.0226
1791261538,47158.741
1791261540,47160.2587
1791261542,47172.5547
1791261544,47181.3623
1791261546,47186.5045
1791261548,47194.6904
1791261550,47198.1787
1791261552,47200.7109
1791261554,47201.9642
1791261556,47208.7887
1791261558,47215.2105
1791261560,47190.8765
1791261562,47184.7076
1791261564,47176.2979
1791261566,47181.3711
1791261568,47178.9334
1791261570,47164.5882
1791261572,47180.0125
1791261574,47178.9149
1791261576,47186.5215
1791261578,47195.5619
1791261580,47178.5778
1791261582,47174.0445
1791261584,47168.9471
1791261586,47178.2377
1791261588,47175.9697
1791261590,47183.8477
1791261592,47172.9802
1791261594,47168.5866
1791261596,47168.9077
1791261598,47158.5865
1791261600,47167.453
1791261602,47173.5055
1791261604,47168.2426
1791261606,47164.8344
1791261608,47172.6715
1791261610,47177.8363
1791261612,47181.3554
1791261614,47194.495
1791261616,47188.7221
1791261618,47203.032
1791261620,47203.1572
1791261622,47188.7886
1791261624,47192.4563
1791261626,47190.9479
1791261628,47210.5607
1791261630,47202.9774
1791261632,47205.4316
1791261634,47201.8281
1791261636,47206.9099
1791261638,47218.4788
1791261640,47237.8119
1791261642,47229.5099
1791261644,47238.5525
1791261646,47230.6305
1791261648,47229.6343
1791261650,47219.9863
1791261652,47222.3036
1791261654,47237.1185
1791261656,47224.0539
1791261658,47216.8186
1791261660,47215.1402
1791261662,47203.8652
1791261664,47211.3541
1791261666,47207.6251
1791261668,47224.3185
1791261670,47234.917
1791261672,47231.0823
1791261674,47224.3611
1791261676,47233.9587
1791261678,47236.7884
1791261680,47244.491
1791261682,47237.7478
1791261684,47239.8627
1791261686,47244.6495
1791261688,47240.2077
1791261690,47234.7074
1791261692,47220.7998
1791261694,47212.7989
1791261696,47220.9959
1791261698,47237.3499
1791261700,47246.5568
1791261702,47237.416
1791261704,47225.9791
1791261706,47218.4841
1791261708,47224.0284
1791261710,47217.4235
1791261712,47206.8594
1791261714,47196.8714
1791261716,47192.9919
1791261718,47195.6488
1791261720,47204.5483
1791261722,47197.2264
1791261724,47186.1588
1791261726,47178.2355
1791261728,47182.7086
1791261730,47185.7464
1791261732,47183.1579
1791261734,47188.4073
1791261736,47197.5487
1791261738,47197.2154
1791261740,47198.0063
1791261742,47179.3462
1791261744,47190.5846
1791261746,47192.0328
1791261748,47187.6769
1791261750,47184.7336
1791261752,47187.8161
1791261754,47187.9098
1791261756,47188.7627
1791261758,47184.3602
1791261760,47176.361
1791261762,47181.3005
1791261764,47172.882
1791261766,47176.1541
1791261768,47183.0538
1791261770,47187.0909
1791261772,47180.2481
1791261774,47196.4341
1791261776,47203.2207
1791261778,47185.7704
1791261780,47188.954
1791261782,47203.4399
1791261784,47201.4617
1791261786,47208.2033
1791261788,47205.2917
1791261790,47203.8041
1791261792,47217.0537
1791261794,47225.473
1791261796,47209.7757
1791261798,47199.6949
1791261800,47192.7004
1791261802,47180.5923
1791261804,47178.8133
1791261806,47176.9003
1791261808,47167.3301
1791261810,47174.4614
1791261812,47182.3082
1791261814,47181.676
1791261816,47182.527
1791261818,47199.8429
1791261820,47192.4802
1791261822,47200.7756
1791261824,47211.8996
1791261826,47216.409
1791261828,47212.6486
1791261830,47209.6274
1791261832,47193.1888
1791261834,47200.887
1791261836,47188.2053
1791261838,47199.4952
1791261840,47201.3098
1791261842,47207.2059
1791261844,47200.7684
1791261846,47206.6316
1791261848,47207.9854
1791261850,47221.1988
1791261852,47234.07
1791261854,47236.0001
1791261856,47217.5045
1791261858,47208.959
1791261860,47198.4403
1791261862,47186.6917
1791261864,47196.1506
1791261866,47185.4882
1791261868,47187.7691
1791261870,47197.0491
1791261872,47217.6889
1791261874,47223.4034
1791261876,47242.3685
1791261878,47256.9065
1791261880,47264.266
1791261882,47246.7692
1791261884,47248.114
1791261886,47233.9557
1791261888,47243.9532
1791261890,47230.6094
1791261892,47231.198
1791261894,47224.7393
1791261896,47214.684
1791261898,47209.802
1791261900,47219.5543
1791261902,47222.9423
1791261904,47216.9295
1791261906,47220.5655
1791261908,47221.9416
1791261910,47218.8707
1791261912,47218.6115
1791261914,47257.2383
1791261916,47254.3856
1791261918,47260.8062
1791261920,47267.4228
1791261922,47245.5913
1791261924,47235.9258
1791261926,47240.5079
1791261928,47254.5064
1791261930,47260.267
1791261932,47257.1473
1791261934,47269.0084
1791261936,47285.477
1791261938,47289.741
1791261940,47289.6884
1791261942,47285.3919
1791261944,47290.6702
1791261946,47276.005
1791261948,47275.9575
1791261950,47273.5363
1791261952,47253.2529
1791261954,47253.4245
1791261956,47251.4942
1791261958,47257.5223
1791261960,47246.4337
1791261962,47245.0751
1791261964,47246.1211
1791261966,47246.3636
1791261968,47238.931
1791261970,47256.5158
1791261972,47259.4676
1791261974,47248.8908
1791261976,47266.0413
1791261978,47272.4514
1791261980,47275.9595
1791261982,47281.7027
1791261984,47274.6012
1791261986,47297.7969
1791261988,47296.4728
1791261990,47297.8449
1791261992,47300.5675
1791261994,47287.3229
1791261996,47275.1899
1791261998,47266.9702
1791262000,47249.3869
1791262002,47263.225
1791262004,47262.669
1791262006,47245.2495
1791262008,47233.2949
1791262010,47229.159
1791262012,47224.7089
1791262014,47233.0611
1791262016,47225.6539
1791262018,47214.6505
1791262020,47217.6402
1791262022,47206.5963
1791262024,47207.1343
1791262026,47207.993
1791262028,47188.1184
1791262030,47187.358
1791262032,47181.6197
1791262034,47179.7471
1791262036,47175.064
1791262038,47173.0943
1791262040,47180.8185
1791262042,47173.5684
1791262044,47187.789
1791262046,47173.6116
1791262048,47179.4473
1791262050,47176.5825
1791262052,47178.7424
1791262054,47179.8858
1791262056,47189.0597
1791262058,47183.4974
1791262060,47195.5463
1791262062,47186.1365
1791262064,47174.9523
1791262066,47161.6491
1791262068,47165.7895
1791262070,47157.6058
1791262072,47149.7488
1791262074,47144.8436
1791262076,47138.3981
1791262078,47151.1655
1791262080,47142.0207
1791262082,47159.9105
1791262084,47155.3796
1791262086,47155.9889
1791262088,47153.2344
1791262090,47167.124
1791262092,47168.0992
1791262094,47181.0976
1791262096,47184.7994
1791262098,47204.2879
1791262100,47211.4352
1791262102,47209.7765
1791262104,47208.1032
1791262106,47202.0457
1791262108,47202.3656
1791262110,47197.9553
1791262112,47188.7059
1791262114,47187.4597
1791262116,47195.8739
1791262118,47195.8718
1791262120,47192.3353
1791262122,47186.6531
1791262124,47162.5682
1791262126,47161.0415
1791262128,47164.722
1791262130,47155.535
1791262132,47150.9215
1791262134,47149.1185
1791262136,47154.5377
1791262138,47161.868
1791262140,47156.3177
1791262142,47152.5147
1791262144,47164.5348
1791262146,47169.381
1791262148,47157.3738
1791262150,47142.7557
1791262152,47143.8837
1791262154,47150.4546
1791262156,47115.8534
1791262158,47120.2101
1791262160,47113.8864
1791262162,47117.3011
1791262164,47125.7044
1791262166,47136.2123
1791262168,47134.8444
1791262170,47131.2763
1791262172,47131.7374
1791262174,47119.2847
1791262176,47128.4828
1791262178,47129.0324
1791262180,47123.1791
1791262182,47113.6215
1791262184,47109.8376
1791262186,47114.5765
1791262188,47112.1179
1791262190,47110.0417
1791262192,47116.4477
1791262194,47116.6666
1791262196,47116.9466
1791262198,47126.6485
1791262200,47130.6678
1791262202,47123.8281
1791262204,47120.1962
1791262206,47103.4907
1791262208,47104.2858
1791262210,47110.298
1791262212,47110.0157
1791262214,47120.7416
1791262216,47108.3576
1791262218,47112.4872
1791262220,47115.5506
1791262222,47113.9426
1791262224,47098.6607
1791262226,47088.3783
1791262228,47071.4561
1791262230,47072.8828
1791262232,47088.3787
1791262234,47090.4815
1791262236,47092.9028
1791262238,47094.956
1791262240,47107.5813
1791262242,47096.9091
1791262244,47111.2065
1791262246,47112.5006
1791262248,47105.5873
1791262250,47106.6905
1791262252,47110.385
1791262254,47108.9465
1791262256,47113.0147
1791262258,47121.6419
1791262260,47129.1731
1791262262,47129.7146
1791262264,47135.4426
1791262266,47133.0094
1791262268,47139.3268
1791262270,47127.4429
1791262272,47119.0108
1791262274,47123.0404
1791262276,47124.8131
1791262278,47116.2942
1791262280,47118.3752
1791262282,47103.7138
1791262284,47098.5792
1791262286,47112.5923
1791262288,47117.0177
1791262290,47138.0035
1791262292,47131.2583
1791262294,47141.3665
1791262296,47147.4384
1791262298,47156.7046
1791262300,47155.9799
1791262302,47163.457
1791262304,47158.2238
1791262306,47153.5551
1791262308,47135.0595
1791262310,47130.5952
1791262312,47121.1031
1791262314,47122.2457
1791262316,47126.6335
1791262318,47127.0685
1791262320,47136.6684
1791262322,47144.704
1791262324,47128.1574
1791262326,47111.3641
1791262328,47111.967
1791262330,47125.8108
1791262332,47122.9271
1791262334,47116.5507
1791262336,47128.7478
1791262338,47111.3987
1791262340,47095.7755
1791262342,47085.8674
1791262344,47085.5866
1791262346,47088.1881
1791262348,47081.0998
1791262350,47077.2606
1791262352,47076.9054
1791262354,47077.7476
1791262356,47089.3065
1791262358,47107.4235
1791262360,47113.6761
1791262362,47122.9447
1791262364,47122.2995
1791262366,47112.7229
1791262368,47113.1594
1791262370,47111.7895
1791262372,47115.4734
1791262374,47102.2097
1791262376,47099.2412
1791262378,47085.4625
1791262380,47072.9328
1791262382,47060.6808
1791262384,47070.5057
1791262386,47074.5799
1791262388,47073.3037
1791262390,47088.073
1791262392,47077.8853
1791262394,47076.6939
1791262396,47080.7575
1791262398,47087.4487
1791262400,47084.4129
1791262402,47092.4872
1791262404,47097.5552
1791262406,47088.9985
1791262408,47087.4935
1791262410,47065.1142
1791262412,47058.2938
1791262414,47054.7563
1791262416,47049.2844
1791262418,47046.7319
1791262420,47055.6735
1791262422,47041.2267
1791262424,47048.9133
1791262426,47054.658
1791262428,47063.9482
1791262430,47056.2318
1791262432,47057.4174
1791262434,47048.0195
1791262436,47033.4048
1791262438,47044.2844
1791262440,47056.9913
1791262442,47054.2661
1791262444,47048.888
1791262446,47045.9998
1791262448,47043.6517
1791262450,47031.3525
1791262452,47034.4907
1791262454,47029.5012
1791262456,47035.4766
1791262458,47019.6811
1791262460,47017.396
1791262462,47012.482
1791262464,47004.5168
1791262466,47012.3353
1791262468,47020.3308
1791262470,47037.3924
1791262472,47039.1392
1791262474,47038.7921
1791262476,47036.6772
1791262478,47040.0783
1791262480,47037.4
1791262482,47014.6556
1791262484,47013.8402
1791262486,47010.258
1791262488,47026.0002
1791262490,47012.2252
1791262492,47012.4936
1791262494,47013.2378
1791262496,47019.319
1791262498,47022.6747
1791262500,47026.328
1791262502,47030.2806
1791262504,47033.7264
1791262506,47034.8362
1791262508,47043.9364
1791262510,47046.4276
1791262512,47046.8779
1791262514,47031.7047
1791262516,47033.7191
1791262518,47033.9085
1791262520,47032.2356
1791262522,47043.9707
1791262524,47045.1467
1791262526,47019.4414
1791262528,47017.9472
1791262530,47003.6135
1791262532,47005.1847
1791262534,47004.6721
1791262536,47005.5485
1791262538,47007.0744
1791262540,46995.8375
1791262542,46992.76
1791262544,46995.5099
1791262546,46995.1749
1791262548,47006.6653
1791262550,47028.3521
1791262552,47021.0404
1791262554,47014.9927
1791262556,47013.5109
1791262558,47021.8771
1791262560,47031.4809
1791262562,47033.7461
1791262564,47034.7035
1791262566,47026.9751
1791262568,47026.4757
1791262570,47030.7775
1791262572,47016.3756
1791262574,47029.9461
1791262576,47029.0883
1791262578,47032.2396
1791262580,47033.4171
1791262582,47045.315
1791262584,47047.7192
1791262586,47038.4324
1791262588,47027.4508
1791262590,47034.4707
1791262592,47027.924
1791262594,47037.2578
1791262596,47044.6295
1791262598,47044.091
1791262600,47043.7298
1791262602,47042.2169
1791262604,47041.9265
1791262606,47050.0218
1791262608,47037.5061
1791262610,47040.866
1791262612,47042.8383
1791262614,47053.3159
1791262616,47048.1461
1791262618,47040.1239
1791262620,47047.6694
1791262622,47037.3916
1791262624,47026.0296
1791262626,47015.0954
1791262628,47022.2584
1791262630,47031.4097
1791262632,47014.0361
1791262634,47016.3164
1791262636,47017.7239
1791262638,47033.1962
1791262640,47025.1454
1791262642,47037.2678
1791262644,47048.1305
1791262646,47044.5455
1791262648,47049.2387
1791262650,47071.4402
1791262652,47080.1897
1791262654,47079.0983
1791262656,47072.2464
1791262658,47084.1864
1791262660,47074.2986
1791262662,47077.634
1791262664,47079.7149
1791262666,47078.186
1791262668,47078.0962
1791262670,47085.2167
1791262672,47087.2991
1791262674,47088.5639
1791262676,47088.7485
1791262678,47099.5032
1791262680,47098.7161
1791262682,47098.3425
1791262684,47094.347
1791262686,47083.7333
1791262688,47084.4202
1791262690,47088.1708
1791262692,47074.9586
1791262694,47079.6673
1791262696,47084.345
1791262698,47081.9432
1791262700,47098.8993
1791262702,47104.9218
1791262704,47110.9857
1791262706,47116.5984
1791262708,47114.7434
1791262710,47117.606
1791262712,47102.8351
1791262714,47092.7849
1791262716,47093.3941
1791262718,47093.5757
1791262720,47094.0952
1791262722,47082.2702
1791262724,47075.8467
1791262726,47078.0257
1791262728,47071.1669
1791262730,47068.2082
1791262732,47064.515
1791262734,47048.2316
1791262736,47033.6904
1791262738,47030.3282
1791262740,47034.4301
1791262742,47043.4121
1791262744,47040.3406
1791262746,47024.048
1791262748,47024.7707
1791262750,47028.2463
1791262752,47032.5367
1791262754,47022.1243
1791262756,47017.0574
1791262758,47015.8386
1791262760,47008.788
1791262762,47004.5728
1791262764,47005.5575
1791262766,47024.8138
1791262768,47019.079
1791262770,47009.0025
1791262772,47014.1677
1791262774,47004.9424
1791262776,46998.4752
1791262778,46991.8989
1791262780,46993.3964
1791262782,46992.43
1791262784,46995.5585
1791262786,47013.1136
1791262788,47012.8128
1791262790,47010.5361
1791262792,47023.2181
1791262794,47009.3151
1791262796,47005.9809
1791262798,47019.7801
1791262800,47013.6489
1791262802,46999.3776
1791262804,47001.6405
1791262806,47004.7727
1791262808,47015.5333
1791262810,47002.1046
1791262812,47008.9264
1791262814,47035.0915
1791262816,47036.0813
1791262818,47031.1092
1791262820,47032.8885
1791262822,47030.7742
1791262824,47010.43
1791262826,47006.053
1791262828,47007.3218
1791262830,46998.9452
1791262832,46996.3173
1791262834,46990.7541
1791262836,46988.3234
1791262838,46991.9851
1791262840,46981.1978
1791262842,46994.0976
1791262844,46987.7417
1791262846,46986.7602
1791262848,46995.3435
1791262850,46987.2476
1791262852,46976.282
1791262854,46973.9474
1791262856,46980.2109
1791262858,46985.4441
1791262860,46991.2087
1791262862,46974.5786
1791262864,46967.3222
1791262866,46960.0248
1791262868,46958.2111
1791262870,46955.1059
1791262872,46964.2173
1791262874,46940.9398
1791262876,46922.077
1791262878,46923.9042
1791262880,46927.513
1791262882,46935.2124
1791262884,46925.9069
1791262886,46928.898
1791262888,46946.4452
1791262890,46944.9071
1791262892,46948.2164
1791262894,46943.2009
1791262896,46936.6322
1791262898,46931.0847
1791262900,46929.3752
1791262902,46937.2234
1791262904,46936.1244
1791262906,46920.0699
1791262908,46925.5803
1791262910,46919.9078
1791262912,46913.1104
1791262914,46900.415
1791262916,46900.6409
1791262918,46906.1563
1791262920,46909.4448
1791262922,46919.3399
1791262924,46910.1499
1791262926,46907.463
1791262928,46910.941
1791262930,46899.8955
1791262932,46900.6113
1791262934,46904.6145
1791262936,46906.1338
1791262938,46914.7674
1791262940,46912.8112
1791262942,46921.3195
1791262944,46911.8968
1791262946,46906.2317
1791262948,46898.7858
1791262950,46904.6465
1791262952,46900.7846
1791262954,46909.6007
1791262956,46911.0591
1791262958,46914.141
1791262960,46908.1844
1791262962,46907.6707
1791262964,46919.4532
1791262966,46933.3047
1791262968,46954.5523
1791262970,46939.5116
1791262972,46950.4305
1791262974,46943.7177
1791262976,46939.2697
1791262978,46945.3259
1791262980,46937.3083
1791262982,46921.1863
1791262984,46914.476
1791262986,46921.1655
1791262988,46923.5173
1791262990,46926.9176
1791262992,46935.0626
1791262994,46936.1937
1791262996,46905.6735
1791262998,46909.6649
1791263000,46907.7455
1791263002,46897.9894
1791263004,46897.5816
1791263006,46904.4413
1791263008,46912.4654
1791263010,46915.4563
1791263012,46910.4036
1791263014,46923.7977
1791263016,46925.9737
1791263018,46926.5728
1791263020,46922.8762
1791263022,46929.7737
1791263024,46923.9255
1791263026,46920.1162
1791263028,46907.0505
1791263030,46894.8059
1791263032,46891.5303
1791263034,46884.9248
1791263036,46883.186
1791263038,46883.0376
1791263040,46877.9503
1791263042,46875.8438
1791263044,46875.0896
1791263046,46881.7345
1791263048,46874.7639
1791263050,46891.361
1791263052,46898.2192
1791263054,46909.4531
1791263056,46910.366
1791263058,46907.9189
1791263060,46904.5606
1791263062,46892.282
1791263064,46905.1274
1791263066,46901.4746
1791263068,46907.4294
1791263070,46920.5248
1791263072,46912.0291
1791263074,46920.5822
1791263076,46914.1143
1791263078,46915.3082
1791263080,46923.5068
1791263082,46914.7943
1791263084,46914.4607
1791263086,46913.4373
1791263088,46905.9862
1791263090,46908.1409
1791263092,46891.8297
1791263094,46903.2901
1791263096,46913.2757
1791263098,46914.1376
1791263100,46919.837
1791263102,46923.0156
1791263104,46929.143
1791263106,46921.0042
1791263108,46930.9922
1791263110,46944.2596
1791263112,46930.4465
1791263114,46925.1424
1791263116,46930.0872
1791263118,46938.9361
1791263120,46931.8902
1791263122,46939.5133
1791263124,46937.8686
1791263126,46943.0983
1791263128,46949.5193
1791263130,46951.7973
1791263132,46956.6587
1791263134,46965.6517
1791263136,46958.8964
1791263138,46961.832
1791263140,46957.1146
1791263142,46968.2249
1791263144,46966.3011
1791263146,46970.4796
1791263148,46968.8322
1791263150,46955.6374
1791263152,46959.2672
1791263154,46958.661
1791263156,46970.3436
1791263158,46966.3633
1791263160,46974.3384
1791263162,46989.616
1791263164,46986.313
1791263166,46985.5487
1791263168,46982.3974
1791263170,46978.8858
1791263172,46971.5909
1791263174,46973.4544
1791263176,46977.8174
1791263178,46983.3175
1791263180,46999.391
1791263182,47000.0407
1791263184,47003.3247
1791263186,46995.6651
1791263188,46990.8375
1791263190,46987.0026
1791263192,46989.3911
1791263194,46991.6552
1791263196,47003.1842
1791263198,47011.4275
1791263200,47007.0951
1791263202,47010.362
1791263204,47011.6996
1791263206,47009.946
1791263208,47010.0254
1791263210,47011.1632
1791263212,47002.8244
1791263214,47017.76
1791263216,47005.7796
1791263218,47006.2843
1791263220,47017.7315
1791263222,47015.6369
1791263224,47026.8583
1791263226,47048.2741
1791263228,47038.8454
1791263230,47058.8076
1791263232,47062.1611
1791263234,47059.8862
1791263236,47060.9588
1791263238,47061.5158
1791263240,47063.0519
1791263242,47057.3909
1791263244,47070.2314
1791263246,47072.0678
1791263248,47074.0209
1791263250,47083.9566
1791263252,47085.5468
1791263254,47069.0621
1791263256,47078.1374
1791263258,47072.0207
1791263260,47064.563
1791263262,47065.1528
1791263264,47062.976
1791263266,47072.308
1791263268,47062.9753
1791263270,47050.9679
1791263272,47052.2854
1791263274,47062.5793
1791263276,47061.2392
1791263278,47055.1311
1791263280,47053.433
1791263282,47050.5141
1791263284,47049.0864
1791263286,47054.7031
1791263288,47040.8498
1791263290,47050.569
1791263292,47051.0942
1791263294,47060.154
1791263296,47060.5076
1791263298,47061.0533
1791263300,47054.4797
1791263302,47051.6813
1791263304,47045.3161
1791263306,47029.3129
1791263308,47033.1389
1791263310,47039.6404
1791263312,47030.8244
1791263314,47027.1792
1791263316,47024.8402
1791263318,47023.2485
1791263320,47025.1357
1791263322,47026.9356
1791263324,47021.4638
1791263326,47022.3915
1791263328,47011.3273
1791263330,47020.6446
1791263332,47024.6191
1791263334,47034.7936
1791263336,47027.6384
1791263338,47025.2835
1791263340,47027.3324
1791263342,47040.3109
1791263344,47038.5721
1791263346,47057.3838
1791263348,47070.3119
1791263350,47084.3867
1791263352,47085.5642
1791263354,47080.4745
1791263356,47063.8921
1791263358,47053.8696
1791263360,47050.1388
1791263362,47053.1263
1791263364,47067.97
1791263366,47068.3733
1791263368,47078.4534
1791263370,47072.7201
1791263372,47084.7309
1791263374,47081.6428
1791263376,47085.7609
1791263378,47079.3567
1791263380,47097.3821
1791263382,47087.3351
1791263384,47085.0758
1791263386,47076.5559
1791263388,47066.1308
1791263390,47067.9372
1791263392,47070.7096
1791263394,47080.7026
1791263396,47070.3186
1791263398,47052.0148
1791263400,47060.8902
1791263402,47071.6386
1791263404,47067.3297
1791263406,47069.4789
1791263408,47084.3707
1791263410,47101.451
1791263412,47113.3654
1791263414,47101.0517
1791263416,47106.4534
1791263418,47108.6707
1791263420,47114.5422
1791263422,47116.2581
1791263424,47118.0063
1791263426,47129.4211
1791263428,47130.913
1791263430,47125.2817
1791263432,47123.4811
1791263434,47126.2597
1791263436,47120.2526
1791263438,47115.5228
1791263440,47116.7867
1791263442,47113.5301
1791263444,47114.9687
1791263446,47124.8036
1791263448,47113.6436
1791263450,47118.4892
1791263452,47130.4931
1791263454,47130.6328
1791263456,47129.8104
1791263458,47136.7214
1791263460,47121.4223
1791263462,47133.1736
1791263464,47130.0706
1791263466,47139.6852
1791263468,47123.6301
1791263470,47128.9379
1791263472,47115.7575
1791263474,47110.9152
1791263476,47107.7852
1791263478,47121.4868
1791263480,47116.3171
1791263482,47115.3818
1791263484,47099.6811
1791263486,47094.3406
1791263488,47108.2365
1791263490,47097.6771
1791263492,47095.3068
1791263494,47083.8721
1791263496,47082.907
1791263498,47074.445
1791263500,47061.2243
1791263502,47056.0417
1791263504,47051.235
1791263506,47030.8755
1791263508,47027.8337
1791263510,47038.1772
1791263512,47036.9488
1791263514,47043.1892
1791263516,47047.8425
1791263518,47050.2173
1791263520,47052.2051
1791263522,47045.7399
1791263524,47035.1192
1791263526,47041.8915
1791263528,47055.8178
1791263530,47058.2576
1791263532,47050.4095
1791263534,47053.6456
1791263540,47049.1607
1791263542,47052.3286
1791263544,47053.5216
1791263546,47043.0112
1791263548,47035.4298
1791263550,47044.8929
1791263552,47046.7603
1791263554,47039.4572
1791263556,47051.367
1791263558,47066.5508
1791263560,47065.3761
1791263562,47063.4479
1791263564,47059.0982
1791263566,47043.9201
1791263568,47057.4586
1791263570,47065.704
1791263572,47074.4679
1791263574,47055.0922
1791263576,47057.9722
1791263578,47072.7889
1791263580,47071.1562
1791263582,47054.3918
1791263584,47061.032
1791263586,47064.8923
1791263588,47057.7076
1791263590,47054.2088
1791263592,47047.9706
1791263594,47045.3176
1791263596,47060.4984
1791263598,47066.0641
1791263600,47057.7836
1791263602,47066.047
1791263604,47071.509
1791263606,47056.5976
1791263608,47062.0327
1791263610,47054.0961
1791263612,47055.1255
1791263614,47053.2891
1791263616,47043.2811
1791263618,47046.5713
1791263620,47041.842
1791263622,47032.0602
1791263624,47035.4734
1791263626,47048.8603
1791263628,47056.457
1791263630,47052.0076
1791263632,47046.2535
1791263634,47051.4634
1791263636,47045.4272
1791263638,47048.3361
1791263640,47061.7026
1791263642,47053.7232
1791263644,47053.6215
1791263646,47054.1951
1791263648,47058.7081
1791263650,47065.8801
1791263652,47067.1149
1791263654,47084.0941
1791263656,47083.8774
1791263658,47089.7679
1791263660,47078.4148
1791263662,47083.1472
1791263664,47086.888
1791263666,47073.1503
1791263668,47058.4887
1791263670,47051.413
1791263672,47053.0575
1791263674,47050.9241
1791263676,47060.2242
1791263678,47058.2315
1791263680,47058.4279
1791263682,47063.6938
1791263684,47066.2746
1791263686,47053.2585
1791263688,47058.1116
1791263690,47043.1945
1791263692,47043.0661
1791263694,47049.0462
1791263696,47054.8312
1791263698,47058.314
1791263700,47063.062
1791263702,47061.6892
1791263704,47068.4675
1791263706,47089.5396
1791263708,47081.3341
1791263710,47079.684
1791263712,47078.7452
1791263714,47083.8279
1791263716,47076.6684
1791263718,47073.4486
1791263720,47086.157
1791263722,47080.6722
1791263724,47070.3222
1791263726,47057.5313
1791263728,47044.5213
1791263730,47053.8709
1791263732,47070.3255
1791263734,47069.7391
1791263736,47086.3213
1791263738,47085.1973
1791263740,47091.2208
1791263742,47089.9613
1791263744,47078.0805
1791263746,47067.1033
1791263748,47073.7965
1791263750,47076.7224
1791263752,47076.4319
1791263754,47081.5747
1791263756,47072.6671
1791263758,47073.4344
1791263760,47078.644
1791263762,47071.3974
1791263764,47068.0955
1791263766,47062.2692
1791263768,47062.2417
1791263770,47046.4009
1791263772,47059.1973
1791263774,47058.1312
1791263776,47078.7249
1791263778,47072.6055
1791263780,47064.4933
1791263782,47061.1542
1791263784,47063.2553
1791263786,47061.7894
1791263788,47075.4388
1791263790,47074.1456
1791263792,47078.6422
1791263794,47077.3618
1791263796,47077.7761
1791263798,47081.5115
1791263800,47077.3504
1791263802,47088.7445
1791263804,47064.9184
1791263806,47071.3098
1791263808,47073.709
1791263810,47061.823
1791263812,47053.7423
1791263814,47044.6303
1791263816,47054.603
1791263818,47039.9774
1791263820,47046.7854
1791263822,47048.9941
1791263824,47051.8033
1791263826,47075.8582
1791263828,47094.4043
1791263830,47093.5605
1791263832,47096.9631
1791263834,47095.7491
1791263836,47082.3079
1791263838,47076.0222
1791263840,47069.694
1791263842,47080.8306
1791263844,47067.3521
1791263846,47066.1679
1791263848,47060.7011
1791263850,47053.8852
1791263852,47056.401
1791263854,47046.3354
1791263856,47036.1529
1791263858,47022.9306
1791263860,47023.731
1791263862,47019.9288
1791263864,47018.673
1791263866,47009.7938
1791263868,47005.4832
1791263870,47015.1842
1791263872,47030.6541
1791263874,47037.0699
1791263876,47029.8334
1791263878,47013.9816
1791263880,47004.1375
1791263882,47000.477
1791263884,46999.8514
1791263886,46984.8926
1791263888,46985.1245
1791263890,46983.9605
1791263892,46983.4132
1791263894,47003.3374
1791263896,47016.225
1791263898,47022.1752
1791263900,47024.0059
1791263902,47025.0161
1791263904,47030.1263
1791263906,47039.9003
1791263908,47040.8089
1791263910,47066.5003
1791263912,47065.3611
1791263914,47052.2565
1791263916,47055.785
1791263918,47063.0458
1791263920,47056.9521
1791263922,47062.6196
1791263924,47068.1029
1791263926,47064.7447
1791263928,47062.82
1791263930,47049.2663
1791263932,47050.4762
1791263934,47044.3801
1791263936,47037.2299
1791263938,47039.9577
1791263940,47023.9001
1791263942,47029.5896
1791263944,47025.1615
1791263946,47026.5319
1791263948,47031.8703
1791263950,47037.2412
1791263952,47035.5279
1791263954,47049.5674
1791263956,47035.4911
1791263958,47047.3176
1791263960,47043.953
1791263962,47055.0053
1791263964,47051.2192
1791263966,47049.012
1791263968,47039.7668
1791263970,47035.8808
1791263972,47035.099
1791263974,47043.5543
1791263976,47048.8052
1791263978,47052.1467
1791263980,47059.2678
1791263982,47045.2326
1791263984,47051.097
1791263986,47048.8751
1791263988,47045.6783
1791263990,47045.0214
1791263992,47038.662
1791263994,47032.5282
1791263996,47016.6607
1791263998,47019.6105
1791264000,46997.0614
1791264002,47005.2637
1791264004,47005.3255
1791264006,47002.0555
1791264008,46988.5507
1791264010,46980.5402
1791264012,46970.4046
1791264014,46986.0118
1791264016,46977.6673
1791264018,46989.0269
1791264020,46985.0585
1791264022,46999.8721
1791264024,46995.7657
1791264026,46991.3181
1791264028,47000.7763
1791264030,47007.0084
1791264032,47006.6428
1791264034,47006.52
1791264036,46999.5015
1791264038,47002.8457
1791264040,47004.3697
1791264042,47019.8224
1791264044,47013.3518
1791264046,47004.8645
1791264048,46987.9208
1791264050,46985.5285
1791264052,46989.3454
1791264054,46991.485
1791264056,46988.1566
1791264058,46987.5561
1791264060,46984.2414
1791264062,46991.1723
1791264064,46991.0498
1791264066,46988.7876
1791264068,46985.3415
1791264070,46988.6848
1791264072,46984.9161
1791264074,46983.2185
1791264076,46977.2331
1791264078,46971.9107
1791264080,46974.7397
1791264082,46975.836
1791264084,46968.5785
1791264086,46962.1387
1791264088,46958.7049
1791264090,46970.0226
1791264092,46953.8866
1791264094,46938.8668
1791264096,46921.719
1791264098,46927.7449
1791264100,46925.9781
1791264102,46939.0629
1791264104,46928.8214
1791264106,46932.4515
1791264108,46934.4983
1791264110,46921.8559
1791264112,46912.4141
1791264114,46913.7779
1791264116,46923.5643
1791264118,46917.2529
1791264120,46911.7989
1791264122,46911.3887
1791264124,46897.646
1791264126,46903.6575
1791264128,46899.1662
1791264130,46912.1029
1791264132,46917.7527
1791264134,46897.7585
1791264136,46904.2814
1791264138,46911.0872
1791264140,46916.4601
1791264142,46920.5049
1791264144,46925.6133
1791264146,46911.3031
1791264148,46919.0276
1791264150,46923.9636
1791264152,46925.4531
1791264154,46917.366
1791264156,46925.6773
1791264158,46934.0515
1791264160,46940.4023
1791264162,46940.1821
1791264164,46952.0077
1791264166,46951.0066
1791264168,46948.2324
1791264170,46959.1682
1791264172,46952.7547
1791264174,46937.3374
1791264176,46931.3614
1791264178,46945.3128
1791264180,46951.5566
1791264182,46965.5975
1791264184,46977.2911
1791264186,46984.0398
1791264188,46995.6507
1791264190,46990.9944
1791264192,47004.6802
1791264194,46996.2928
1791264196,46995.3652
1791264198,47005.0576
1791264200,47009.9514
1791264202,46993.5648
1791264204,46997.4862
1791264206,46983.4518
1791264208,46977.2315
1791264210,46980.4411
1791264212,46989.7921
1791264214,46978.5011
1791264216,46985.6376
1791264218,46988.5955
1791264220,46980.4186
1791264222,46975.9926
1791264224,46976.9623
1791264226,46969.9842
1791264228,46984.9671
1791264230,46975.2737
1791264232,46978.7182
1791264234,46970.9167
1791264236,46954.4517
1791264238,46938.4402
1791264240,46938.1299
1791264242,46957.2415
1791264244,46956.701
1791264246,46962.656
1791264248,46956.8831
1791264250,46946.7234
1791264252,46938.0025
1791264254,46942.24
1791264256,46931.1117
1791264258,46918.5591
1791264260,46926.3368
1791264262,46940.8336
1791264264,46941.272
1791264266,46946.4856
1791264268,46954.5121
1791264270,46940.7378
1791264272,46929.4663
1791264274,46919.9496
1791264276,46925.5794
1791264278,46931.9541
1791264280,46931.4217
1791264282,46941.2266
1791264284,46945.9639
1791264286,46944.3436
1791264288,46949.9231
1791264290,46958.1594
1791264292,46950.2049
1791264294,46944.6386
1791264296,46951.722
1791264298,46969.7504
1791264300,46987.8301
1791264302,46986.7633
1791264304,46987.7152
1791264306,46985.6498
1791264308,46980.2195
1791264310,46981.0472
1791264312,46963.2658
1791264314,46945.6305
1791264316,46956.2561
1791264318,46962.2464
1791264320,46966.2152
1791264322,46970.0514
1791264324,46970.1632
1791264326,46976.2823
1791264328,46974.801
1791264330,46964.0435
1791264332,46963.9117
1791264334,46965.3215
1791264336,46977.0912
1791264338,46972.2797
1791264340,46969.5913
1791264342,46957.7196
1791264344,46966.056
1791264346,46971.042
1791264348,46954.4349
1791264350,46942.3009
1791264352,46941.8731
1791264354,46937.5518
1791264356,46951.331
1791264358,46960.0007
1791264360,46959.1672
1791264362,46949.7919
1791264364,46951.8103
1791264366,46947.5183
1791264368,46944.9037
1791264370,46933.3403
1791264372,46947.4827
1791264374,46938.5761
1791264376,46936.5597
1791264378,46955.9683
1791264380,46942.7014
1791264382,46935.5563
1791264384,46936.7604
1791264386,46939.7573
1791264388,46935.5047
1791264390,46922.2245
1791264392,46924.0964
1791264394,46942.7427
1791264396,46938.0346
1791264398,46936.1539
1791264400,46928.6684
1791264402,46939.5019
1791264404,46934.0868
1791264406,46932.7025
1791264408,46931.9983
1791264410,46919.3184
1791264412,46919.832
1791264414,46918.6504
1791264416,46921.8709
1791264418,46930.1594
1791264420,46942.7435
1791264422,46943.4415
1791264424,46949.3792
1791264426,46948.1963
1791264428,46936.2436
1791264430,46939.6047
1791264432,46923.6618
1791264434,46918.3519
1791264436,46903.6387
1791264438,46900.9851
1791264440,46893.2183
1791264442,46895.5472
1791264444,46892.1412
1791264446,46898.1181
1791264448,46882.5839
1791264450,46883.3754
1791264452,46879.418
1791264454,46870.2831
1791264456,46865.7517
1791264458,46858.0569
1791264460,46859.1307
1791264462,46851.0808
1791264464,46845.9744
1791264466,46847.1489
1791264468,46855.646
1791264470,46850.6808
1791264472,46854.3973
1791264474,46839.759
1791264476,46840.558
1791264478,46842.5211
1791264480,46836.0967
1791264482,46858.7942
1791264484,46860.9309
1791264486,46866.394
1791264488,46873.0884
1791264490,46886.504
1791264492,46894.1624
1791264494,46916.2502
1791264496,46917.1286
1791264498,46917.6616
1791264500,46909.3048
1791264502,46911.2497
1791264504,46917.3309
1791264506,46916.5462
1791264508,46930.1178
1791264510,46925.8278
1791264512,46930.3228
1791264514,46931.8838
1791264516,46920.1706
1791264518,46914.404
1791264520,46907.4945
1791264522,46912.2387
1791264524,46911.8368
1791264526,46901.8846
1791264528,46901.3464
1791264530,46903.073
1791264532,46896.0686
1791264534,46893.3499
1791264536,46916.9099
1791264538,46914.1338
1791264540,46899.0225
1791264542,46896.1947
1791264544,46912.5633
1791264546,46919.4582
1791264548,46921.1858
1791264550,46932.7858
1791264552,46918.3949
1791264554,46913.6796
1791264556,46915.4216
1791264558,46907.3965
1791264560,46904.1147
1791264562,46899.1456
1791264564,46893.9708
1791264566,46890.1824
1791264568,46882.7896
1791264570,46877.7963
1791264572,46873.7784
1791264574,46884.0728
1791264576,46875.8549
1791264578,46863.7857
1791264580,46862.8739
1791264582,46872.4844
1791264584,46863.1174
1791264586,46868.7963
1791264588,46874.7708
1791264590,46876.0003
1791264592,46877.2668
1791264594,46878.7817
1791264596,46872.7628
1791264598,46873.8469
1791264600,46883.6023
1791264602,46884.4701
1791264604,46895.9764
1791264606,46899.8476
1791264608,46901.398
1791264610,46891.593
1791264612,46901.6254
1791264614,46901.3161
1791264616,46890.215
1791264618,46878.9953
1791264620,46884.2747
1791264622,46868.934
1791264624,46866.6171
1791264626,46862.245
1791264628,46866.4218
1791264630,46864.4164
1791264632,46861.8306
1791264634,46861.7876
1791264636,46873.7142
1791264638,46869.4224
1791264640,46862.7798
1791264642,46873.7623
1791264644,46887.2189
1791264646,46882.1736
1791264648,46891.1973
1791264650,46893.6485
1791264652,46905.2749
1791264654,46894.0372
1791264656,46895.5233
1791264658,46898.0614
1791264660,46900.3606
1791264662,46895.7355
1791264664,46911.3876
1791264666,46911.4215
1791264668,46914.9671
1791264670,46917.5492
1791264672,46920.7596
1791264674,46920.249
1791264676,46899.9605
1791264678,46887.0225
1791264680,46888.4375
1791264682,46900.4438
1791264684,46913.4362
1791264686,46932.6799
1791264688,46921.3899
1791264690,46929.7762
1791264692,46928.0481
1791264694,46927.2471
1791264696,46926.9458
1791264698,46923.2406
1791264700,46911.6612
1791264702,46925.1075
1791264704,46931.2732
1791264706,46928.2266
1791264708,46935.3743
1791264710,46949.8133
1791264712,46936.5794
1791264714,46923.3425
1791264716,46925.3379
1791264718,46922.0071
1791264720,46914.7784
1791264722,46926.2309
1791264724,46917.063
1791264726,46917.651
1791264728,46918.2168
1791264730,46915.5842
1791264732,46932.6722
1791264734,46927.5384
1791264736,46936.7355
1791264738,46931.3379
1791264740,46931.7886
1791264742,46916.2235
1791264744,46920.378
1791264746,46911.8619
1791264748,46917.7097
1791264750,46909.0416
1791264752,46905.1918
1791264754,46909.4523
1791264756,46911.1425
1791264758,46912.4397
1791264760,46913.254
1791264762,46899.1422
1791264764,46890.1106
1791264766,46905.5374
1791264768,46918.5003
1791264770,46921.8489
1791264772,46915.6673
1791264774,46912.9778
1791264776,46897.4987
1791264778,46893.8704
1791264780,46876.6549
1791264782,46879.369
1791264784,46885.5358
1791264786,46881.7069
1791264788,46882.5545
1791264790,46880.8275
1791264792,46877.3926
1791264794,46881.1702
1791264796,46868.1999
1791264798,46853.3088
1791264800,46843.3111
1791264802,46826.7782
1791264804,46818.9285
1791264806,46820.0209
1791264808,46822.175
1791264810,46822.239
1791264812,46829.3007
1791264814,46829.9579
1791264816,46825.3408
1791264818,46835.1915
1791264820,46838.2661
1791264822,46828.3193
1791264824,46846.4337
1791264826,46827.4367
1791264828,46817.9335
1791264830,46829.5847
1791264832,46823.6957
1791264834,46822.3146
1791264836,46817.2333
1791264838,46825.5916
1791264840,46828.7688
1791264842,46836.5769
1791264844,46825.6072
1791264846,46811.3685
1791264848,46818.123
1791264850,46830.0366
1791264852,46827.9257
1791264854,46825.7924
1791264856,46829.0028
1791264858,46821.6634
1791264860,46827.3745
1791264862,46814.501
1791264864,46818.9834
1791264866,46812.5907
1791264868,46813.872
1791264870,46821.2752
1791264872,46834.7137
1791264874,46839.3402
1791264876,46819.6687
1791264878,46824.049
1791264880,46828.4956
1791264882,46827.7114
1791264884,46825.4576
1791264886,46799.23
1791264888,46788.1435
1791264890,46792.7877
1791264892,46792.3205
1791264894,46782.4145
1791264896,46780.1374
1791264898,46787.8587
1791264900,46788.331
1791264902,46804.9358
1791264904,46788.1195
1791264906,46784.5266
1791264908,46773.5993
1791264910,46771.0833
1791264912,46769.8611
1791264914,46787.3113
1791264916,46794.8596
1791264918,46798.6887
1791264920,46811.9137
1791264922,46806.6494
1791264924,46808.1053
1791264926,46807.6447
1791264928,46798.5779
1791264930,46798.3352
1791264932,46795.716
1791264934,46803.2519
1791264936,46799.6612
1791264938,46812.4893
1791264940,46816.499
1791264942,46811.7046
1791264944,46816.9626
1791264946,46818.6804
1791264948,46814.7269
1791264950,46829.8059
1791264952,46824.3232
1791264954,46820.3195
1791264956,46816.4996
1791264958,46820.1759
1791264960,46822.537
1791264962,46831.2852
1791264964,46825.4491
1791264966,46833.743
1791264968,46844.1375
1791264970,46858.7943
1791264972,46866.7064
1791264974,46860.461
1791264976,46864.3059
1791264978,46865.7273
1791264980,46879.027
1791264982,46893.9729
1791264984,46895.8299
1791264986,46904.5581
1791264988,46912.8763
1791264990,46916.8642
1791264992,46920.3997
1791264994,46932.3533
1791264996,46933.7298
1791264998,46939.4956
1791265000,46927.8586
1791265002,46932.386
1791265004,46926.9436
1791265006,46930.6158
1791265008,46938.8629
1791265010,46931.1155
1791265012,46932.4569
1791265014,46925.1529
1791265016,46918.241
1791265018,46911.9777
1791265020,46920.8492
1791265022,46905.2748
1791265024,46932.3117
1791265026,46927.2962
1791265028,46927.9406
1791265030,46925.3456
1791265032,46924.5102
1791265034,46935.1173
1791265036,46928.6516
1791265038,46919.8285
1791265040,46918.6347
1791265042,46919.0672
1791265044,46925.015
1791265046,46919.0276
1791265048,46925.2091
1791265050,46907.2878
1791265052,46902.8993
1791265054,46903.6671
1791265056,46909.5047
1791265058,46925.0637
1791265060,46937.8389
1791265062,46933.1597
1791265064,46924.9933
1791265066,46933.5009
1791265068,46934.0099
1791265070,46931.8024
1791265072,46920.0102
1791265074,46934.9348
1791265076,46929.7149
1791265078,46925.4373
1791265080,46911.7612
1791265082,46892.6525
1791265084,46909.0199
1791265086,46915.9569
1791265088,46916.8702
1791265090,46914.3959
1791265092,46910.4189
1791265094,46913.0294
1791265096,46916.2306
1791265098,46914.8832
1791265100,46914.4775
1791265102,46919.9136
1791265104,46933.4501
1791265106,46929.7615
1791265108,46922.0781
1791265110,46931.3152
1791265112,46907.5232
1791265114,46912.6078
1791265116,46923.5068
1791265118,46939.125
1791265120,46938.2097
1791265122,46943.9436
1791265124,46947.6736
1791265126,46944.3811
1791265128,46963.0449
1791265130,46960.6632
1791265132,46963.6458
1791265134,46960.1353
1791265136,46975.3696
1791265138,46973.0335
1791265140,46965.8081
1791265142,46971.8456
1791265144,46967.4532
1791265146,46950.6858
1791265148,46949.5167
1791265150,46934.5322
1791265152,46938.875
1791265154,46935.2533
1791265156,46927.8282
1791265158,46911.075
1791265160,46901.0092
1791265162,46907.4972
1791265164,46898.7043
1791265166,46908.4246
1791265168,46921.5246
1791265170,46924.084
1791265172,46930.78
1791265174,46930.6224
1791265176,46927.8416
1791265178,46933.3624
1791265180,46929.6676
1791265182,46921.4242
1791265184,46910.7457
1791265186,46917.0287
1791265188,46918.0607
1791265190,46932.6668
1791265192,46932.4258
1791265194,46927.4575
1791265196,46932.4295
1791265198,46924.6605
1791265200,46911.5474
1791265202,46904.5777
1791265204,46897.9515
1791265206,46901.3139
1791265208,46908.4288
1791265210,46912.8363
1791265212,46907.5881
1791265214,46906.0404
1791265216,46894.4403
1791265218,46891.0424
1791265220,46888.8348
1791265222,46897.0862
1791265224,46902.1602
1791265226,46901.3542
1791265228,46897.3484
1791265230,46901.1788
1791265232,46896.3351
1791265234,46890.8273
1791265236,46881.1358
1791265238,46888.5916
1791265240,46889.4434
1791265242,46898.6526
1791265244,46898.9323
1791265246,46885.1952
1791265248,46881.5148
1791265250,46878.716
1791265252,46879.4559
1791265254,46881.6421
1791265256,46888.0269
1791265258,46880.6041
1791265260,46873.6311
1791265262,46851.4433
1791265264,46858.2166
1791265266,46866.9668
1791265268,46861.0947
1791265270,46868.1578
1791265272,46863.6686
1791265274,46870.8246
1791265276,46870.2548
1791265278,46883.0744
1791265280,46885.9095
1791265282,46873.9974
1791265284,46875.4901
1791265286,46868.076
1791265288,46864.9476
1791265290,46881.8961
1791265292,46892.9849
1791265294,46892.4894
1791265296,46901.6538
1791265298,46913.5004
1791265300,46906.4732
1791265302,46911.885
1791265304,46917.4588
1791265306,46917.7239
1791265308,46927.0473
1791265310,46919.7422
1791265312,46921.9431
1791265314,46933.7315
1791265316,46934.357
1791265318,46925.0349
1791265320,46935.4361
1791265322,46946.4659
1791265324,46940.8791
1791265326,46944.4583
1791265328,46941.8557
1791265330,46939.2644
1791265332,46937.2234
1791265334,46936.9589
1791265336,46932.2434
1791265338,46937.3137
1791265340,46926.4652
1791265342,46929.6304
1791265344,46947.8955
1791265346,46931.9392
1791265348,46933.9432
1791265350,46930.9314
1791265352,46929.0985
1791265354,46939.6252
1791265356,46940.9967
1791265358,46953.9424
1791265360,46961.331
1791265362,46956.826
1791265364,46958.5076
1791265366,46956.6356
1791265368,46959.6834
1791265370,46966.1271
1791265372,46958.0863
1791265374,46954.7163
1791265376,46954.5715
1791265378,46946.6272
1791265380,46945.7416
1791265382,46951.7063
1791265384,46947.4763
1791265386,46949.9177
1791265388,46947.2903
1791265390,46934.4342
1791265392,46936.4383
1791265394,46929.1491
1791265396,46931.0118
1791265398,46935.1489
1791265400,46920.8155
1791265402,46917.9069
1791265404,46916.9757
1791265406,46920.6087
1791265408,46919.7994
1791265410,46922.2083
1791265412,46947.4988
1791265414,46951.0564
1791265416,46961.5421
1791265418,46949.0899
1791265420,46953.3734
1791265422,46956.4231
1791265424,46964.3099
1791265426,46957.0368
1791265428,46944.2342
1791265430,46956.0107
1791265432,46961.2297
1791265434,46945.3568
1791265436,46948.005
1791265438,46949.9736
1791265440,46937.5211
1791265442,46932.216
1791265444,46913.1296
1791265446,46919.84
1791265448,46908.2056
1791265450,46903.4619
1791265452,46912.4856
1791265454,46909.9665
1791265456,46922.806
1791265458,46923.6045
1791265460,46937.7049
1791265462,46936.1454
1791265464,46932.3582
1791265466,46935.0823
1791265468,46934.526
1791265470,46928.3349
1791265472,46923.3781
1791265474,46931.0461
1791265476,46950.5494
1791265478,46961.1981
1791265480,46969.1364
1791265482,46989.5882
1791265484,47005.0503
1791265486,47004.8907
1791265488,47016.7341
1791265490,47027.7757
1791265492,47038.7652
1791265494,47028.7258
1791265496,47016.8047
1791265498,47005.5869
1791265500,47001.7681
1791265502,46997.1535
1791265504,47013.7735
1791265506,47008.1409
1791265508,46993.6285
1791265510,46979.2093
1791265512,46986.9611
1791265514,46979.8445
1791265516,46977.2184
1791265518,46981.4953
1791265520,46979.6381
1791265522,46963.2621
1791265524,46968.2721
1791265526,46964.1619
1791265528,46955.3033
1791265530,46952.177
1791265532,46948.5928
1791265534,46939.9533
1791265536,46951.4053
1791265538,46959.4399
1791265540,46956.7797
1791265542,46954.0294
1791265544,46954.3856
1791265546,46952.7489
1791265548,46951.4485
1791265550,46954.4049
1791265552,46958.3782
1791265554,46952.293
1791265556,46954.223
1791265558,46950.8897
1791265560,46950.7016
1791265562,46954.197
1791265564,46961.6507
1791265566,46963.3943
1791265568,46965.8829
1791265570,46972.0103
1791265572,46974.7231
1791265574,46978.0187
1791265576,46972.6191
1791265578,46982.5872
1791265580,46974.4454
1791265582,46974.9235
1791265584,46985.1727
1791265586,46990.4649
1791265588,47000.4475
1791265590,46987.0335
1791265592,46988.2782
1791265594,46980.6065
1791265596,47005.9762
1791265598,47001.7186
1791265600,47001.9342
1791265602,47004.6289
1791265604,47015.5904
1791265606,47025.5057
1791265608,47021.0303
1791265610,47015.8173
1791265612,47008.2583
1791265614,47008.9667
1791265616,47009.4656
1791265618,47015.2323
1791265620,47015.9363
1791265622,47019.9345
1791265624,47027.3556
1791265626,47035.1938
1791265628,47064.5873
1791265630,47062.4164
1791265632,47067.4097
1791265634,47061.624
1791265636,47066.9782
1791265638,47070.2588
1791265640,47085.6374
1791265642,47089.2145
1791265644,47096.2032
1791265646,47091.5651
1791265648,47094.6502
1791265650,47090.1196
1791265652,47087.7763
1791265654,47089.7883
1791265656,47091.9062
1791265658,47094.4917
1791265660,47094.7443
1791265662,47110.3963
1791265664,47106.9828
1791265666,47114.1121
1791265668,47098.3809
1791265670,47093.0151
1791265672,47072.7199
1791265674,47085.6615
1791265676,47101.0889
1791265678,47093.9262
1791265680,47099.0877
1791265682,47099.622
1791265684,47090.8612
1791265686,47108.5142
1791265688,47119.4171
1791265690,47119.3847
1791265692,47117.7346
1791265694,47133.1022
1791265696,47134.0377
1791265698,47130.381
1791265700,47131.7045
1791265702,47124.0209
1791265704,47123.0273
1791265706,47137.2949
1791265708,47124.2079
1791265710,47110.3889
1791265712,47116.7412
1791265714,47119.0498
1791265716,47098.9808
1791265718,47086.6712
1791265720,47063.5983
1791265722,47070.7671
1791265724,47059.1842
1791265726,47058.4515
1791265728,47057.6877
1791265730,47072.8822
1791265732,47079.5194
1791265734,47074.2927
1791265736,47079.4376
1791265738,47085.7102
1791265740,47075.114
1791265742,47065.8758
1791265744,47076.9866
1791265746,47068.429
1791265748,47073.6667
1791265750,47084.6038
1791265752,47083.4593
1791265754,47071.4914
1791265756,47072.2214
1791265758,47084.8485
1791265760,47063.0708
1791265762,47058.2317
1791265764,47053.4684
1791265766,47050.1748
1791265768,47033.558
1791265770,47036.1535
1791265772,47040.0891
1791265774,47056.1703
1791265776,47044.7296
1791265778,47045.1883
1791265780,47048.593
1791265782,47050.1884
1791265784,47042.7335
1791265786,47055.2421
1791265788,47054.9031
1791265790,47051.2228
1791265792,47057.593
1791265794,47061.287
1791265796,47061.0921
1791265798,47053.3446
1791265800,47053.7277
1791265802,47066.4872
1791265804,47066.2474
1791265806,47077.8466
1791265808,47069.8891
1791265810,47074.3483
1791265812,47074.7471
1791265814,47071.6066
1791265816,47067.3389
1791265818,47078.8619
1791265820,47076.4724
1791265822,47061.0536
1791265824,47047.5863
1791265826,47051.9144
1791265828,47063.055
1791265830,47059.7199
1791265832,47073.5952
1791265834,47067.8632
1791265836,47076.9721
1791265838,47065.6252
1791265840,47048.3651
1791265842,47045.121
1791265844,47044.3288
1791265846,47027.7927
1791265848,47020.7175
1791265850,47013.6349
1791265852,47009.488
1791265854,47011.6688
1791265856,47030.1659
1791265858,47042.4535
1791265860,47037.7056
1791265862,47026.8869
1791265864,47030.754
1791265866,47031.3655
1791265868,47021.7063
1791265870,47022.439
1791265872,47012.2931
1791265874,47017.6468
1791265876,47017.3012
1791265878,47016.4855
1791265880,47023.2635
1791265882,47017.808
1791265884,47016.945
1791265886,47018.7791
1791265888,47018.938
1791265890,47020.0567
1791265892,47023.1994
1791265894,47015.929
1791265896,47014.2621
1791265898,47016.6532
1791265900,47002.6755
1791265902,47019.8699
1791265904,47014.2479
1791265906,47019.3126
1791265908,47012.8909
1791265910,47009.3042
1791265912,47016.9351
1791265914,47018.9409
1791265916,47033.3825
1791265918,47053.1386
1791265920,47077.3035
1791265922,47077.3093
1791265924,47075.4242
1791265926,47069.8336
1791265928,47053.8355
1791265930,47039.2867
1791265932,47049.6808
1791265934,47047.2164
1791265936,47059.3723
1791265938,47060.133
1791265940,47056.1963
1791265942,47046.5915
1791265944,47042.1838
1791265946,47045.9555
1791265948,47053.2739
1791265950,47052.8929
1791265952,47041.04
1791265954,47038.5921
1791265956,47042.9126
1791265958,47022.0383
1791265960,47032.6618
1791265962,47026.363
1791265964,47015.686
1791265966,47011.2844
1791265968,47012.1229
1791265970,47002.9755
1791265972,46996.5454
1791265974,46989.0902
1791265976,46990.1461
1791265978,46995.5912
1791265980,46987.3688
1791265982,46979.7238
1791265984,46978.3277
1791265986,46971.313
1791265988,46977.518
1791265990,46993.9455
1791265992,46995.751
1791265994,46999.2187
1791265996,47003.5931
1791265998,47000.4364
1791266000,47008.214
1791266002,47003.5583
1791266004,46997.4353
1791266006,46980.4461
1791266008,46965.8434
1791266010,46968.3881
1791266012,46967.2623
1791266014,46969.8714
1791266016,46965.2225
1791266018,46975.2039
1791266020,46949.3705
1791266022,46952.116
1791266024,46948.7315
1791266026,46930.3845
1791266028,46933.5389
1791266030,46927.609
1791266032,46919.8417
1791266034,46907.475
1791266036,46903.3641
1791266038,46905.9369
1791266040,46916.6182
1791266042,46917.5795
1791266044,46903.3437
1791266046,46913.3992
1791266048,46902.0367
1791266050,46884.8054
1791266052,46878.4194
1791266054,46877.1367
1791266056,46877.6747
1791266058,46883.0594
1791266060,46876.1651
1791266062,46878.3801
1791266064,46875.6172
1791266066,46870.2944
1791266068,46865.7561
1791266070,46861.6763
1791266072,46858.7292
1791266074,46852.2692
1791266076,46851.6722
1791266078,46856.3157
1791266080,46852.1541
1791266082,46839.1587
1791266084,46837.1767
1791266086,46859.712
1791266088,46841.1169
1791266090,46840.976
1791266092,46855.4322
1791266094,46852.8862
1791266096,46841.4818
1791266098,46837.2772
1791266100,46836.6483
1791266102,46837.5657
1791266104,46835.57
1791266106,46840.8141
1791266108,46823.9571
1791266110,46816.4593
1791266112,46815.9555
1791266114,46816.9365
1791266116,46814.2508
1791266118,46801.5598
1791266120,46818.4951
1791266122,46827.0307
1791266124,46835.2964
1791266126,46836.1049
1791266128,46848.4208
1791266130,46857.0238
1791266132,46858.7614
1791266134,46860.6931
1791266136,46876.8111
1791266138,46858.2251
1791266140,46845.877
1791266142,46845.9693
1791266144,46829.6298
1791266146,46833.3064
1791266148,46817.2512
1791266150,46809.8914
1791266152,46797.1271
1791266154,46800.3815
1791266156,46798.1115
1791266158,46799.623
1791266160,46784.059
1791266162,46785.8615
1791266164,46776.3554
1791266166,46773.9121
1791266168,46757.2462
1791266170,46751.2004
1791266172,46755.3227
1791266174,46752.6183
1791266176,46767.1929
1791266178,46766.9025
1791266180,46772.5336
1791266182,46776.8026
1791266184,46774.5156
1791266186,46791.0491
1791266188,46809.088
1791266190,46802.0367
1791266192,46815.7558
1791266194,46815.0413
1791266196,46825.0509
1791266198,46811.2461
1791266200,46814.8046
1791266202,46803.1884
1791266204,46802.3851
1791266206,46789.7139
1791266208,46790.0338
1791266210,46787.88
1791266212,46784.0108
1791266214,46791.9608
1791266216,46792.1748
1791266218,46781.3751
1791266220,46779.993
1791266222,46770.3162
1791266224,46772.1011
1791266226,46769.6717
1791266228,46772.4958
1791266230,46752.1177
1791266232,46744.2632
1791266234,46752.3444
1791266236,46747.6464
1791266238,46743.9184
1791266240,46746.3864
1791266242,46758.281
1791266244,46754.7292
1791266246,46758.6404
1791266248,46755.5247
1791266250,46750.5313
1791266252,46749.7841
1791266254,46761.2074
1791266256,46761.7108
1791266258,46765.9563
1791266260,46774.1974
1791266262,46767.0457
1791266264,46760.0542
1791266266,46769.0165
1791266268,46768.14
1791266270,46751.5273
1791266272,46756.4843
1791266274,46752.1403
1791266276,46754.0618
1791266278,46755.5728
1791266280,46762.7353
1791266282,46755.4192
1791266284,46758.5368
1791266286,46751.064
1791266288,46750.4428
1791266290,46754.5042
1791266292,46746.5143
1791266294,46737.6936
1791266296,46747.2599
1791266298,46738.0301
1791266300,46737.395
1791266302,46747.5321
1791266304,46736.5874
1791266306,46736.8691
1791266308,46735.3486
1791266310,46745.1008
1791266312,46755.9378
1791266314,46762.8734
1791266316,46762.4809
1791266318,46760.5288
1791266320,46765.1864
1791266322,46786.3045
1791266324,46787.0222
1791266326,46781.8088
1791266328,46775.6342
1791266330,46771.5643
1791266332,46781.9005
1791266334,46783.1974
1791266336,46785.0829
1791266338,46781.8856
1791266340,46772.2316
1791266342,46771.2736
1791266344,46783.3195
1791266346,46788.9713
1791266348,46803.382
1791266350,46803.6044
1791266352,46804.178
1791266354,46807.9694
1791266356,46807.804
1791266358,46793.4429
1791266360,46797.0872
1791266362,46785.4998
1791266364,46780.2942
1791266366,46770.4047
1791266368,46804.8331
1791266370,46801.3709
1791266372,46802.5218
1791266374,46802.1272
1791266376,46802.09
1791266378,46813.2611
1791266380,46802.423
1791266382,46808.8005
1791266384,46795.2752
1791266386,46785.8702
1791266388,46797.0163
1791266390,46803.6225
1791266392,46822.8426
1791266394,46833.766
1791266396,46825.6781
1791266398,46818.7034
1791266400,46804.1257
1791266402,46790.6884
1791266404,46804.9669
1791266406,46808.1645
1791266408,46820.702
1791266410,46810.957
1791266412,46811.1249
1791266414,46804.0875
1791266416,46802.0574
1791266418,46814.8482
1791266420,46831.4678
1791266422,46831.1106
1791266424,46836.9983
1791266426,46841.2576
1791266428,46848.5966
1791266430,46826.1125
1791266432,46823.1435
1791266434,46824.4965
1791266436,46822.6577
1791266438,46839.9354
1791266440,46829.9604
1791266442,46814.8236
1791266444,46805.0038
1791266446,46817.1872
1791266448,46814.1637
1791266450,46802.9544
1791266452,46806.4328
1791266454,46810.0013
1791266456,46805.2407
1791266458,46813.7843
1791266460,46816.3738
1791266462,46819.5782
1791266464,46815.1095
1791266466,46814.534
1791266468,46811.4318
1791266470,46795.2386
1791266472,46803.8814
1791266474,46801.3113
1791266476,46797.7673
1791266478,46789.4234
1791266480,46785.6038
1791266482,46786.3574
1791266484,46772.0022
1791266486,46778.296
1791266488,46761.9614
1791266490,46757.3217
1791266492,46755.306
1791266494,46758.9466
1791266496,46747.9999
1791266498,46752.8858
1791266500,46755.2139
1791266502,46758.7927
1791266504,46750.732
1791266506,46759.2317
1791266508,46750.6899
1791266510,46759.6859
1791266512,46768.9649
1791266514,46772.1246
1791266516,46766.1317
1791266518,46770.7718
1791266520,46775.5009
1791266522,46779.0041
1791266524,46782.2675
1791266526,46785.9012
1791266528,46780.1909
1791266530,46769.1499
1791266532,46752.8589
1791266534,46750.696
1791266536,46746.3904
1791266538,46742.3147
1791266540,46747.2814
1791266542,46773.6073
1791266544,46761.8423
1791266546,46770.8294
1791266548,46764.7236
1791266550,46760.8918
1791266552,46763.7779
1791266554,46768.439
1791266556,46771.1871
1791266558,46773.1844
1791266560,46777.3683
1791266562,46792.9002
1791266564,46803.066
1791266566,46810.6214
1791266568,46803.9673
1791266570,46813.4421
1791266572,46823.6914
1791266574,46808.6453
1791266576,46808.8797
1791266578,46809.3772
1791266580,46817.4972
1791266582,46812.7968
1791266584,46808.6523
1791266586,46797.6092
1791266588,46806.3825
1791266590,46793.8008
1791266592,46787.4964
1791266594,46789.942
1791266596,46797.0871
1791266598,46802.0213
1791266600,46824.4317
1791266602,46815.1068
1791266604,46816.3192
1791266606,46810.7576
1791266608,46816.7782
1791266610,46805.587
1791266612,46801.6477
1791266614,46799.3231
1791266616,46797.3857
1791266618,46793.3421
1791266620,46778.2954
1791266622,46784.5405
1791266624,46794.8977
1791266626,46790.4336
1791266628,46780.63
1791266630,46782.4957
1791266632,46768.8667
1791266634,46766.3141
1791266636,46760.9237
1791266638,46769.365
1791266640,46785.2904
1791266642,46777.7181
1791266644,46783.8706
1791266646,46780.3865
1791266648,46775.5317
1791266650,46781.646
1791266652,46778.9143
1791266654,46777.0817
1791266656,46774.4108
1791266658,46766.7939
1791266660,46750.9233
1791266662,46763.5607
1791266664,46765.4269
1791266666,46765.4118
1791266668,46779.8416
1791266670,46771.8941
1791266672,46762.9837
1791266674,46764.1422
1791266676,46770.3276
1791266678,46772.9077
1791266680,46779.5289
1791266682,46770.0116
1791266684,46767.4195
1791266686,46765.1576
1791266688,46758.4193
1791266690,46764.6521
1791266692,46767.0061
1791266694,46763.9686
1791266696,46754.7377
1791266698,46754.614
1791266700,46756.2771
1791266702,46772.6892
1791266704,46770.9213
1791266706,46766.5437
1791266708,46771.0387
1791266710,46792.2331
1791266712,46794.6311
1791266714,46797.2135
1791266716,46796.9833
1791266718,46788.7513
1791266720,46785.2888
1791266722,46772.4729
1791266724,46780.948
1791266726,46775.9581
1791266728,46776.2809
1791266730,46789.4325
1791266732,46783.9461
1791266734,46790.4168
1791266736,46793.3027
1791266738,46797.2711
1791266740,46802.8878
1791266742,46806.8858
1791266744,46804.2131
1791266746,46796.5023
1791266748,46777.4304
1791266750,46780.6399
1791266752,46769.5713
1791266754,46773.4071
1791266756,46773.0377
1791266758,46768.6056
1791266760,46776.6165
1791266762,46763.934
1791266764,46757.2996
1791266766,46760.5772
1791266768,46773.1969
1791266770,46773.7099
1791266772,46785.4424
1791266774,46789.5902
1791266776,46787.2744
1791266778,46794.0308
1791266780,46800.611
1791266782,46797.6267
1791266784,46812.1159
1791266786,46815.1714
1791266788,46813.1428
1791266790,46808.1075
1791266792,46815.3894
1791266794,46808.2965
1791266796,46815.8088
1791266798,46815.3744
1791266800,46827.692
1791266802,46843.0393
1791266804,46854.3667
1791266806,46858.9816
1791266808,46861.3649
1791266810,46844.365
1791266812,46847.1385
1791266814,46836.0419
1791266816,46850.691
1791266818,46848.0105
1791266820,46843.4147
1791266822,46835.5749
1791266824,46836.325
1791266826,46836.4199
1791266828,46838.5844
1791266830,46847.7418
1791266832,46849.2645
1791266834,46845.9189
1791266836,46852.2692
1791266838,46846.6398
1791266840,46861.4716
1791266842,46854.1347
1791266844,46843.8136
1791266846,46853.3912
1791266848,46858.4672
1791266850,46871.8731
1791266852,46875.5511
1791266854,46884.763
1791266856,46887.0288
1791266858,46887.5255
1791266860,46893.4596
1791266862,46915.9654
1791266864,46914.1431
1791266866,46908.4954
1791266868,46904.1578
1791266870,46898.7098
1791266872,46894.9795
1791266874,46889.5404
1791266876,46880.068
1791266878,46895.6967
1791266880,46918.2158
1791266882,46904.0495
1791266884,46917.7057
1791266886,46919.6101
1791266888,46938.9091
1791266890,46936.4204
1791266892,46914.088
1791266894,46932.5244
1791266896,46945.8328
1791266898,46941.842
1791266900,46944.6956
1791266902,46950.8165
1791266904,46953.2273
1791266906,46972.3319
1791266908,46983.7899
1791266910,46988.5747
1791266912,46976.3195
1791266914,46962.8323
1791266916,46965.1095
1791266918,46961.141
1791266920,46963.4997
1791266922,46955.9758
1791266924,46953.4746
1791266926,46956.6577
1791266928,46956.4769
1791266930,46958.2843
1791266932,46963.4686
1791266934,46969.8281
1791266936,46974.3061
1791266938,46959.9514
1791266940,46950.7184
1791266942,46956.349
1791266944,46965.83
1791266946,46973.3342
1791266948,46976.1564
1791266950,46976.4016
1791266952,46991.3426
1791266954,46994.1016
1791266956,46991.4858
1791266958,46995.0113
1791266960,47020.9955
1791266962,47022.3957
1791266964,47025.6629
1791266966,47029.4435
1791266968,47042.4107
1791266970,47039.6935
1791266972,47044.8086
1791266974,47042.3884
1791266976,47038.3698
1791266978,47034.0247
1791266980,47042.4903
1791266982,47045.122
1791266984,47043.6734
1791266986,47029.7196
1791266988,47030.6796
1791266990,47039.8514
1791266992,47034.5446
1791266994,47033.4687
1791266996,47047.6363
1791266998,47048.2657
1791267000,47042.1631
1791267002,47048.2972
1791267004,47049.252
1791267006,47061.2461
1791267008,47064.5515
1791267010,47061.3617
1791267012,47063.6841
1791267014,47073.6189
1791267016,47071.0102
1791267018,47077.1698
1791267020,47090.278
1791267022,47103.2342
1791267024,47119.1872
1791267026,47120.3266
1791267028,47102.0807
1791267030,47093.0955
1791267032,47093.2106
1791267034,47098.6728
1791267036,47105.3263
1791267038,47099.9375
1791267040,47099.5823
1791267042,47094.1005
1791267044,47088.8664
1791267046,47096.4354
1791267048,47089.4302
1791267050,47085.0719
1791267052,47103.0134
1791267054,47101.0648
1791267056,47092.4192
1791267058,47086.5753
1791267060,47082.2974
1791267062,47094.152
1791267064,47089.0473
1791267066,47093.2362
1791267068,47089.1596
1791267070,47099.0194
1791267072,47086.4062
1791267074,47090.7521
1791267076,47087.8831
1791267078,47081.5045
1791267080,47087.981
1791267082,47078.4666
1791267084,47088.9968
1791267086,47080.0218
1791267088,47081.9684
1791267090,47082.6544
1791267092,47078.4618
1791267094,47073.7791
1791267096,47061.6352
1791267098,47072.5193
1791267100,47073.0937
1791267102,47072.3661
1791267104,47065.0237
1791267106,47059.7498
1791267108,47068.5504
1791267110,47074.1027
1791267112,47077.8293
1791267114,47054.286
1791267116,47069.2026
1791267118,47066.0024
1791267120,47073.2274
1791267122,47070.8663
1791267124,47071.0363
1791267126,47064.2401
1791267128,47061.8156
1791267130,47058.483
1791267132,47060.0987
1791267134,47068.439
1791267136,47064.8194
1791267138,47042.9595
1791267140,47053.2137
1791267142,47050.4469
1791267144,47061.4039
1791267146,47063.1942
1791267148,47070.2943
1791267150,47077.787
1791267152,47064.5248
1791267154,47055.6953
1791267156,47056.9375
1791267158,47053.5471
1791267160,47047.3603
1791267162,47038.9865
1791267164,47051.0467
1791267166,47063.1055
1791267168,47064.8266
1791267170,47068.8728
1791267172,47069.0693
1791267174,47060.2335
1791267176,47067.3754
1791267178,47063.5825
1791267180,47086.5471
1791267182,47086.1299
1791267184,47086.3458
1791267186,47099.4953
1791267188,47101.2998
1791267190,47110.501
1791267192,47115.6663
1791267194,47128.3943
1791267196,47111.7962
1791267198,47127.5093
1791267200,47128.3237
1791267202,47121.9812
1791267204,47125.6665
1791267206,47141.3902
1791267208,47139.0378
1791267210,47135.5755
1791267212,47136.4299
1791267214,47146.0672
1791267216,47135.1061
1791267218,47128.0865
1791267220,47097.0105
1791267222,47089.9227
1791267224,47089.4269
1791267226,47102.9915
1791267228,47100.8214
1791267230,47103.476
1791267232,47106.0248
1791267234,47118.4864
1791267236,47106.7534
1791267238,47103.1491
1791267240,47108.3601
1791267242,47112.765
1791267244,47104.1681
1791267246,47107.4479
1791267248,47099.4915
1791267250,47107.8048
1791267252,47096.7477
1791267254,47099.0036
1791267256,47090.5145
1791267258,47091.2722
1791267260,47088.1184
1791267262,47097.2966
1791267264,47089.2444
1791267266,47100.9691
1791267268,47104.4225
1791267270,47076.3719
1791267272,47082.9495
1791267274,47080.4363
1791267276,47092.4494
1791267278,47099.6113
1791267280,47102.7275
1791267282,47113.6791
1791267284,47106.8634
1791267286,47098.6295
1791267288,47086.5728
1791267290,47095.3839
1791267292,47096.4685
1791267294,47092.8598
1791267296,47095.2784
1791267298,47107.3641
1791267300,47094.2243
1791267302,47093.1014
1791267304,47089.54
1791267306,47077.6621
1791267308,47085.8155
1791267310,47082.6951
1791267312,47096.2195
1791267314,47086.7659
1791267316,47088.7928
1791267318,47084.5791
1791267320,47075.1245
1791267322,47077.4924
1791267324,47089.947
1791267326,47096.7376
1791267328,47107.5246
1791267330,47111.9146
1791267332,47123.3668
1791267334,47141.6036
1791267336,47155.0273
1791267338,47154.2908
1791267340,47159.9578
1791267342,47163.3735
1791267344,47169.0052
1791267346,47178.9816
1791267348,47179.3253
1791267350,47173.8567
1791267352,47183.3185
1791267354,47157.4547
1791267356,47163.3858
1791267358,47174.1754
1791267360,47176.1605
1791267362,47178.3598
1791267364,47184.8226
1791267366,47188.1071
1791267368,47203.4415
1791267370,47217.6909
1791267372,47225.5541
1791267374,47206.3044
1791267376,47208.6808
1791267378,47220.2405
1791267380,47231.6785
1791267382,47237.1284
1791267384,47237.7731
1791267386,47251.4273
1791267388,47248.5662
1791267390,47260.8579
1791267392,47257.1733
1791267394,47268.9302
1791267396,47267.8653
1791267398,47276.4414
1791267400,47273.7763
1791267402,47277.9387
1791267404,47281.1345
1791267406,47284.1163
1791267408,47289.2273
1791267410,47294.5307
1791267412,47301.9518
1791267414,47306.5164
1791267416,47326.8323
1791267418,47327.0744
1791267420,47326.1327
1791267422,47323.064
1791267424,47329.7663
1791267426,47329.7678
1791267428,47311.4606
1791267430,47324.4137
1791267432,47332.5064
1791267434,47335.5286
1791267436,47333.1935
1791267438,47338.8693
1791267440,47339.7284
1791267442,47346.2786
1791267444,47350.827
1791267446,47344.4305
1791267448,47333.7164
1791267450,47316.8128
1791267452,47327.1449
1791267454,47329.6039
1791267456,47341.5735
1791267458,47344.4562
1791267460,47344.239
1791267462,47361.7442
1791267464,47355.8088
1791267466,47360.4999
1791267468,47364.9823
1791267470,47356.8292
1791267472,47348.6104
1791267474,47340.7157
1791267476,47351.8384
1791267478,47348.718
1791267480,47360.1007
1791267482,47366.9535
1791267484,47356.0014
1791267486,47364.3971
1791267488,47359.7502
1791267490,47360.9588
1791267492,47359.1061
1791267494,47362.2265
1791267496,47365.8471
1791267498,47365.7963
1791267500,47370.1568
1791267502,47373.9298
1791267504,47378.9548
1791267506,47374.4916
1791267508,47377.3628
1791267510,47385.4455
1791267512,47383.6082
1791267514,47394.192
1791267516,47383.2059
1791267518,47364.886
1791267520,47370.5062
1791267522,47363.73
1791267524,47350.2517
1791267526,47364.6666
1791267528,47358.3267
1791267530,47360.9709
1791267532,47359.6555
1791267534,47356.0467
1791267536,47340.8098
1791267538,47340.6985
1791267540,47354.9285
1791267542,47357.3592
1791267544,47352.025
1791267546,47348.9849
1791267548,47327.5678
1791267550,47333.1795
1791267552,47340.5339
1791267554,47331.6538
1791267556,47329.4034
1791267558,47342.7726
1791267560,47345.0382
1791267562,47343.0699
1791267564,47343.6654
1791267566,47364.0445
1791267568,47378.8349
1791267570,47371.3043
1791267572,47362.6009
1791267574,47362.6171
1791267576,47356.3786
1791267578,47361.3024
1791267580,47354.901
1791267582,47352.194
1791267584,47351.5019
1791267586,47346.9142
1791267588,47340.927
1791267590,47329.2381
1791267592,47339.249
1791267594,47348.2883
1791267596,47344.6138
1791267598,47331.4487
1791267600,47321.0138
1791267602,47326.8178
1791267604,47323.4278
1791267606,47313.2081
1791267608,47317.5716
1791267610,47335.3653
1791267612,47329.1315
1791267614,47314.4909
1791267616,47323.4591
1791267618,47324.0451
1791267620,47319.8257
1791267622,47333.8237
1791267624,47327.7816
1791267626,47319.6342
1791267628,47315.7614
1791267630,47320.051
1791267632,47333.197
1791267634,47337.252
1791267636,47346.649
1791267638,47363.5978
1791267640,47375.3134
1791267642,47372.6168
1791267644,47371.5858
1791267646,47387.2661
1791267648,47400.4345
1791267650,47400.3484
1791267652,47406.1001
1791267654,47409.7026
1791267656,47407.074
1791267658,47412.4395
1791267660,47413.9821
1791267662,47404.0079
1791267664,47425.0238
1791267666,47423.7918
1791267668,47435.0174
1791267670,47424.2142
1791267672,47425.3295
1791267674,47434.0603
1791267676,47439.4299
1791267678,47444.2237
1791267680,47439.2049
1791267682,47446.4299
1791267684,47443.9747
1791267686,47447.3597
1791267688,47430.0246
1791267690,47451.9661
1791267692,47453.1018
1791267694,47439.0348
1791267696,47457.1043
1791267698,47463.3896
1791267700,47461.2021
1791267702,47449.3565
1791267704,47445.7481
1791267706,47457.0089
1791267708,47457.9133
1791267710,47480.0942
1791267712,47466.7346
1791267714,47463.291
1791267716,47471.8087
1791267718,47478.985
1791267720,47469.8724
1791267722,47473.8888
1791267724,47462.5125
1791267726,47445.2632
1791267728,47444.0017
1791267730,47448.5671
1791267732,47440.4757
1791267734,47439.793
1791267736,47438.1304
1791267738,47426.7125
1791267740,47441.8979
1791267742,47447.6507
1791267744,47445.5807
1791267746,47437.5933
1791267748,47439.7302
1791267750,47437.4661
1791267752,47431.5973
1791267754,47430.201
1791267756,47418.4224
1791267758,47405.7229
1791267760,47405.7828
1791267762,47395.9508
1791267764,47388.9968
1791267766,47388.5122
1791267768,47377.7188
1791267770,47385.5922
1791267772,47387.3493
1791267774,47380.4802
1791267776,47386.7202
1791267778,47387.8484
1791267780,47384.8401
1791267782,47367.6469
1791267784,47360.6853
1791267786,47352.7987
1791267788,47348.1296
1791267790,47352.0123
1791267792,47357.3565
1791267794,47363.2404
1791267796,47368.6301
1791267798,47368.1475
1791267800,47364.0714
1791267802,47369.1992
1791267804,47377.0678
1791267806,47394.0056
1791267808,47395.7155
1791267810,47391.764
1791267812,47389.7472
1791267814,47387.6789
1791267816,47385.332
1791267818,47386.0501
1791267820,47397.4956
1791267822,47395.7383
1791267824,47403.1053
1791267826,47389.9471
1791267828,47398.8174
1791267830,47399.0107
1791267832,47399.7722
1791267834,47401.0493
1791267836,47409.0473
1791267838,47420.4255
1791267840,47416.3982
1791267842,47412.7926
1791267844,47414.6669
1791267846,47413.6979
1791267848,47413.1157
1791267850,47436.1189
1791267852,47434.7389
1791267854,47452.4429
1791267856,47456.0559
1791267858,47459.8763
1791267860,47449.898
1791267862,47437.1519
1791267864,47447.0749
1791267866,47440.073
1791267868,47437.3354
1791267870,47415.3071
1791267872,47422.407
1791267874,47425.7149
1791267876,47406.3052
1791267878,47417.0065
1791267880,47406.3755
1791267882,47408.0971
1791267884,47404.9023
1791267886,47396.18
1791267888,47386.4232
1791267890,47373.83
1791267892,47375.78
1791267894,47357.9194
1791267896,47369.0034
1791267898,47360.5737
1791267900,47373.5158
1791267902,47375.0603
1791267904,47380.5796
1791267906,47379.7174
1791267908,47383.3925
1791267910,47378.3663
1791267912,47367.6829
1791267914,47370.3502
1791267916,47387.7264
1791267918,47392.1102
1791267920,47382.445
1791267922,47382.0674
1791267924,47401.0989
1791267926,47389.174
1791267928,47390.7654
1791267930,47406.5541
1791267932,47408.0809
1791267934,47408.582
1791267936,47407.6205
1791267938,47414.1492
1791267940,47415.3606
1791267942,47414.0458
1791267944,47416.8233
1791267946,47414.3735
1791267948,47408.2099
1791267950,47404.9787
1791267952,47406.003
1791267954,47408.3804
1791267956,47410.12
1791267958,47384.2068
1791267960,47407.6736
1791267962,47410.2327
1791267964,47418.9283
1791267966,47415.7623
1791267968,47411.9569
1791267970,47428.0644
1791267972,47427.0239
1791267974,47428.0354
1791267976,47438.9965
1791267978,47445.3666
1791267980,47439.6516
1791267982,47430.9157
1791267984,47416.7977
1791267986,47402.9136
1791267988,47405.2964
1791267990,47420.0457
1791267992,47417.668
1791267994,47427.6328
1791267996,47418.7455
1791267998,47410.3829
1791268000,47412.5691
1791268002,47398.2897
1791268004,47392.0912
1791268006,47392.3733
1791268008,47385.0809
1791268010,47394.5087
1791268012,47394.6458
1791268014,47406.1428
1791268016,47423.6123
1791268018,47421.3425
1791268020,47415.9695
1791268022,47413.4356
1791268024,47426.6078
1791268026,47419.765
1791268028,47407.4919
1791268030,47397.8548
1791268032,47394.9246
1791268034,47392.6258
1791268036,47391.1687
1791268038,47396.4388
1791268040,47400.032
1791268042,47406.295
1791268044,47421.4125
1791268046,47422.3895
1791268048,47412.2722
1791268050,47416.5931
1791268052,47415.3556
1791268054,47424.986
1791268056,47419.2926
1791268058,47417.8293
1791268060,47420.6018
1791268062,47427.6478
1791268064,47424.2547
1791268066,47420.7291
1791268068,47417.0383
1791268070,47419.67
1791268072,47409.7274
1791268074,47413.4328
1791268076,47403.7185
1791268078,47410.663
1791268080,47412.8942
1791268082,47416.1144
1791268084,47412.9322
1791268086,47409.385
1791268088,47412.7391
1791268090,47411.0504
1791268092,47404.0964
1791268094,47403.4481
1791268096,47403.4868
1791268098,47385.5634
1791268100,47380.6521
1791268102,47379.9124
1791268104,47373.3925
1791268106,47378.0429
1791268108,47375.1442
1791268110,47385.6654
1791268112,47384.5794
1791268114,47393.736
1791268116,47385.3111
1791268118,47393.0158
1791268120,47401.6013
1791268122,47412.0689
1791268124,47420.3094
1791268126,47414.9269
1791268128,47419.023
1791268130,47435.732
1791268132,47441.5789
1791268134,47431.8471
1791268136,47426.55
1791268138,47417.2503
1791268140,47411.1329
1791268142,47403.6166
1791268144,47396.2381
1791268146,47393.7342
1791268148,47378.8343
1791268150,47387.6989
1791268152,47395.5269
1791268154,47395.9202
1791268156,47395.1515
1791268158,47395.231
1791268160,47401.1251
1791268162,47404.1125
1791268164,47424.5928
1791268166,47412.1827
1791268168,47408.1602
1791268170,47421.4029
1791268172,47410.3193
1791268174,47407.2499
1791268176,47387.0972
1791268178,47394.2422
1791268180,47388.3409
1791268182,47379.1201
1791268184,47379.0569
1791268186,47388.7421
1791268188,47398.7537
1791268190,47398.7839
1791268192,47413.5704
1791268194,47419.1439
1791268196,47426.2518
1791268198,47415.3911
1791268200,47430.5729
1791268202,47417.3958
1791268204,47413.2235
1791268206,47421.8886
1791268208,47416.0791
1791268210,47430.1483
1791268212,47409.6126
1791268214,47407.4424
1791268216,47411.8212
1791268218,47413.7542
1791268220,47421.0211
1791268222,47418.4188
1791268224,47427.922
1791268226,47431.8785
1791268228,47437.6408
1791268230,47437.1264
1791268232,47422.722
1791268234,47426.8574
1791268236,47417.0947
1791268238,47417.1945
1791268240,47430.8554
1791268242,47429.7026
1791268244,47433.0331
1791268246,47431.6288
1791268248,47425.6277
1791268250,47419.4379
1791268252,47423.7073
1791268254,47432.2472
1791268256,47429.2638
1791268258,47431.9691
1791268260,47427.7275
1791268262,47424.4701
1791268264,47439.6391
1791268266,47443.6037
1791268268,47444.3184
1791268270,47445.8928
1791268272,47443.6242
1791268274,47433.0307
1791268276,47437.3864
1791268278,47438.8646
1791268280,47424.4464
1791268282,47413.0028
1791268284,47422.2828
1791268286,47417.9831
1791268288,47411.0635
1791268290,47403.8637
1791268292,47397.7251
1791268294,47408.666
1791268296,47412.2402
1791268298,47411.079
1791268300,47417.5029
1791268302,47420.5427
1791268304,47427.6637
1791268306,47417.0582
1791268308,47413.1736
1791268310,47418.7648
1791268312,47429.3834
1791268314,47427.0102
1791268316,47428.8222
1791268318,47426.8277
1791268320,47425.1613
1791268322,47411.567
1791268324,47401.763
1791268326,47400.9573
1791268328,47407.3687
1791268330,47405.9469
1791268332,47405.3026
1791268334,47395.6876
1791268336,47400.2743
1791268338,47397.9652
1791268340,47402.5738
1791268342,47409.6058
1791268344,47407.0365
1791268346,47407.6122
1791268348,47401.9947
1791268350,47400.1882
1791268352,47404.9098
1791268354,47400.3964
1791268356,47409.7152
1791268358,47406.9916
1791268360,47419.0931
1791268362,47416.7596
1791268364,47412.8517
1791268366,47419.4073
1791268368,47418.2078
1791268370,47420.959
1791268372,47400.6422
1791268374,47407.5478
1791268376,47393.3811
1791268378,47382.8348
1791268380,47375.0249
1791268382,47375.5587
1791268384,47366.6609
1791268386,47372.2018
1791268388,47373.6694
1791268390,47377.6852
1791268392,47372.8437
1791268394,47351.5937
1791268396,47358.1777
1791268398,47366.5179
1791268400,47371.4017
1791268402,47387.4563
1791268404,47389.7436
1791268406,47382.078
1791268408,47381.5635
1791268410,47385.5402
1791268412,47375.223
1791268414,47379.8477
1791268416,47373.8996
1791268418,47367.4919
1791268420,47365.9039
1791268422,47360.5764
1791268424,47358.2783
1791268426,47359.4238
1791268428,47362.7072
1791268430,47376.8516
1791268432,47388.1678
1791268434,47383.3978
1791268436,47385.2503
1791268438,47394.4359
1791268440,47411.0482
1791268442,47410.075
1791268444,47405.2672
1791268446,47407.7149
1791268448,47418.2932
1791268450,47424.2462
1791268452,47409.2335
1791268454,47416.1453
1791268456,47406.7056
1791268458,47403.0485
1791268460,47406.5206
1791268462,47408.0987
1791268464,47403.7073
1791268466,47421.831
1791268468,47415.002
1791268470,47411.4971
1791268472,47428.6674
1791268474,47424.5759
1791268476,47432.4066
1791268478,47438.4623
1791268480,47435.351
1791268482,47421.7209
1791268484,47415.0082
1791268486,47409.2264
1791268488,47401.8817
1791268490,47421.6888
1791268492,47415.5652
1791268494,47411.9433
1791268496,47389.0772
1791268498,47372.3469
1791268500,47383.8503
1791268502,47384.143
1791268504,47377.7052
1791268506,47373.3588
1791268508,47370.8715
1791268510,47361.6509
1791268512,47360.4067
1791268514,47360.468
1791268516,47363.4009
1791268518,47370.4307
1791268520,47379.291
1791268522,47367.1305
1791268524,47362.743
1791268526,47363.977
1791268528,47347.739
1791268530,47344.8278
1791268532,47329.5418
1791268534,47336.7855
1791268536,47329.7885
1791268538,47318.2902
1791268540,47314.1987
1791268542,47310.1247
1791268544,47316.9041
1791268546,47320.5097
1791268548,47324.0734
1791268550,47328.6894
1791268552,47312.0577
1791268554,47303.238
1791268556,47303.5169
1791268558,47299.9118
1791268560,47294.2943
1791268562,47296.2692
1791268564,47309.3744
1791268566,47292.5737
1791268568,47300.1173
1791268570,47293.6508
1791268572,47305.0404
1791268574,47302.2867
1791268576,47303.0548
1791268578,47302.8682
1791268580,47305.4071
1791268582,47309.932
1791268584,47299.4584
1791268586,47288.7908
1791268588,47297.7714
1791268590,47309.4893
1791268592,47311.6967
1791268594,47309.0532
1791268596,47300.5003
1791268598,47290.4897
1791268600,47283.1536
1791268602,47284.7503
1791268604,47282.3643
1791268606,47290.5125
1791268608,47300.5994
1791268610,47301.7983
1791268612,47297.4525
1791268614,47300.3648
1791268616,47298.2523
1791268618,47291.8649
1791268620,47314.4427
1791268622,47307.7129
1791268624,47314.2885
1791268626,47311.5596
1791268628,47310.7171
1791268630,47307.2684
1791268632,47311.8286
1791268634,47313.0722
1791268636,47316.4722
1791268638,47308.3421
1791268640,47292.8656
1791268642,47286.3421
1791268644,47266.8112
1791268646,47265.1056
1791268648,47266.5174
1791268650,47261.1664
1791268652,47269.2359
1791268654,47258.9858
1791268656,47259.318
1791268658,47266.4566
1791268660,47277.0739
1791268662,47271.9061
1791268664,47271.8079
1791268666,47271.1253
1791268668,47282.7965
1791268670,47269.029
1791268672,47264.7043
1791268674,47271.0958
1791268676,47269.5243
1791268678,47271.0954
1791268680,47280.9448
1791268682,47283.9243
1791268684,47294.7915
1791268686,47289.1861
1791268688,47281.3755
1791268690,47281.8618
1791268692,47268.9796
1791268694,47278.3384
1791268696,47276.0591
1791268698,47277.9594
1791268700,47283.6232
1791268702,47300.8148
1791268704,47306.3774
1791268706,47313.0244
1791268708,47309.3674
1791268710,47301.5518
1791268712,47297.7038
1791268714,47300.3559
1791268716,47283.2774
1791268718,47272.1894
1791268720,47271.6501
1791268722,47257.686
1791268724,47241.2534
1791268726,47242.3953
1791268728,47254.9765
1791268730,47252.9453
1791268732,47241.3924
1791268734,47247.3411
1791268736,47231.4504
1791268738,47241.0017
1791268740,47241.7781
1791268742,47232.2042
1791268744,47242.6133
1791268746,47251.3416
1791268748,47261.3572
1791268750,47259.7683
1791268752,47266.5916
1791268754,47256.7897
1791268756,47259.5818
1791268758,47249.8519
1791268760,47234.2086
1791268762,47239.1311
1791268764,47246.9649
1791268766,47244.623
1791268768,47229.8809
1791268770,47224.4078
1791268772,47239.3117
1791268774,47232.3497
1791268776,47233.123
1791268778,47242.8697
1791268780,47241.7348
1791268782,47242.4038
1791268784,47241.499
1791268786,47257.5449
1791268788,47249.8115
1791268790,47243.199
1791268792,47242.184
1791268794,47229.0292
1791268796,47220.1911
1791268798,47211.8408
1791268800,47205.1086
1791268802,47205.3139
1791268804,47210.6294
1791268806,47211.1273
1791268808,47201.8345
1791268810,47215.0127
1791268812,47220.8545
1791268814,47218.8062
1791268816,47213.4766
1791268818,47212.0363
1791268820,47216.1897
1791268822,47209.806
1791268824,47221.675
1791268826,47222.0412
1791268828,47215.2109
1791268830,47215.2596
1791268832,47207.2616
1791268834,47203.1538
1791268836,47191.4371
1791268838,47191.4419
1791268840,47197.1728
1791268842,47196.5331
1791268844,47210.9429
1791268846,47220.5129
1791268848,47219.1233
1791268850,47220.1488
1791268852,47235.7256
1791268854,47229.8051
1791268856,47236.8651
1791268858,47225.9112
1791268860,47216.5866
1791268862,47209.0243
1791268864,47215.5842
1791268866,47230.5164
1791268868,47223.3203
1791268870,47222.1584
1791268872,47235.5494
1791268874,47239.3507
1791268876,47231.5288
1791268878,47227.8217
1791268880,47216.4274
1791268882,47224.3778
1791268884,47237.4608
1791268886,47228.2133
1791268888,47207.7742
1791268890,47199.4752
1791268892,47200.3177
1791268894,47205.5757
1791268896,47207.2753
1791268898,47220.638
1791268900,47220.5142
1791268902,47218.8408
1791268904,47203.3845
1791268906,47205.7348
1791268908,47205.6288
1791268910,47211.2705
1791268912,47203.7055
1791268914,47207.7243
1791268916,47208.436
1791268918,47214.8386
1791268920,47208.0006
1791268922,47215.9487
1791268924,47210.9689
1791268926,47201.1348
1791268928,47206.471
1791268930,47195.5479
1791268932,47192.1769
1791268934,47201.9493
1791268936,47201.7605
1791268938,47196.744
1791268940,47191.3611
1791268942,47187.8908
1791268944,47180.3013
1791268946,47181.8336
1791268948,47185.9043
1791268950,47188.5516
1791268952,47195.261
1791268954,47188.0826
1791268956,47190.7031
1791268958,47188.2657
1791268960,47189.079
1791268962,47208.5298
1791268964,47192.6209
1791268966,47202.4445
1791268968,47192.8319
1791268970,47180.1937
1791268972,47172.1323
1791268974,47166.5692
1791268976,47156.4628
1791268978,47148.6562
1791268980,47153.9501
1791268982,47156.9083
1791268984,47172.5233
1791268986,47167.4181
1791268988,47160.9658
1791268990,47164.1489
1791268992,47167.0285
1791268994,47155.6613
1791268996,47163.04
1791268998,47147.8182
1791269000,47156.2091
1791269002,47147.4392
1791269004,47157.8651
1791269006,47161.0889
1791269008,47155.9993
1791269010,47158.6711
1791269012,47163.6299
1791269014,47154.97
1791269016,47161.6995
1791269018,47164.0569
1791269020,47167.8014
1791269022,47149.6872
1791269024,47155.8659
1791269026,47155.3892
1791269028,47150.8285
1791269030,47155.711
1791269032,47159.0217
1791269034,47147.866
1791269036,47128.6709
1791269038,47123.1703
1791269040,47123.0334
1791269042,47120.9623
1791269044,47108.7506
1791269046,47128.669
1791269048,47133.7194
1791269050,47141.7947
1791269052,47154.7096
1791269054,47150.8269
1791269056,47145.0364
1791269058,47153.4149
1791269060,47146.4782
1791269062,47138.3637
1791269064,47113.4187
1791269066,47096.6862
1791269068,47102.8503
1791269070,47097.6521
1791269072,47101.9572
1791269074,47090.1999
1791269076,47081.7648
1791269078,47085.3798
1791269080,47072.4398
1791269082,47071.9297
1791269084,47070.8827
1791269086,47063.5602
1791269088,47059.5984
1791269090,47050.49
1791269092,47046.5966
1791269094,47041.9573
1791269096,47052.6427
1791269098,47030.2655
1791269100,47029.8203
1791269102,47041.3596
1791269104,47049.1249
1791269106,47033.532
1791269108,47049.77
1791269110,47028.2516
1791269112,47008.2652
1791269114,46991.1923
1791269116,46987.6941
1791269118,46986.6051
1791269120,46991.7767
1791269122,46990.4696
1791269124,46987.8303
1791269126,46980.0264
1791269128,46989.9079
1791269130,46999.5241
1791269132,46996.2991
1791269134,46989.5482
1791269136,46995.5636
1791269138,47001.9413
1791269140,47004.1763
1791269142,47012.6312
1791269144,47009.9076
1791269146,47011.554
1791269148,47005.8049
1791269150,47011.6245
1791269152,47020.8204
1791269154,47036.2319
1791269156,47037.0517
1791269158,47039.0468
1791269160,47038.8326
1791269162,47033.3068
1791269164,47039.3566
1791269166,47042.5957
1791269168,47056.8557
1791269170,47044.6638
1791269172,47068.2579
1791269174,47065.0335
1791269176,47042.1355
1791269178,47028.5124
1791269180,47018.4214
1791269182,47003.362
1791269184,47000.4463
1791269186,47005.6613
1791269188,47001.2539
1791269190,47002.1901
1791269192,47012.6127
1791269194,46997.042
1791269196,47004.9466
1791269198,47013.1395
1791269200,47010.9917
1791269202,47014.3384
1791269204,47014.6471
1791269206,47023.4022
1791269208,47015.5098
1791269210,47004.5944
1791269212,47007.2328
1791269214,47007.328
1791269216,47003.0722
1791269218,47019.7783
1791269220,47015.0789
1791269222,47017.5216
1791269224,47015.0971
1791269226,47029.5087
1791269228,47034.3932
1791269230,47045.2864
1791269232,47046.9474
1791269234,47028.1026
1791269236,47033.2718
1791269238,47039.7488
1791269240,47028.6926
1791269242,47042.3863
1791269244,47037.4998
1791269246,47040.182
1791269248,47039.5243
1791269250,47048.3707
1791269252,47055.3394
1791269254,47051.8562
1791269256,47042.7886
1791269258,47055.0332
1791269260,47069.9643
1791269262,47075.2667
1791269264,47076.8861
1791269266,47079.8508
1791269268,47077.3047
1791269270,47088.7701
1791269272,47088.8944
1791269274,47075.5703
1791269276,47063.0638
1791269278,47069.0094
1791269280,47064.1593
1791269282,47060.6706
1791269284,47067.2318
1791269286,47057.0193
1791269288,47051.2651
1791269290,47044.4402
1791269292,47034.4028
1791269294,47038.2245
1791269296,47038.9702
1791269298,47029.7755
1791269300,47029.567
1791269302,47034.4348
1791269304,47018.6994
1791269306,47012.7815
1791269308,47026.3972
1791269310,47028.6089
1791269312,47031.7624
1791269314,47031.2431
1791269316,47032.7492
1791269318,47033.2246
1791269320,47034.9307
1791269322,47050.5238
1791269324,47048.7923
1791269326,47053.5752
1791269328,47051.4829
1791269330,47052.8329
1791269332,47049.7875
1791269334,47046.33
1791269336,47050.948
1791269338,47062.0298
1791269340,47054.2245
1791269342,47048.688
1791269344,47043.1713
1791269346,47028.0551
1791269348,47035.4613
1791269350,47040.1028
1791269352,47040.5816
1791269354,47036.8347
1791269356,47052.4479
1791269358,47050.6403
1791269360,47038.4627
1791269362,47030.6006
1791269364,47036.3836
1791269366,47036.7783
1791269368,47041.3632
1791269370,47041.2385
1791269372,47055.3028
1791269374,47062.6775
1791269376,47067.4176
1791269378,47066.7911
1791269380,47078.9674
1791269382,47077.9196
1791269384,47087.6822
1791269386,47073.8359
1791269388,47076.9477
1791269390,47070.7392
1791269392,47063.732
1791269394,47053.173
1791269396,47050.0789
1791269398,47042.0578
1791269400,47057.436
1791269402,47050.0302
1791269404,47050.2738
1791269406,47048.5372
1791269408,47029.6496
1791269410,47034.2923
1791269412,47052.7958
1791269414,47048.4488
1791269416,47044.1277
1791269418,47057.3381
1791269420,47064.6864
1791269422,47055.9908
1791269424,47046.6549
1791269426,47038.4451
1791269428,47034.2014
1791269430,47039.3652
1791269432,47038.2086
1791269434,47051.4119
1791269436,47067.4093
1791269438,47063.9202
1791269440,47047.5761
1791269442,47040.7663
1791269444,47047.0855
1791269446,47058.8819
1791269448,47063.095
1791269450,47061.3009
1791269452,47079.4373
1791269454,47071.5813
1791269456,47066.5304
1791269458,47064.4004
1791269460,47075.8508
1791269462,47078.9532
1791269464,47079.8991
1791269466,47086.9942
1791269468,47088.5993
1791269470,47089.7225
1791269472,47079.2195
1791269474,47092.4895
1791269476,47102.9352
1791269478,47098.0083
1791269480,47100.3825
1791269482,47094.5619
1791269484,47093.9128
1791269486,47101.9854
1791269488,47094.1031
1791269490,47085.4795
1791269492,47073.5317
1791269494,47071.4499
1791269496,47069.9963
1791269498,47087.5375
1791269500,47088.9804
1791269502,47096.7074
1791269504,47088.2395
1791269506,47075.9559
1791269508,47076.5702
1791269510,47084.3942
1791269512,47096.8398
1791269514,47098.2167
1791269516,47111.8892
1791269518,47118.8151
1791269520,47111.2546
1791269522,47096.7686
1791269524,47099.3779
1791269526,47109.2739
1791269528,47122.4073
1791269530,47125.5525
1791269532,47137.4228
1791269534,47127.4458
1791269536,47140.8775
1791269538,47157.2485
1791269540,47138.5444
1791269542,47142.2904
1791269544,47140.6647
1791269546,47139.8743
1791269548,47145.1361
1791269550,47144.2967
1791269552,47137.9613
1791269554,47127.0438
1791269556,47126.8244
1791269558,47127.9073
1791269560,47120.9847
1791269562,47111.2308
1791269564,47111.5607
1791269566,47111.9171
1791269568,47104.6388
1791269570,47109.9957
1791269572,47118.5702
1791269574,47111.0286
1791269576,47107.6674
1791269578,47109.4999
1791269580,47096.1487
1791269582,47095.587
1791269584,47086.6125
1791269586,47102.3708
1791269588,47082.761
1791269590,47088.4131
1791269592,47089.3367
1791269594,47097.4745
1791269596,47087.5037
1791269598,47107.0172
1791269600,47108.5081
1791269602,47121.9335
1791269604,47133.1898
1791269606,47141.2715
1791269608,47138.489
1791269610,47132.0458
1791269612,47138.2931
1791269614,47136.5501
1791269616,47128.8341
1791269618,47142.9452
1791269620,47140.8886
1791269622,47145.4201
1791269624,47161.1983
1791269626,47155.4625
1791269628,47156.1525
1791269630,47163.9823
1791269632,47166.5826
1791269634,47172.9645
1791269636,47167.4904
1791269638,47162.1699
1791269640,47172.5827
1791269642,47182.087
1791269644,47165.0963
1791269646,47168.865
1791269648,47169.5162
1791269650,47161.2706
1791269652,47176.8214
1791269654,47178.7131
1791269656,47176.7261
1791269658,47180.7875
1791269660,47181.3861
1791269662,47183.3009
1791269664,47187.9571
1791269666,47193.7541
1791269668,47181.4351
1791269670,47169.062
1791269672,47180.2927
1791269674,47174.2876
1791269676,47176.6056
1791269678,47169.6922
1791269680,47163.0376
1791269682,47159.2199
1791269684,47143.2481
1791269686,47127.4934
1791269688,47120.8113
1791269690,47124.9208
1791269692,47120.6973
1791269694,47125.6719
1791269696,47131.1152
1791269698,47119.168
1791269700,47116.4141
1791269702,47123.1712
1791269704,47122.5094
1791269706,47105.5776
1791269708,47115.3349
1791269710,47100.8011
1791269712,47096.7486
1791269714,47081.114
1791269716,47090.0121
1791269718,47086.2563
1791269720,47087.9306
1791269722,47091.0894
1791269724,47095.9267
1791269726,47095.4306
1791269728,47093.2302
1791269730,47095.4017
1791269732,47087.3079
1791269734,47084.0752
1791269736,47079.5234
1791269738,47090.1292
1791269740,47090.29
1791269742,47075.8809
1791269744,47086.0892
1791269746,47088.7492
1791269748,47083.3268
1791269750,47088.3264
1791269752,47090.2833
1791269754,47074.3631
1791269756,47090.2599
1791269758,47093.3612
1791269760,47099.8684
1791269762,47097.5011
1791269764,47095.7887
1791269766,47069.4642
1791269768,47066.798
1791269770,47090.5054
1791269772,47094.5726
1791269774,47104.3691
1791269776,47104.8275
1791269778,47096.3092
1791269780,47103.0761
1791269782,47109.6768
1791269784,47095.7454
1791269786,47095.049
1791269788,47089.6562
1791269790,47085.1998
1791269792,47082.9087
1791269794,47083.2779
1791269796,47088.9925
1791269798,47095.0522
1791269800,47105.0709
1791269802,47094.3416
1791269804,47081.4151
1791269806,47075.4744
1791269808,47074.8606
1791269810,47071.6376
1791269812,47070.6023
1791269814,47071.8097
1791269816,47049.9842
1791269818,47041.2753
1791269820,47045.1153
1791269822,47033.4917
1791269824,47019.2695
1791269826,47030.5068
1791269828,47034.8689
1791269830,47039.6538
1791269832,47037.5354
1791269834,47038.3496
1791269836,47038.4529
1791269838,47024.188
1791269840,47020.635
1791269842,47025.8395
1791269844,47023.6549
1791269846,47016.8945
1791269848,47018.3081
1791269850,47023.3181
1791269852,47022.4507
1791269854,47029.0812
1791269856,47031.9206
1791269858,47030.615
1791269860,47033.7332
1791269862,47015.4488
1791269864,47015.4897
1791269866,47017.188
1791269868,47023.8216
1791269870,47035.6409
1791269872,47034.6173
1791269874,47056.6044
1791269876,47074.4533
1791269878,47060.6444
1791269880,47061.5868
1791269882,47061.2283
1791269884,47060.5949
1791269886,47060.0652
1791269888,47055.6757
1791269890,47058.8903
1791269892,47060.5449
1791269894,47077.3975
1791269896,47074.0869
1791269898,47076.513
1791269900,47076.0874
1791269902,47075.9831
1791269904,47081.1909
1791269906,47077.9974
1791269908,47071.1982
1791269910,47075.9052
1791269912,47058.9551
1791269914,47052.8002
1791269916,47059.0962
1791269918,47064.1908
1791269920,47055.5442
1791269922,47053.0052
1791269924,47040.6152
1791269926,47024.7544
1791269928,47036.9703
1791269930,47029.9885
1791269932,47011.8835
1791269934,47015.687
1791269936,47013.8603
1791269938,47009.9107
1791269940,47006.5901
1791269942,46997.8846
1791269944,46993.8752
1791269946,47003.8458
1791269948,47017.4748
1791269950,47021.6219
1791269952,47011.2064
1791269954,47004.0941
1791269956,46995.3658
1791269958,46994.9104
1791269960,46995.6959
1791269962,46998.0577
1791269964,46995.2647
1791269966,46999.0845
1791269968,46991.9742
1791269970,46992.5565
1791269972,47004.6068
1791269974,46998.9017
1791269976,47009.2498
1791269978,47003.2286
1791269980,47005.6906
1791269982,47010.9273
1791269984,47027.2258
1791269986,47031.8362
1791269988,47040.828
1791269990,47054.6115
1791269992,47051.3298
1791269994,47049.4056
1791269996,47049.7769
1791269998,47040.7016
1791270000,47047.6074
1791270002,47046.628
1791270004,47035.4544
1791270006,47026.5544
1791270008,47016.4028
1791270010,47019.5402
1791270012,47032.3732
1791270014,47029.3247
1791270016,47035.1235
1791270018,47041.7528
1791270020,47047.583
1791270022,47052.65
1791270024,47050.8137
1791270026,47051.8809
1791270028,47052.2708
1791270030,47046.8381
1791270032,47043.863
1791270034,47052.7538
1791270036,47053.8221
1791270038,47053.9335
1791270040,47051.5988
1791270042,47057.0267
1791270044,47041.9967
1791270046,47049.8292
1791270048,47043.4338
1791270050,47033.9058
1791270052,47030.7136
1791270054,47012.095
1791270056,47016.0775
1791270058,47030.0222
1791270060,47017.061
1791270062,47017.8915
1791270064,47013.017
1791270066,47006.2518
1791270068,47012.4169
1791270070,47021.7362
1791270072,47010.4904
1791270074,47016.0953
1791270076,47022.7909
1791270078,47026.7691
1791270080,47024.9775
1791270082,47039.407
1791270084,47037.3645
1791270086,47024.1232
1791270088,47013.7998
1791270090,47029.0417
1791270092,47035.7841
1791270094,47024.3349
1791270096,47029.7434
1791270098,47019.7224
1791270100,47014.8987
1791270102,47018.0408
1791270104,47016.4562
1791270106,47008.2269
1791270108,47002.0674
1791270110,47005.211
1791270112,47015.7508
1791270114,47014.2601
1791270116,47014.4698
1791270118,47014.6479
1791270120,47020.4159
1791270122,47019.2363
1791270124,47015.9179
1791270126,47004.6452
1791270128,46995.2321
1791270130,46995.3239
1791270132,46999.1578
1791270134,47002.4688
1791270136,46984.14
1791270138,46980.5004
1791270140,46979.5044
1791270142,46978.7432
1791270144,46984.9622
1791270146,46991.1054
1791270148,46993.79
1791270150,47002.2757
1791270152,47017.8455
1791270154,47016.5776
1791270156,47013.2678
1791270158,47000.0335
1791270160,47006.6828
1791270162,46997.3738
1791270164,47000.3171
1791270166,46999.1142
1791270168,46990.4957
1791270170,46969.7429
1791270172,46966.8088
1791270174,46990.5585
1791270176,46987.7102
1791270178,46996.1048
1791270180,46991.381
1791270182,46980.865
1791270184,46988.9982
1791270186,46993.8926
1791270188,46999.5672
1791270190,47007.461
1791270192,47012.7693
1791270194,46992.4534
1791270196,46976.6384
1791270198,46977.1153
1791270200,46976.3777
1791270202,46967.1436
1791270204,46967.8268
1791270206,46963.7743
1791270208,46964.255
1791270210,46982.6
1791270212,46993.1099
1791270214,46978.8507
1791270216,46986.8282
1791270218,46961.2826
1791270220,46948.4325
1791270222,46953.9373
1791270224,46950.7427
1791270226,46951.0076
1791270228,46951.4049
1791270230,46955.9976
1791270232,46954.1797
1791270234,46961.0983
1791270236,46954.6623
1791270238,46949.7738
1791270240,46937.6607
1791270242,46948.5057
1791270244,46952.9816
1791270246,46956.1726
1791270248,46966.2699
1791270250,46960.2694
1791270252,46962.5136
1791270254,46974.1589
1791270256,46975.6808
1791270258,46978.7623
1791270260,46970.1894
1791270262,46972.0246
1791270264,46967.2892
1791270266,46972.6545
1791270268,46989.7645
1791270270,46988.546
1791270272,46988.4297
1791270274,46980.8516
1791270276,46992.0949
1791270278,46996.7239
1791270280,46988.5919
1791270282,46983.7997
1791270284,46975.2175
1791270286,46975.8288
1791270288,46976.9468
1791270290,46987.0254
1791270292,46984.8389
1791270294,46974.1141
1791270296,46977.689
1791270298,46968.7141
1791270300,46972.3598
1791270302,46964.6252
1791270304,46973.7695
1791270306,46971.3408
1791270308,46954.6862
1791270310,46961.8792
1791270312,46956.3285
1791270314,46964.0245
1791270316,46960.9667
1791270318,46951.5957
1791270320,46967.576
1791270322,46960.9497
1791270324,46958.9374
1791270326,46959.2695
1791270328,46959.841
1791270330,46957.1885
1791270332,46944.6225
1791270334,46943.8269
1791270336,46927.5157
1791270338,46922.2921
1791270340,46916.6015
1791270342,46916.7304
1791270344,46907.0795
1791270346,46905.3347
1791270348,46915.713
1791270350,46924.4374
1791270352,46935.8498
1791270354,46950.8712
1791270356,46956.66
1791270358,46951.1538
1791270360,46962.7855
1791270362,46957.7774
1791270364,46948.8464
1791270366,46949.7557
1791270368,46944.6334
1791270370,46946.7611
1791270372,46929.8082
1791270374,46941.7008
1791270376,46929.7668
1791270378,46925.4876
1791270380,46920.9699
1791270382,46932.9351
1791270384,46926.2523
1791270386,46940.0329
1791270388,46936.2907
1791270390,46942.3477
1791270392,46948.0166
1791270394,46948.2806
1791270396,46949.6105
1791270398,46943.3535
1791270400,46943.3482
1791270402,46936.6847
1791270404,46927.6401
1791270406,46927.9922
1791270408,46931.0854
1791270410,46927.8353
1791270412,46925.5348
1791270414,46920.0724
1791270416,46920.1052
1791270418,46927.7265
1791270420,46920.074
1791270422,46915.8523
1791270424,46925.2873
1791270426,46912.8072
1791270428,46913.3694
1791270430,46910.3694
1791270432,46902.9335
1791270434,46905.9536
1791270436,46908.2519
1791270438,46888.4306
1791270440,46879.7782
1791270442,46878.5764
1791270444,46882.6656
1791270446,46858.2144
1791270448,46845.2582
1791270450,46833.5542
1791270452,46836.5003
1791270454,46842.6346
1791270456,46842.1262
1791270458,46843.5132
1791270460,46839.4677
1791270462,46843.4143
1791270464,46852.1414
1791270466,46857.4589
1791270468,46868.3349
1791270470,46883.557
1791270472,46881.684
1791270474,46878.8477
1791270476,46878.446
1791270478,46874.8588
1791270480,46876.8815
1791270482,46878.7384
1791270484,46877.2457
1791270486,46882.2918
1791270488,46887.3423
1791270490,46886.9447
1791270492,46870.1761
1791270494,46865.0511
1791270496,46872.4466
1791270498,46875.22
1791270500,46862.0957
1791270502,46854.5032
1791270504,46862.6477
1791270506,46863.9142
1791270508,46864.616
1791270510,46861.653
1791270512,46865.0645
1791270514,46870.2137
1791270516,46853.3453
1791270518,46861.8061
1791270520,46860.426
1791270522,46857.4026
1791270524,46848.2701
1791270526,46854.0545
1791270528,46864.4205
1791270530,46852.1517
1791270532,46875.0634
1791270534,46867.5712
1791270536,46875.2903
1791270538,46880.6157
1791270540,46873.4167
1791270542,46866.6847
1791270544,46880.6646
1791270546,46884.0545
1791270548,46880.5501
1791270550,46883.3319
1791270552,46896.4547
1791270554,46902.9815
1791270556,46900.6993
1791270558,46910.9476
1791270560,46908.8651
1791270562,46905.4349
1791270564,46898.1348
1791270566,46874.3162
1791270568,46872.7139
1791270570,46861.2482
1791270572,46851.2499
1791270574,46854.4736
1791270576,46850.001
1791270578,46844.7126
1791270580,46854.8986
1791270582,46864.2169
1791270584,46857.3585
1791270586,46849.0329
1791270588,46833.3539
1791270590,46836.8624
1791270592,46836.5921
1791270594,46820.1898
1791270596,46819.0053
1791270598,46821.0241
1791270600,46817.4077
1791270602,46828.4521
1791270604,46821.2511
1791270606,46811.2965
1791270608,46813.6246
1791270610,46816.1918
1791270612,46836.2828
1791270614,46839.6557
1791270616,46842.4854
1791270618,46836.9517
1791270620,46830.1894
1791270622,46831.4809
1791270624,46837.5389
1791270626,46839.0573
1791270628,46841.5981
1791270630,46848.1618
1791270632,46856.0685
1791270634,46862.1667
1791270636,46863.0249
1791270638,46849.966
1791270640,46848.8163
1791270642,46867.5491
1791270644,46859.929
1791270646,46853.3191
1791270648,46853.352
1791270650,46852.9404
1791270652,46859.1848
1791270654,46864.6315
1791270656,46864.8588
1791270658,46860.6654
1791270660,46868.0816
1791270662,46864.6383
1791270664,46867.1447
1791270666,46872.041
1791270668,46887.3389
1791270670,46897.3316
1791270672,46896.217
1791270674,46917.2444
1791270676,46924.9455
1791270678,46930.3154
1791270680,46930.7961
1791270682,46944.5811
1791270684,46941.9094
1791270686,46940.709
1791270688,46940.1629
1791270690,46946.9571
1791270692,46953.236
1791270694,46948.9873
1791270696,46947.5206
1791270698,46946.1498
1791270700,46952.6134
1791270702,46956.93
1791270704,46943.0041
1791270706,46945.8468
1791270708,46954.4713
1791270710,46956.285
1791270712,46963.6637
1791270714,46954.1764
1791270716,46944.7322
1791270718,46949.2909
1791270720,46951.0429
1791270722,46954.6897
1791270724,46947.7507
1791270726,46955.7996
1791270728,46947.3487
1791270730,46943.7002
1791270732,46947.8406
1791270734,46957.7212
1791270736,46964.4656
1791270738,46958.3764
1791270740,46964.2447
1791270742,46969.0446
1791270744,46982.4703
1791270746,46980.0
1791270748,47002.0861
1791270750,47008.2522
1791270752,46997.7447
1791270754,47001.5094
1791270756,47007.1183
1791270758,46989.0662
1791270760,46991.4863
1791270762,46980.4103
1791270764,46998.1749
1791270766,46990.3191
1791270768,46987.0925
1791270770,46992.1505
1791270772,46987.8695
1791270774,46995.0294
1791270776,47008.8213
1791270778,47017.187
1791270780,47023.6623
1791270782,47015.2751
1791270784,47033.3825
1791270786,47032.227
1791270788,47032.4482
1791270790,47044.4369
1791270792,47048.8995
1791270794,47063.1482
1791270796,47079.8866
1791270798,47078.4295
1791270800,47081.6109
1791270802,47075.4762
1791270804,47088.3669
1791270806,47085.7486
1791270808,47099.4917
1791270810,47097.817
1791270812,47095.99
1791270814,47096.4255
1791270816,47081.6304
1791270818,47073.6629
1791270820,47071.836
1791270822,47083.2209
1791270824,47101.4245
1791270826,47112.3301
1791270828,47116.1809
1791270830,47131.5821
1791270832,47134.4172
1791270834,47137.3647
1791270836,47126.8321
1791270838,47137.4486
1791270840,47139.2395
1791270842,47143.9096
1791270844,47146.1233
1791270846,47155.7797
1791270848,47140.5356
1791270850,47143.0903
1791270852,47147.5032
1791270854,47142.7259
1791270856,47152.1551
1791270858,47151.0752
1791270860,47152.5915
1791270862,47150.5661
1791270864,47146.6981
1791270866,47147.5024
1791270868,47142.2592
1791270870,47133.0518
1791270872,47135.2706
1791270874,47147.6404
1791270876,47152.1081
1791270878,47151.0218
1791270880,47135.2021
1791270882,47135.1673
1791270884,47126.4707
1791270886,47137.8221
1791270888,47144.3655
1791270890,47135.6516
1791270892,47142.3713
1791270894,47137.1704
1791270896,47142.3689
1791270898,47129.7978
1791270900,47139.4648
1791270902,47148.3236
1791270904,47155.3516
1791270906,47152.3275
1791270908,47159.8062
1791270910,47161.6045
1791270912,47165.4931
1791270914,47157.0365
1791270916,47171.2984
1791270918,47162.0905
1791270920,47163.8033
1791270922,47144.9618
1791270924,47151.1858
1791270926,47151.631
1791270928,47151.4169
1791270930,47154.5218
1791270932,47144.2057
1791270934,47130.4889
1791270936,47120.12
1791270938,47125.3318
1791270940,47111.2102
1791270942,47111.4255
1791270944,47111.0529
1791270946,47109.1741
1791270948,47120.0357
1791270950,47122.2889
1791270952,47114.2162
1791270954,47119.4835
1791270956,47119.8832
1791270958,47124.8633
1791270960,47117.8677
1791270962,47106.7189
1791270964,47126.1381
1791270966,47130.0909
1791270968,47135.1659
1791270970,47131.7905
1791270972,47139.2206
1791270974,47136.0773
1791270976,47124.0191
1791270978,47123.0841
1791270980,47129.3509
1791270982,47131.2751
1791270984,47132.4195
1791270986,47141.663
1791270988,47155.6217
1791270990,47155.0558
1791270992,47167.1252
1791270994,47159.7303
1791270996,47155.3669
1791270998,47148.1954
1791271000,47140.1101
1791271002,47130.2691
1791271004,47130.2498
1791271006,47134.4879
1791271008,47129.2274
1791271010,47124.9974
1791271012,47136.2969
1791271014,47136.1999
1791271016,47130.926
1791271018,47132.1365
1791271020,47140.5815
1791271022,47142.145
1791271024,47140.5626
1791271026,47140.023
1791271028,47152.3951
1791271030,47159.3414
1791271032,47159.5066
1791271034,47158.5291
1791271036,47176.7874
1791271038,47165.9423
1791271040,47163.4241
1791271042,47180.7948
1791271044,47167.8015
1791271046,47176.0484
1791271048,47175.6181
1791271050,47168.2988
1791271052,47162.0577
1791271054,47161.5452
1791271056,47171.3
1791271058,47166.3047
1791271060,47175.0695
1791271062,47170.1225
1791271064,47167.4727
1791271066,47160.3678
1791271068,47153.4614
1791271070,47153.5954
1791271072,47140.299
1791271074,47148.9296
1791271076,47156.9464
1791271078,47130.8842
1791271080,47124.8513
1791271082,47124.8452
1791271084,47135.5442
1791271086,47119.4922
1791271088,47114.7782
1791271090,47108.4566
1791271092,47106.8751
1791271094,47111.8771
1791271096,47102.9038
1791271098,47111.3323
1791271100,47101.77
1791271102,47088.7734
1791271104,47074.4693
1791271106,47091.3345
1791271108,47081.0289
1791271110,47088.8048
1791271112,47076.1981
1791271114,47073.2189
1791271116,47075.1405
1791271118,47068.1492
1791271120,47062.058
1791271122,47059.0494
1791271124,47065.092
1791271126,47070.2806
1791271128,47087.7584
1791271130,47097.5186
1791271132,47086.9321
1791271134,47088.3643
1791271136,47093.6486
1791271138,47093.4418
1791271140,47091.0385
1791271142,47087.2709
1791271144,47096.6185
1791271146,47101.3767
1791271148,47094.3692
1791271150,47086.4112
1791271152,47089.9912
1791271154,47087.5266
1791271156,47090.3243
1791271158,47092.0515
1791271160,47076.633
1791271162,47073.1353
1791271164,47065.0948
1791271166,47065.0245
1791271168,47067.6676
1791271170,47066.6199
1791271172,47076.0719
1791271174,47065.1956
1791271176,47072.1181
1791271178,47062.9417
1791271180,47066.4233
1791271182,47066.4856
1791271184,47059.3226
1791271186,47056.2982
1791271188,47067.0025
1791271190,47060.1413
1791271192,47058.3686
1791271194,47056.2047
1791271196,47058.748
1791271198,47036.0463
1791271200,47017.0725
1791271202,47020.8894
1791271204,47027.2768
1791271206,47032.6236
1791271208,47030.6066
1791271210,47022.0565
1791271212,47015.6726
1791271214,47006.4297
1791271216,46999.2616
1791271218,47015.2399
1791271220,47014.0921
1791271222,47014.8538
1791271224,47030.8939
1791271226,47028.9698
1791271228,47016.8048
1791271230,47019.7941
1791271232,47040.9439
1791271234,47036.6455
1791271236,47029.8722
1791271238,47030.2998
1791271240,47028.9165
1791271242,47033.4437
1791271244,47035.6918
1791271246,47025.4697
1791271248,47030.0676
1791271250,47034.2738
1791271252,47042.7938
1791271254,47045.7531
1791271256,47027.5266
1791271258,47016.9052
1791271260,47029.0487
1791271262,47025.523
1791271264,47030.107
1791271266,47034.8445
1791271268,47036.2521
1791271270,47036.5791
1791271272,47031.9302
1791271274,47025.2262
1791271276,47022.0237
1791271278,47021.0433
1791271280,47024.3967
1791271282,47024.8765
1791271284,47026.4833
1791271286,47026.109
1791271288,47025.0865
1791271290,47036.3814
1791271292,47039.2645
1791271294,47049.9693
1791271296,47049.9355
1791271298,47063.7115
1791271300,47063.04
1791271302,47062.9924
1791271304,47056.1909
1791271306,47043.8913
1791271308,47042.4413
1791271310,47046.0089
1791271312,47043.617
1791271314,47045.8494
1791271316,47038.3253
1791271318,47041.6877
1791271320,47049.0188
1791271322,47033.0515
1791271324,47032.351
1791271326,47047.4386
1791271328,47059.5137
1791271330,47058.8394
1791271332,47053.9899
1791271334,47050.34
1791271336,47064.7943
1791271338,47054.5204
1791271340,47056.215
1791271342,47068.2093
1791271344,47060.3522
1791271346,47068.7395
1791271348,47067.1139
1791271350,47074.1972
1791271352,47063.866
1791271354,47048.4714
1791271356,47059.5345
1791271358,47061.5616
1791271360,47071.5542
1791271362,47069.0974
1791271364,47059.3072
1791271366,47068.074
1791271368,47071.7319
1791271370,47073.708
1791271372,47075.5124
1791271374,47076.1762
1791271376,47083.433
1791271378,47083.9379
1791271380,47088.0295
1791271382,47081.0256
1791271384,47061.4422
1791271386,47061.254
1791271388,47066.356
1791271390,47071.2484
1791271392,47068.1656
1791271394,47068.7009
1791271396,47080.9168
1791271398,47061.318
1791271400,47066.2546
1791271402,47073.7354
1791271404,47081.9776
1791271406,47082.9538
1791271408,47095.5372
1791271410,47097.1707
1791271412,47092.8147
1791271414,47085.0728
1791271416,47088.4194
1791271418,47083.4366
1791271420,47085.2137
1791271422,47096.9472
1791271424,47096.9797
1791271426,47093.2438
1791271428,47094.6111
1791271430,47103.8868
1791271432,47107.9964
1791271434,47112.587
1791271436,47105.4997
1791271438,47113.8704
1791271440,47119.8945
1791271442,47121.7757
1791271444,47120.1677
1791271446,47120.1317
1791271448,47117.9373
1791271450,47120.3505
1791271452,47108.252
1791271454,47112.62
1791271456,47110.6741
1791271458,47115.6683
1791271460,47115.1182
1791271462,47116.9541
1791271464,47127.6599
1791271466,47121.4139
1791271468,47114.3405
1791271470,47115.462
1791271472,47121.8048
1791271474,47107.1309
1791271476,47114.4368
1791271478,47111.7492
1791271480,47103.8045
1791271482,47110.7461
1791271484,47114.3651
1791271486,47122.0063
1791271488,47106.9406
1791271490,47101.6548
1791271492,47099.5778
1791271494,47106.459
1791271496,47090.9651
1791271498,47079.3113
1791271500,47083.8012
1791271502,47077.2728
1791271504,47072.7226
1791271506,47062.0808
1791271508,47066.1611
1791271510,47064.5907
1791271512,47059.874
1791271514,47057.6292
1791271516,47045.4125
1791271518,47047.9441
1791271520,47048.2033
1791271522,47052.557
1791271524,47043.4138
1791271526,47033.7051
1791271528,47051.7106
1791271530,47031.6749
1791271532,47034.6911
1791271534,47040.5371
1791271536,47056.0149
1791271538,47033.4554
1791271540,47022.0956
1791271542,47001.4992
1791271544,47005.9586
1791271546,47020.1368
1791271548,47011.84
1791271550,47001.7789
1791271552,46997.2966
1791271554,47000.7679
1791271556,47001.7951
1791271558,47000.3379
1791271560,46983.2576
1791271562,46977.8735
1791271564,46978.481
1791271566,46996.5039
1791271568,46986.8004
1791271570,46989.4808
1791271572,47002.4634
1791271574,47007.2734
1791271576,47011.4369
1791271578,47014.4762
1791271580,47008.7061
1791271582,47013.1492
1791271584,47012.6
1791271586,47021.1338
1791271588,47030.1229
1791271590,47018.9668
1791271592,47014.9065
1791271594,47018.7842
1791271596,47009.1004
1791271598,47011.8498
1791271600,47014.5936
1791271602,47015.3291
1791271604,47016.9025
1791271606,47022.5648
1791271608,47027.8737
1791271610,47031.3668
1791271612,47036.1754
1791271614,47033.7173
1791271616,47045.6627
1791271618,47042.3361
1791271620,47063.1425
1791271622,47074.7347
1791271624,47065.9726
1791271626,47075.0885
1791271628,47078.4945
1791271630,47076.6551
1791271632,47094.524
1791271634,47115.6616
1791271636,47124.9014
1791271638,47131.8548
1791271640,47126.4148
1791271642,47117.3226
1791271644,47099.5327
1791271646,47098.1249
1791271648,47091.8235
1791271650,47097.1896
1791271652,47077.1417
1791271654,47079.4464
1791271656,47068.1332
1791271658,47073.4335
1791271660,47065.9054
1791271662,47085.537
1791271664,47071.0561
1791271666,47078.2859
1791271668,47082.78
1791271670,47078.339
1791271672,47083.8455
1791271674,47075.4399
1791271676,47085.1212
1791271678,47070.6501
1791271680,47070.6937
1791271682,47058.5814
1791271684,47079.1459
1791271686,47065.2455
1791271688,47060.286
1791271690,47069.69
1791271692,47072.57
1791271694,47071.0882
1791271696,47072.5391
1791271698,47061.9597
1791271700,47049.5603
1791271702,47031.3296
1791271704,47021.4911
1791271706,47020.5566
1791271708,47021.3732
1791271710,47020.1733
1791271712,47015.4086
1791271714,47017.0362
1791271716,47036.355
1791271718,47029.0172
1791271720,47032.0308
1791271722,47030.3221
1791271724,47034.9573
1791271726,47025.2095
1791271728,47010.2881
1791271730,47005.7097
1791271732,47000.6044
1791271734,47002.2297
1791271736,46995.2798
1791271738,46982.3049
1791271740,46989.9
1791271742,46989.997
1791271744,47000.9152
1791271746,46996.8452
1791271748,46996.9232
1791271750,47001.1964
1791271752,47000.2848
1791271754,47009.1828
1791271756,47000.3557
1791271758,46978.2457
1791271760,46967.0011
1791271762,46970.6621
1791271764,46977.5686
1791271766,46986.6589
1791271768,46989.8892
1791271770,46974.1684
1791271772,46972.2091
1791271774,46968.5753
1791271776,46962.4612
1791271778,46974.4095
1791271780,46995.2576
1791271782,47004.1495
1791271784,47007.4237
1791271786,47021.3042
1791271788,47015.2975
1791271790,47016.6151
1791271792,47023.5015
1791271794,47025.0577
1791271796,47027.3387
1791271798,47024.0815
1791271800,47028.1351
1791271802,47017.2991
1791271804,47021.0199
1791271806,47020.8569
1791271808,47020.316
1791271810,47018.386
1791271812,47013.9972
1791271814,47018.1603
1791271816,47021.9676
1791271818,47030.7168
1791271820,47028.3808
1791271822,47035.0952
1791271824,47031.2278
1791271826,47021.1024
1791271828,47035.3503
1791271830,47047.1748
1791271832,47037.1858
1791271834,47062.6737
1791271836,47058.133
1791271838,47062.1022
1791271840,47058.9155
1791271842,47067.4104
1791271844,47064.762
1791271846,47070.7861
1791271848,47083.8119
1791271850,47091.5633
1791271852,47069.5297
1791271854,47070.3476
1791271856,47100.3592
1791271858,47101.2695
1791271860,47095.6585
1791271862,47086.7402
1791271864,47084.0847
1791271866,47093.2444
1791271868,47090.1096
1791271870,47082.7264
1791271872,47061.4906
1791271874,47063.3707
1791271876,47077.6728
1791271878,47083.9039
1791271880,47076.3198
1791271882,47064.5116
1791271884,47074.9126
1791271886,47075.6482
1791271888,47075.0843
1791271890,47076.9473
1791271892,47078.8509
1791271894,47078.9743
1791271896,47092.2109
1791271898,47087.4087
1791271900,47087.6409
1791271902,47079.25
1791271904,47090.1411
1791271906,47091.6842
1791271908,47072.6516
1791271910,47071.0359
1791271912,47056.1818
1791271914,47058.5348
1791271916,47073.2203
1791271918,47074.1165
1791271920,47078.6388
1791271922,47083.9034
1791271924,47083.2085
1791271926,47081.2714
1791271928,47084.371
1791271930,47090.0035
1791271932,47071.8377
1791271934,47062.3493
1791271936,47054.1212
1791271938,47062.0878
1791271940,47054.3598
1791271942,47059.7667
1791271944,47060.1412
1791271946,47066.2706
1791271948,47048.1171
1791271950,47049.9484
1791271952,47048.0978
1791271954,47035.7691
1791271956,47023.698
1791271958,47007.8248
1791271960,47021.1834
1791271962,47020.977
1791271964,47024.8129
1791271966,47019.8182
1791271968,47015.433
1791271970,47009.9073
1791271972,47018.8916
1791271974,47033.5083
1791271976,47016.822
1791271978,47010.9337
1791271980,47014.5796
1791271982,47010.0229
1791271984,47010.7356
1791271986,47010.0681
1791271988,47004.3453
1791271990,47005.9627
1791271992,46998.0583
1791271994,47010.3715
1791271996,46995.9252
1791271998,47008.4657
1791272000,47002.7412
1791272002,46997.1019
1791272004,47002.5758
1791272006,46999.6169
1791272008,47022.5567
1791272010,47031.7199
1791272012,47025.0088
1791272014,47034.2686
1791272016,47030.3931
1791272018,47013.9387
1791272020,47014.1147
1791272022,47015.7317
1791272024,47011.465
1791272026,47013.1993
1791272028,47014.551
1791272030,47013.6121
1791272032,47015.7937
1791272034,47007.3071
1791272036,47004.2553
1791272038,47006.8375
1791272040,47017.492
1791272042,47006.2726
1791272044,47000.1919
1791272046,46996.2654
1791272048,46985.5209
1791272050,46991.2792
1791272052,46990.7588
1791272054,46988.7896
1791272056,47003.5869
1791272058,46995.1828
1791272060,46989.1427
1791272062,46985.6468
1791272064,46975.3473
1791272066,46980.9774
1791272068,47003.9273
1791272070,47006.4482
1791272072,47009.4145
1791272074,46991.7634
1791272076,47001.8384
1791272078,47005.2615
1791272080,47009.0167
1791272082,46994.4378
1791272084,46999.9653
1791272086,46993.0877
1791272088,47007.5767
1791272090,46978.1646
1791272092,46982.8783
1791272094,46985.7046
1791272096,46985.1188
1791272098,46989.538
1791272100,46987.322
1791272102,46977.1315
1791272104,46975.884
1791272106,47004.4759
1791272108,47010.6159
1791272110,47001.2898
1791272112,46993.106
1791272114,46996.147
1791272116,46992.2296
1791272118,47000.8753
1791272120,47007.3171
1791272122,47018.8427
1791272124,47025.237
1791272126,47027.4348
1791272128,47021.2281
1791272130,47032.8149
1791272132,47030.4127
1791272134,47028.3596
1791272136,47026.9598
1791272138,47039.3171
1791272140,47041.1306
1791272142,47037.3711
1791272144,47051.0549
1791272146,47058.188
1791272148,47067.1957
1791272150,47046.9478
1791272152,47057.5271
1791272154,47067.7363
1791272156,47071.3796
1791272158,47081.3474
1791272160,47081.5402
1791272162,47077.8699
1791272164,47077.0765
1791272166,47076.8067
1791272168,47094.3482
1791272170,47096.5858
1791272172,47104.8104
1791272174,47098.0038
1791272176,47093.3497
1791272178,47106.445
1791272180,47101.7583
1791272182,47096.0883
1791272184,47108.8563
1791272186,47105.722
1791272188,47110.1122
1791272190,47110.8844
1791272192,47093.8369
1791272194,47102.7387
1791272196,47106.7238
1791272198,47119.6972
1791272200,47106.131
1791272202,47115.9566
1791272204,47124.6769
1791272206,47125.3918
1791272208,47108.5807
1791272210,47101.2457
1791272212,47103.9192
1791272214,47112.9511
1791272216,47112.5761
1791272218,47109.6968
1791272220,47113.228
1791272222,47106.9887
1791272224,47116.1312
1791272226,47127.2491
1791272228,47120.4873
1791272230,47120.5762
1791272232,47128.4736
1791272234,47125.583
1791272236,47125.7384
1791272238,47139.3731
1791272240,47129.6319
1791272242,47140.5917
1791272244,47145.8825
1791272246,47156.1905
1791272248,47147.5943
1791272250,47140.3814
1791272252,47148.1349
1791272254,47146.7034
1791272256,47153.4026
1791272258,47167.4088
1791272260,47172.0381
1791272262,47171.2534
1791272264,47170.5838
1791272266,47164.6349
1791272268,47164.7851
1791272270,47177.6449
1791272272,47177.7591
1791272274,47182.7956
1791272276,47195.6495
1791272278,47201.2235
1791272280,47202.2088
1791272282,47195.5559
1791272284,47210.5215
1791272286,47213.4935
1791272288,47208.8174
1791272290,47210.8155
1791272292,47212.5191
1791272294,47218.8289
1791272296,47210.3654
1791272298,47200.66
1791272300,47207.6151
1791272302,47192.6199
1791272304,47189.4904
1791272306,47183.8064
1791272308,47185.9018
1791272310,47185.3909
1791272312,47197.4538
1791272314,47184.7582
1791272316,47187.1176
1791272318,47183.7509
1791272320,47184.0271
1791272322,47185.9394
1791272324,47188.5849
1791272326,47212.2573
1791272328,47221.7752
1791272330,47229.6857
1791272332,47231.461
1791272334,47232.3528
1791272336,47228.0475
1791272338,47228.0153
1791272340,47223.3726
1791272342,47221.8888
1791272344,47220.3722
1791272346,47226.3634
1791272348,47225.574
1791272350,47224.8738
1791272352,47232.1668
1791272354,47242.9954
1791272356,47241.633
1791272358,47238.9478
1791272360,47231.6332
1791272362,47215.6346
1791272364,47204.7817
1791272366,47225.8515
1791272368,47224.9928
1791272370,47244.7639
1791272372,47238.6971
1791272374,47234.2752
1791272376,47234.6042
1791272378,47227.3627
1791272380,47214.5041
1791272382,47213.9796
1791272384,47194.2992
1791272386,47180.9209
1791272388,47204.103
1791272390,47197.4558
1791272392,47202.5181
1791272394,47205.2139
1791272396,47183.5246
1791272398,47194.8467
1791272400,47191.6449
1791272402,47191.656
1791272404,47193.9998
1791272406,47201.3362
1791272408,47190.493
1791272410,47179.6226
1791272412,47192.7177
1791272414,47192.7812
1791272416,47186.4635
1791272418,47187.9667
1791272420,47194.7885
1791272422,47186.227
1791272424,47193.6861
1791272426,47199.923
1791272428,47202.959
1791272430,47197.1789
1791272432,47202.8104
1791272434,47204.9068
1791272436,47212.7149
1791272438,47194.418
1791272440,47202.9685
1791272442,47209.0769
1791272444,47206.3731
1791272446,47219.1039
1791272448,47198.7228
1791272450,47193.3657
1791272452,47185.4927
1791272454,47173.0417
1791272456,47159.6333
1791272458,47164.4182
1791272460,47175.7251
1791272462,47177.492
1791272464,47181.6231
1791272466,47182.164
1791272468,47173.5252
1791272470,47173.2451
1791272472,47184.8299
1791272474,47188.1914
1791272476,47198.2538
1791272478,47188.554
1791272480,47176.4713
1791272482,47167.4648
1791272484,47175.0322
1791272486,47171.2249
1791272488,47167.1804
1791272490,47170.4643
1791272492,47159.2262
1791272494,47151.4024
1791272496,47153.3573
1791272498,47152.0143
1791272500,47157.6718
1791272502,47144.6999
1791272504,47135.7567
1791272506,47138.4928
1791272508,47129.0322
1791272510,47125.0277
1791272512,47129.84
1791272514,47129.471
1791272516,47120.164
1791272518,47129.7111
1791272520,47135.5398
1791272522,47140.9668
1791272524,47143.7172
1791272526,47141.3886
1791272528,47139.8464
1791272530,47146.0541
1791272532,47145.3555
1791272534,47140.0984
1791272536,47141.602
1791272538,47150.9027
1791272540,47157.7035
1791272542,47161.6639
1791272544,47150.5861
1791272546,47139.724
1791272548,47140.9164
1791272550,47148.4091
1791272552,47149.7613
1791272554,47162.5144
1791272556,47163.2979
1791272558,47167.8716
1791272560,47174.3558
1791272562,47183.4365
1791272564,47192.6103
1791272566,47196.1958
1791272568,47196.2043
1791272570,47205.0426
1791272572,47210.8392
1791272574,47209.0854
1791272576,47214.5145
1791272578,47229.6583
1791272580,47242.1217
1791272582,47265.9209
1791272584,47266.4859
1791272586,47247.4815
1791272588,47244.4156
1791272590,47247.1318
1791272592,47244.8271
1791272594,47233.4387
1791272596,47221.3924
1791272598,47222.2277
1791272600,47225.6332
1791272602,47226.0598
1791272604,47221.1995
1791272606,47219.7863
1791272608,47220.1429
1791272610,47206.4475
1791272612,47206.9207
1791272614,47222.6731
1791272616,47224.9742
1791272618,47217.781
1791272620,47197.2081
1791272622,47201.4696
1791272624,47204.5302
1791272626,47197.173
1791272628,47210.5391
1791272630,47215.876
1791272632,47196.9242
1791272634,47185.5982
1791272636,47191.3446
1791272638,47188.11
1791272640,47196.5178
1791272642,47200.8517
1791272644,47208.8585
1791272646,47216.7344
1791272648,47221.7012
1791272650,47211.6032
1791272652,47209.8472
1791272654,47207.6025
1791272656,47221.1777
1791272658,47216.6446
1791272660,47217.4388
1791272662,47215.4335
1791272664,47214.976
1791272666,47202.5868
1791272668,47214.7825
1791272670,47222.9956
1791272672,47222.3256
1791272674,47222.9475
1791272676,47214.8031
1791272678,47216.265
1791272680,47230.9205
1791272682,47244.3287
1791272684,47241.7072
1791272686,47234.9466
1791272688,47219.3311
1791272690,47220.4898
1791272692,47229.4695
1791272694,47228.0363
1791272696,47216.1241
1791272698,47214.0244
1791272700,47212.5435
1791272702,47215.5646
1791272704,47211.0046
1791272706,47203.9492
1791272708,47201.4209
1791272710,47192.0694
1791272712,47199.3094
1791272714,47201.2568
1791272716,47195.2743
1791272718,47205.7949
1791272720,47209.972
1791272722,47217.7204
1791272724,47214.6478
1791272726,47212.7169
1791272728,47197.561
1791272730,47191.5502
1791272732,47181.5076
1791272734,47174.8866
1791272736,47171.2768
1791272738,47172.1493
1791272740,47160.4941
1791272742,47155.0246
1791272744,47155.3785
1791272746,47171.1334
1791272748,47180.8828
1791272750,47192.1713
1791272752,47186.2409
1791272754,47196.0352
1791272756,47188.3812
1791272758,47190.4689
1791272760,47190.6259
1791272762,47189.0304
1791272764,47186.5203
1791272766,47186.7304
1791272768,47192.3693
1791272770,47204.6688
1791272772,47200.6314
1791272774,47204.1534
1791272776,47201.481
1791272778,47197.8956
1791272780,47203.0761
1791272782,47200.2016
1791272784,47204.8496
1791272786,47204.003
1791272788,47208.2622
1791272790,47213.8906
1791272792,47218.3739
1791272794,47223.8389
1791272796,47227.5566
1791272798,47229.1015
1791272800,47236.988
1791272802,47255.2019
1791272804,47256.1817
1791272806,47254.0823
1791272808,47242.9865
1791272810,47239.9389
1791272812,47235.0093
1791272814,47240.5127
1791272816,47238.4439
1791272818,47228.9731
1791272820,47239.7868
1791272822,47234.399
1791272824,47238.6066
1791272826,47232.0797
1791272828,47233.1773
1791272830,47220.7168
1791272832,47224.8653
1791272834,47220.3978
1791272836,47227.1012
1791272838,47225.141
1791272840,47226.1954
1791272842,47226.6386
1791272844,47232.6265
1791272846,47222.5046
1791272848,47226.8897
1791272850,47220.8314
1791272852,47210.4885
1791272854,47220.3967
1791272856,47203.4269
1791272858,47223.0309
1791272860,47231.2621
1791272862,47242.8984
1791272864,47270.1065
1791272866,47254.6487
1791272868,47253.4171
1791272870,47247.5747
1791272872,47247.3484
1791272874,47250.3874
1791272876,47239.4192
1791272878,47246.1302
1791272880,47244.4961
1791272882,47241.2309
1791272884,47251.3833
1791272886,47245.022
1791272888,47240.2893
1791272890,47242.455
1791272892,47242.8009
1791272894,47236.1785
1791272896,47240.1494
1791272898,47254.175
1791272900,47250.399
1791272902,47241.3952
1791272904,47239.3043
1791272906,47231.9891
1791272908,47236.4361
1791272910,47238.5901
1791272912,47242.2571
1791272914,47247.7764
1791272916,47240.0103
1791272918,47238.7938
1791272920,47246.9728
1791272922,47251.6157
1791272924,47256.4049
1791272926,47253.0545
1791272928,47251.6348
1791272930,47252.0485
1791272932,47253.3629
1791272934,47276.831
1791272936,47264.8331
1791272938,47259.9966
1791272940,47249.1921
1791272942,47256.6327
1791272944,47259.6718
1791272946,47258.5794
1791272948,47256.3433
1791272950,47267.8719
1791272952,47270.3199
1791272954,47249.7849
1791272956,47253.519
1791272958,47264.6614
1791272960,47268.0135
1791272962,47245.7971
1791272964,47240.619
1791272966,47246.2771
1791272968,47246.257
1791272970,47231.1095
1791272972,47228.7708
1791272974,47226.7077
1791272976,47217.4611
1791272978,47209.3815
1791272980,47206.4642
1791272982,47215.3922
1791272984,47233.5649
1791272986,47229.1384
1791272988,47231.0432
1791272990,47234.204
1791272992,47208.6209
1791272994,47217.0768
1791272996,47222.6484
1791272998,47227.7158
1791273000,47230.2431
1791273002,47230.8656
1791273004,47221.6341
1791273006,47226.8715
1791273008,47217.6631
1791273010,47230.9248
1791273012,47233.1073
1791273014,47226.8799
1791273016,47225.9372
1791273018,47224.3137
1791273020,47217.6123
1791273022,47235.6503
1791273024,47220.15
1791273026,47221.9918
1791273028,47211.3447
1791273030,47212.4457
1791273032,47216.3829
1791273034,47218.8429
1791273036,47230.0745
1791273038,47218.8745
1791273040,47219.5928
1791273042,47206.5687
1791273044,47204.5887
1791273046,47204.9215
1791273048,47189.9532
1791273050,47188.1173
1791273052,47189.1759
1791273054,47190.0764
1791273056,47178.2957
1791273058,47178.9214
1791273060,47176.933
1791273062,47193.6399
1791273064,47180.6754
1791273066,47183.0498
1791273068,47182.3122
1791273070,47177.3517
1791273072,47191.3064
1791273074,47190.0569
1791273076,47197.003
1791273078,47204.3903
1791273080,47208.291
1791273082,47195.1023
1791273084,47191.7287
1791273086,47187.9022
1791273088,47188.1538
1791273090,47188.1292
1791273092,47185.8809
1791273094,47196.3947
1791273096,47189.5651
1791273098,47195.6635
1791273100,47173.911
1791273102,47154.4207
1791273104,47167.7649
1791273106,47175.5408
1791273108,47180.1595
1791273110,47187.4292
1791273112,47184.2312
1791273114,47190.7274
1791273116,47193.2581
1791273118,47203.9076
1791273120,47190.7096
1791273122,47209.48
1791273124,47213.7591
1791273126,47226.2199
1791273128,47233.6033
1791273130,47224.5236
1791273132,47216.3002
1791273134,47225.0336
1791273136,47226.2042
1791273138,47219.2977
1791273140,47225.7291
1791273142,47203.8017
1791273144,47193.7206
1791273146,47179.3763
1791273148,47174.9447
1791273150,47165.9614
1791273152,47147.2531
1791273154,47141.4127
1791273156,47137.7631
1791273158,47138.0512
1791273160,47127.0133
1791273162,47132.6973
1791273164,47138.5204
1791273166,47143.4454
1791273168,47157.8752
1791273170,47151.7549
1791273172,47146.4694
1791273174,47145.3532
1791273176,47132.283
1791273178,47135.6076
1791273180,47126.9101
1791273182,47130.027
1791273184,47138.9256
1791273186,47126.7807
1791273188,47123.9946
1791273190,47107.8463
1791273192,47105.3673
1791273194,47126.2209
1791273196,47127.7088
1791273198,47127.185
1791273200,47127.3477
1791273202,47143.9848
1791273204,47138.194
1791273206,47133.3211
1791273208,47122.2745
1791273210,47134.9392
1791273212,47131.5725
1791273214,47130.315
1791273216,47132.6339
1791273218,47146.2238
1791273220,47136.3493
1791273222,47133.7758
1791273224,47128.6279
1791273226,47135.1562
1791273228,47135.2506
1791273230,47119.4512
1791273232,47116.9867
1791273234,47124.34
1791273236,47131.1061
1791273238,47131.1092
1791273240,47134.2016
1791273242,47116.7421
1791273244,47113.4365
1791273246,47106.3969
1791273248,47101.3395
1791273250,47096.6213
1791273252,47085.3356
1791273254,47090.1149
1791273256,47085.2734
1791273258,47071.9079
1791273260,47076.9833
1791273262,47055.7906
1791273264,47063.3752
1791273266,47054.7587
1791273268,47043.3253
1791273270,47045.181
1791273272,47044.0232
1791273274,47046.3251
1791273276,47049.219
1791273278,47050.8567
1791273280,47044.0411
1791273282,47044.3976
1791273284,47057.4006
1791273286,47056.2649
1791273288,47049.7312
1791273290,47057.5435
1791273292,47071.4744
1791273294,47067.0832
1791273296,47059.3915
1791273298,47051.6157
1791273300,47062.9031
1791273302,47061.4604
1791273304,47059.3754
1791273306,47066.8252
1791273308,47060.0187
1791273310,47059.3943
1791273312,47071.7733
1791273314,47067.3244
1791273316,47078.9343
1791273318,47081.3777
1791273320,47078.7415
1791273322,47075.0642
1791273324,47062.9534
1791273326,47065.9625
1791273328,47078.8778
1791273330,47089.0587
1791273332,47086.3961
1791273334,47085.09
1791273336,47101.0854
1791273338,47096.1422
1791273340,47083.489
1791273342,47075.4794
1791273344,47068.9989
1791273346,47076.4768
1791273348,47080.2579
1791273350,47082.0263
1791273352,47082.5589
1791273354,47092.8336
1791273356,47100.6656
1791273358,47096.0614
1791273360,47095.1546
1791273362,47105.4647
1791273364,47101.9101
1791273366,47093.1911
1791273368,47090.9396
1791273370,47090.1447
1791273372,47081.9582
1791273374,47082.7619
1791273376,47076.9441
1791273378,47062.4231
1791273380,47067.8602
1791273382,47068.1611
1791273384,47070.4674
1791273386,47080.6867
1791273388,47073.8795
1791273390,47100.1885
1791273392,47089.9182
1791273394,47090.271
1791273396,47090.2564
1791273398,47098.1881
1791273400,47085.145
1791273402,47066.4576
1791273404,47072.3289
1791273406,47077.3245
1791273408,47077.8703
1791273410,47085.4292
1791273412,47065.3245
1791273414,47068.1098
1791273416,47068.3656
1791273418,47078.3718
1791273420,47080.0771
1791273422,47083.9393
1791273424,47081.1301
1791273426,47082.3644
1791273428,47082.5024
1791273430,47096.0638
1791273432,47088.8391
1791273434,47086.1189
1791273436,47083.6108
1791273438,47100.104
1791273440,47087.1072
1791273442,47093.4884
1791273444,47090.3983
1791273446,47098.1467
1791273448,47111.0505
1791273450,47106.524
1791273452,47115.6396
1791273454,47127.902
1791273456,47128.8359
1791273458,47122.5889
1791273460,47138.6315
1791273462,47129.4674
1791273464,47147.8056
1791273466,47149.4965
1791273468,47156.5023
1791273470,47161.3229
1791273472,47162.1442
1791273474,47162.6423
1791273476,47177.0145
1791273478,47187.5069
1791273480,47188.3435
1791273482,47168.6983
1791273484,47156.9546
1791273486,47156.0886
1791273488,47164.7649
1791273490,47172.7474
1791273492,47173.1721
1791273494,47177.749
1791273496,47177.6621
1791273498,47165.231
1791273500,47159.2121
1791273502,47156.9434
1791273504,47160.1651
1791273506,47165.662
1791273508,47151.264
1791273510,47146.3124
1791273512,47132.505
1791273514,47142.8762
1791273516,47153.3411
1791273518,47162.0776
1791273520,47148.8472
1791273522,47138.0559
1791273524,47128.6594
1791273526,47133.6611
1791273528,47133.821
1791273530,47129.3028
1791273532,47112.2212
1791273534,47114.2774
1791273536,47118.8859
1791273538,47116.9819
1791273540,47108.5836
1791273542,47119.9112
1791273544,47131.7494
1791273546,47126.6275
1791273548,47107.3978
1791273550,47101.2217
1791273552,47094.9091
1791273554,47092.4131
1791273556,47103.8272
1791273558,47106.3782
1791273560,47096.2337
1791273562,47079.8378
1791273564,47077.2625
1791273566,47070.8921
1791273568,47065.9895
1791273570,47071.6835
1791273572,47057.5184
1791273574,47063.3202
1791273576,47060.7185
1791273578,47068.5276
1791273580,47057.4452
1791273582,47057.777
1791273584,47062.9341
1791273586,47068.2308
1791273588,47071.6092
1791273590,47050.9758
1791273592,47041.3436
1791273594,47042.6493
1791273596,47037.4198
1791273598,47032.0185
1791273600,47027.1759
1791273602,47033.5283
1791273604,47024.1317
1791273606,47011.3931
1791273608,47003.6462
1791273610,47005.3657
1791273612,47007.9506
1791273614,47000.7394
1791273616,47014.8828
1791273618,47015.9271
1791273620,47013.3936
1791273622,47007.5886
1791273624,47001.5649
1791273626,46999.2021
1791273628,46992.071
1791273630,46990.3575
1791273632,47000.2023
1791273634,47007.2662
1791273636,47003.6507
1791273638,46997.1619
1791273640,47020.9039
1791273642,47043.9589
1791273644,47066.4362
1791273646,47076.177
1791273648,47082.6009
1791273650,47067.521
1791273652,47060.6478
1791273654,47072.0654
1791273656,47064.3087
1791273658,47065.6215
1791273660,47065.5524
1791273662,47055.9609
1791273664,47057.1295
1791273666,47063.6796
1791273668,47058.9103
1791273670,47067.9313
1791273672,47064.3748
1791273674,47057.6199
1791273676,47061.2204
1791273678,47063.318
1791273680,47066.5884
1791273682,47056.3376
1791273684,47056.0738
1791273686,47039.2917
1791273688,47038.508
1791273690,47027.6904
1791273692,47034.8927
1791273694,47037.0035
1791273696,47039.2337
1791273698,47033.2067
1791273700,47030.5468
1791273702,47039.2589
1791273704,47041.511
1791273706,47042.1038
1791273708,47032.5559
1791273710,47036.1347
1791273712,47041.9735
1791273714,47045.6365
1791273716,47058.6062
1791273718,47037.9416
1791273720,47029.9869
1791273722,47025.6879
1791273724,47023.2953
1791273726,47040.9801
1791273728,47054.6031
1791273730,47033.789
1791273732,47050.4952
1791273734,47052.0847
1791273736,47049.0621
1791273738,47052.1112
1791273740,47055.036
1791273742,47059.4299
1791273744,47052.7379
1791273746,47049.8027
1791273748,47055.5074
1791273750,47070.2703
1791273752,47070.982
1791273754,47079.0183
1791273756,47087.6792
1791273758,47095.5528
1791273760,47088.7372
1791273762,47087.8506
1791273764,47096.0087
1791273766,47090.8909
1791273768,47084.7955
1791273770,47092.6042
1791273772,47088.5606
1791273774,47087.8562
1791273776,47092.4391
1791273778,47077.9086
1791273780,47053.7158
1791273782,47035.1599
1791273784,47041.5052
1791273786,47036.2306
1791273788,47027.3825
1791273790,47041.8711
1791273792,47041.9584
1791273794,47036.0943
1791273796,47034.1873
1791273798,47037.1582
1791273800,47046.2043
1791273802,47040.2726
1791273804,47052.3215
1791273806,47065.6641
1791273808,47047.5427
1791273810,47053.2591
1791273812,47038.9164
1791273814,47033.8015
1791273816,47037.1373
1791273818,47030.9081
1791273820,47031.4342
1791273822,47021.4576
1791273824,47015.1458
1791273826,47021.0466
1791273828,47006.9297
1791273830,47005.7547
1791273832,47003.057
1791273834,47017.624
1791273836,47001.4359
1791273838,47003.3902
1791273840,46994.4517
1791273842,46998.0004
1791273844,46997.0069
1791273846,46979.6867
1791273848,46981.0963
1791273850,47001.6404
1791273852,46988.8107
1791273854,46991.0085
1791273856,46986.2765
1791273858,46971.975
1791273860,46972.5367
1791273862,46957.219
1791273864,46975.0387
1791273866,46964.7758
1791273868,46961.7783
1791273870,46962.5447
1791273872,46960.1794
1791273874,46960.3177
1791273876,46963.1272
1791273878,46965.7759
1791273880,46965.2901
1791273882,46978.0365
1791273884,46981.1518
1791273886,46985.1969
1791273888,46978.2816
1791273890,46964.4256
1791273892,46961.3107
1791273894,46971.1152
1791273896,46966.5736
1791273898,46961.522
1791273900,46959.8572
1791273902,46948.2014
1791273904,46940.7403
1791273906,46939.6999
1791273908,46947.7384
1791273910,46954.0797
1791273912,46957.6323
1791273914,46936.401
1791273916,46929.7358
1791273918,46919.954
1791273920,46916.4022
1791273922,46929.1898
1791273924,46932.5844
1791273926,46922.6303
1791273928,46936.4287
1791273930,46910.0671
1791273932,46912.4414
1791273934,46909.6347
1791273936,46920.6475
1791273938,46918.927
1791273940,46905.4746
1791273942,46909.1423
1791273944,46900.8161
1791273946,46892.5905
1791273948,46881.8208
1791273950,46881.1824
1791273952,46869.309
1791273954,46870.8896
1791273956,46865.5757
1791273958,46859.7517
1791273960,46859.4752
1791273962,46847.2833
1791273964,46853.8288
1791273966,46861.1971
1791273968,46855.8555
1791273970,46840.7651
1791273972,46825.7928
1791273974,46834.6649
1791273976,46839.3122
1791273978,46822.963
1791273980,46834.2224
1791273982,46835.6445
1791273984,46841.9708
1791273986,46854.4496
1791273988,46849.7091
1791273990,46860.8282
1791273992,46864.1846
1791273994,46841.79
1791273996,46845.7376
1791273998,46829.6857
1791274000,46821.8407
1791274002,46826.9644
1791274004,46812.2636
1791274006,46815.0486
1791274008,46797.7602
1791274010,46798.4039
1791274012,46784.3629
1791274014,46775.7146
1791274016,46781.2599
1791274018,46800.3953
1791274020,46795.1792
1791274022,46798.241
1791274024,46788.209
1791274026,46801.0222
1791274028,46788.4481
1791274030,46795.2803
1791274032,46801.706
1791274034,46823.1979
1791274036,46815.4361
1791274038,46818.171
1791274040,46820.5236
1791274042,46818.6695
1791274044,46821.7798
1791274046,46832.4066
1791274048,46823.6397
1791274050,46806.4237
1791274052,46805.3883
1791274054,46804.7706
1791274056,46804.7071
1791274058,46794.8739
1791274060,46795.1747
1791274062,46796.2606
1791274064,46804.8817
1791274066,46808.3961
1791274068,46808.7191
1791274070,46808.6947
1791274072,46804.0755
1791274074,46801.2592
1791274076,46799.7096
1791274078,46800.1301
1791274080,46806.2956
1791274082,46806.5145
1791274084,46806.0241
1791274086,46824.5218
1791274088,46812.0811
1791274090,46807.2269
1791274092,46794.1222
1791274094,46780.0901
1791274096,46788.63
1791274098,46804.5588
1791274100,46786.6711
1791274102,46793.3507
1791274104,46793.2668
1791274106,46778.4067
1791274108,46783.7306
1791274110,46789.0381
1791274112,46802.4166
1791274114,46803.2659
1791274116,46803.5337
1791274118,46816.8393
1791274120,46820.126
1791274122,46811.3837
1791274124,46810.6807
1791274126,46797.6414
1791274128,46801.4692
1791274130,46793.6587
1791274132,46798.2275
1791274134,46793.3267
1791274136,46789.3909
1791274138,46782.4955
1791274140,46790.269
1791274142,46811.5928
1791274144,46823.0706
1791274146,46826.4126
1791274148,46817.0581
1791274150,46813.4051
1791274152,46814.4202
1791274154,46813.5708
1791274156,46814.651
1791274158,46830.5183
1791274160,46838.7458
1791274162,46842.2665
1791274164,46844.1278
1791274166,46847.2452
1791274168,46847.5509
1791274170,46836.6975
1791274172,46835.0128
1791274174,46828.9214
1791274176,46836.9159
1791274178,46821.0292
1791274180,46814.0516
1791274182,46822.5659
1791274184,46834.2652
1791274186,46831.0445
1791274188,46836.6604
1791274190,46841.9084
1791274192,46835.285
1791274194,46848.8102
1791274196,46864.0791
1791274198,46863.2778
1791274200,46854.8295
1791274202,46858.8814
1791274204,46854.4515
1791274206,46848.5811
1791274208,46846.8951
1791274210,46854.0458
1791274212,46863.2458
1791274214,46881.0321
1791274216,46900.4561
1791274218,46901.1771
1791274220,46903.9353
1791274222,46923.9544
1791274224,46936.3132
1791274226,46943.3603
1791274228,46950.0346
1791274230,46944.3341
1791274232,46951.9093
1791274234,46961.3577
1791274236,46957.4001
1791274238,46946.4192
1791274240,46945.2831
1791274242,46951.2369
1791274244,46943.3732
1791274246,46946.5709
1791274248,46948.0622
1791274250,46946.5808
1791274252,46942.9937
1791274254,46940.5128
1791274256,46926.2695
1791274258,46919.2967
1791274260,46923.7516
1791274262,46918.0504
1791274264,46897.0816
1791274266,46894.9322
1791274268,46885.6753
1791274270,46885.7196
1791274272,46897.8077
1791274274,46890.804
1791274276,46901.6905
1791274278,46901.3362
1791274280,46902.8671
1791274282,46908.1051
1791274284,46912.8562
1791274286,46909.4597
1791274288,46911.4082
1791274290,46923.8823
1791274292,46928.4142
1791274294,46903.3692
1791274296,46894.0927
1791274298,46897.6399
1791274300,46889.5462
1791274302,46893.9314
1791274304,46890.1774
1791274306,46891.9439
1791274308,46893.8132
1791274310,46886.1448
1791274312,46898.3259
1791274314,46901.1808
1791274316,46909.2332
1791274318,46903.9432
1791274320,46908.0493
1791274322,46902.6958
1791274324,46902.0882
1791274326,46900.8831
1791274328,46900.5
1791274330,46885.8984
1791274332,46891.6784
1791274334,46887.3075
1791274336,46890.5286
1791274338,46899.7289
1791274340,46896.8906
1791274342,46903.2511
1791274344,46896.6728
1791274346,46891.7838
1791274348,46894.4662
1791274350,46889.4609
1791274352,46889.6864
1791274354,46899.7127
1791274356,46889.1024
1791274358,46896.0763
1791274360,46889.4045
1791274362,46894.2967
1791274364,46897.4802
1791274366,46895.0148
1791274368,46879.8917
1791274370,46889.2948
1791274372,46883.0297
1791274374,46894.2313
1791274376,46862.2867
1791274378,46850.0321
1791274380,46857.3146
1791274382,46854.0399
1791274384,46853.3091
1791274386,46860.8011
1791274388,46860.1112
1791274390,46875.9537
1791274392,46879.5804
1791274394,46879.4367
1791274396,46873.3118
1791274398,46870.0743
1791274400,46868.1949
1791274402,46869.2805
1791274404,46870.4076
1791274406,46884.4658
1791274408,46871.8723
1791274410,46882.6691
1791274412,46872.1948
1791274414,46861.2634
1791274416,46849.1252
1791274418,46846.3697
1791274420,46854.5164
1791274422,46861.9595
1791274424,46862.3538
1791274426,46859.7547
1791274428,46877.288
1791274430,46881.0833
1791274432,46880.5577
1791274434,46876.4605
1791274436,46874.8857
1791274438,46879.4297
1791274440,46887.0417
1791274442,46886.8294
1791274444,46885.3477
1791274446,46885.5911
1791274448,46902.0209
1791274450,46904.5469
1791274452,46898.9771
1791274454,46890.0888
1791274456,46878.2709
1791274458,46882.5582
1791274460,46886.8272
1791274462,46890.1668
1791274464,46885.1398
1791274466,46904.0206
1791274468,46896.32
1791274470,46905.4977
1791274472,46896.7922
1791274474,46900.5078
1791274476,46895.1716
1791274478,46887.8561
1791274480,46890.1641
1791274482,46903.9604
1791274484,46901.7836
1791274486,46897.5151
1791274488,46879.167
1791274490,46891.658
1791274492,46903.0841
1791274494,46891.048
1791274496,46905.7044
1791274498,46895.5351
1791274500,46911.3894
1791274502,46914.7448
1791274504,46918.4383
1791274506,46927.4098
1791274508,46936.059
1791274510,46931.0344
1791274512,46932.6764
1791274514,46939.4456
1791274516,46954.7735
1791274518,46957.3843
1791274520,46949.449
1791274522,46957.2477
1791274524,46955.2701
1791274526,46959.0699
1791274528,46967.1324
1791274530,46968.2233
1791274532,46972.7327
1791274534,46982.6313
1791274536,46979.546
1791274538,46992.1584
1791274540,46990.9875
1791274542,46980.8971
1791274544,46989.6496
1791274546,46974.1193
1791274548,46966.0735
1791274550,46961.0896
1791274552,46967.9183
1791274554,46969.0711
1791274556,46966.9145
1791274558,46964.7984
1791274560,46952.8532
1791274562,46944.3799
1791274564,46958.6542
1791274566,46959.4183
1791274568,46952.3042
1791274570,46958.2823
1791274572,46967.2741
1791274574,46976.7842
1791274576,46973.332
1791274578,47000.2719
1791274580,47024.4521
1791274582,47015.3356
1791274584,47013.1335
1791274586,47004.7006
1791274588,46998.5813
1791274590,46988.1991
1791274592,46997.4854
1791274594,46996.6855
1791274596,46984.4381
1791274598,46967.8454
1791274600,46965.7133
1791274602,46973.3488
1791274604,46977.7835
1791274606,46997.337
1791274608,46991.7025
1791274610,46987.7004
1791274612,47001.8598
1791274614,47006.7106
1791274616,46999.6662
1791274618,47009.1808
1791274620,47019.8037
1791274622,47007.3684
1791274624,47003.7292
1791274626,47001.9075
1791274628,47005.8444
1791274630,47001.0511
1791274632,47000.8962
1791274634,46989.8251
1791274636,46978.2375
1791274638,46981.3188
1791274640,46971.3622
1791274642,46974.8467
1791274644,46978.8752
1791274646,46983.7985
1791274648,46974.4962
1791274650,46962.5031
1791274652,46959.6372
1791274654,46967.6501
1791274656,46975.6481
1791274658,46964.2956
1791274660,46962.24
1791274662,46953.859
1791274664,46958.307
1791274666,46958.7417
1791274668,46966.2059
1791274670,46958.9144
1791274672,46960.0032
1791274674,46956.6969
1791274676,46950.8021
1791274678,46949.2591
1791274680,46935.0354
1791274682,46937.4386
1791274684,46940.8997
1791274686,46947.6256
1791274688,46942.2999
1791274690,46949.919
1791274692,46950.9341
1791274694,46954.0041
1791274696,46949.4473
1791274698,46965.7479
1791274700,46984.266
1791274702,46990.0135
1791274704,46989.7141
1791274706,46980.8799
1791274708,46969.4932
1791274710,46964.8447
1791274712,46970.9418
1791274714,46963.7747
1791274716,46956.0855
1791274718,46950.7033
1791274720,46944.5267
1791274722,46948.475
1791274724,46929.837
1791274726,46933.6748
1791274728,46932.0094
1791274730,46932.4581
1791274732,46934.2598
1791274734,46930.211
1791274736,46928.8072
1791274738,46926.7162
1791274740,46927.3174
1791274742,46915.4122
1791274744,46911.2943
1791274746,46894.2558
1791274748,46889.5063
1791274750,46901.2469
1791274752,46906.5791
1791274754,46909.0177
1791274756,46922.3771
1791274758,46922.6779
1791274760,46925.9735
1791274762,46916.4433
1791274764,46901.4752
1791274766,46911.2595
1791274768,46920.777
1791274770,46930.6375
1791274772,46941.556
1791274774,46940.5748
1791274776,46932.9595
1791274778,46927.5301
1791274780,46933.1595
1791274782,46924.4226
1791274784,46928.8694
1791274786,46928.2642
1791274788,46919.8106
1791274790,46917.6961
1791274792,46928.2616
1791274794,46931.068
1791274796,46911.2114
1791274798,46896.2882
1791274800,46895.7368
1791274802,46898.519
1791274804,46897.4994
1791274806,46893.1254
1791274808,46875.0788
1791274810,46873.4959
1791274812,46873.2215
1791274814,46866.2556
1791274816,46867.3683
1791274818,46883.0358
1791274820,46890.1226
1791274822,46903.871
1791274824,46902.4523
1791274826,46888.7472
1791274828,46889.1767
1791274830,46897.9026
1791274832,46863.206
1791274834,46857.9146
1791274836,46859.0277
1791274838,46865.1392
1791274840,46881.6795
1791274842,46879.2716
1791274844,46882.3366
1791274846,46891.7937
1791274848,46892.6281
1791274850,46892.3262
1791274852,46905.5719
1791274854,46914.4912
1791274856,46921.1549
1791274858,46922.1899
1791274860,46923.1672
1791274862,46908.7744
1791274864,46885.7712
1791274866,46889.8918
1791274868,46876.2711
1791274870,46872.6299
1791274872,46877.8291
1791274874,46887.5565
1791274876,46885.2573
1791274878,46897.0273
1791274880,46898.8808
1791274882,46908.1918
1791274884,46902.6435
1791274886,46898.2084
1791274888,46899.4899
1791274890,46904.9044
1791274892,46911.3367
1791274894,46912.7935
1791274896,46908.3986
1791274898,46908.5019
1791274900,46908.116
1791274902,46910.8087
1791274904,46895.4931
1791274906,46889.397
1791274908,46881.0165
1791274910,46888.6902
1791274912,46893.2737
1791274914,46889.0461
1791274916,46887.8424
1791274918,46885.1793
1791274920,46870.2119
1791274922,46874.1922
1791274924,46877.1506
1791274926,46889.3504
1791274928,46875.0835
1791274930,46882.4394
1791274932,46878.145
1791274934,46879.336
1791274936,46882.5817
1791274938,46884.4799
1791274940,46872.5124
1791274942,46866.0252
1791274944,46872.1928
1791274946,46879.5869
1791274948,46880.5246
1791274950,46876.8921
1791274952,46883.3812
1791274954,46876.1323
1791274956,46883.6981
1791274958,46882.0402
1791274960,46889.27
1791274962,46870.3232
1791274964,46876.3388
1791274966,46884.8005
1791274968,46894.8117
1791274970,46890.3899
1791274972,46876.8528
1791274974,46880.5324
1791274976,46879.2424
1791274978,46891.9201
1791274980,46899.7595
1791274982,46912.2402
1791274984,46911.2114
1791274986,46910.2996
1791274988,46925.0963
1791274990,46922.3091
1791274992,46925.7653
1791274994,46922.1575
1791274996,46925.0249
1791274998,46926.0869
1791275000,46908.4233
1791275002,46915.2744
1791275004,46938.9174
1791275006,46951.3873
1791275008,46953.796
1791275010,46949.1749
1791275012,46948.3318
1791275014,46953.1487
1791275016,46962.1628
1791275018,46954.411
1791275020,46964.2706
1791275022,46947.2088
1791275024,46937.8246
1791275026,46924.7517
1791275028,46932.2452
1791275030,46934.6559
1791275032,46933.7515
1791275034,46926.2117
1791275036,46941.8032
1791275038,46943.425
1791275040,46945.4987
1791275042,46927.956
1791275044,46924.4938
1791275046,46925.6005
1791275048,46926.3442
1791275050,46908.6626
1791275052,46921.3803
1791275054,46919.9803
1791275056,46923.1627
1791275058,46941.7355
1791275060,46941.2809
1791275062,46919.4728
1791275064,46920.6349
1791275066,46899.3325
1791275068,46905.1467
1791275070,46892.682
1791275072,46892.4693
1791275074,46895.2461
1791275076,46883.9315
1791275078,46886.8936
1791275080,46895.1608
1791275082,46889.1823
1791275084,46871.0888
1791275086,46878.9218
1791275088,46875.1956
1791275090,46870.9941
1791275092,46886.598
1791275094,46891.5541
1791275096,46887.1483
1791275098,46901.6592
1791275100,46908.5067
1791275102,46909.0173
1791275104,46902.1104
1791275106,46908.489
1791275108,46885.6925
1791275110,46874.8312
1791275112,46873.781
1791275114,46879.781
1791275116,46876.4316
1791275118,46863.033
1791275120,46864.8363
1791275122,46874.7163
1791275124,46874.3156
1791275126,46867.9285
1791275128,46864.0054
1791275130,46858.1667
1791275132,46862.1612
1791275134,46863.9052
1791275136,46867.2833
1791275138,46872.6833
1791275140,46873.5667
1791275142,46882.0453
1791275144,46876.7122
1791275146,46872.5996
1791275148,46869.4786
1791275150,46880.9084
1791275152,46879.0291
1791275154,46878.1866
1791275156,46869.5789
1791275158,46875.2433
1791275160,46881.0254
1791275162,46894.4604
1791275164,46911.679
1791275166,46915.7457
1791275168,46917.4343
1791275170,46908.5557
1791275172,46902.6154
1791275174,46900.8039
1791275176,46901.0471
1791275178,46882.9557
1791275180,46864.1943
1791275182,46867.4949
1791275184,46862.3678
1791275186,46870.7926
1791275188,46872.6425
1791275190,46873.4459
1791275192,46876.9112
1791275194,46882.3846
1791275196,46881.3064
1791275198,46878.4197
1791275200,46884.7864
1791275202,46880.2391
1791275204,46873.1308
1791275206,46870.3191
1791275208,46869.8792
1791275210,46865.8614
1791275212,46869.1231
1791275214,46863.4322
1791275216,46855.5024
1791275218,46872.1202
1791275220,46872.3596
1791275222,46872.3289
1791275224,46867.546
1791275226,46874.2346
1791275228,46877.31
1791275230,46868.1225
1791275232,46882.1282
1791275234,46878.0425
1791275236,46870.8026
1791275238,46859.7554
1791275240,46861.2916
1791275242,46852.7335
1791275244,46844.6333
1791275246,46832.1643
1791275248,46818.9352
1791275250,46803.4258
1791275252,46794.1354
1791275254,46798.2561
1791275256,46791.546
1791275258,46799.2842
1791275260,46786.8726
1791275262,46782.0471
1791275264,46784.9603
1791275266,46779.6321
1791275268,46766.51
1791275270,46764.7693
1791275272,46765.2916
1791275274,46756.5178
1791275276,46767.3508
1791275278,46755.8347
1791275280,46751.7123
1791275282,46755.8765
1791275284,46749.8584
1791275286,46745.3778
1791275288,46736.4228
1791275290,46731.09
1791275292,46738.8708
1791275294,46746.5475
1791275296,46749.3035
1791275298,46735.6559
1791275300,46736.3809
1791275302,46731.4912
1791275304,46727.8938
1791275306,46713.071
1791275308,46715.9773
1791275310,46701.4381
1791275312,46697.281
1791275314,46692.9995
1791275316,46708.8927
1791275318,46706.2015
1791275320,46698.3787
1791275322,46686.7221
1791275324,46687.3296
1791275326,46664.203
1791275328,46669.7734
1791275330,46690.9062
1791275332,46684.5975
1791275334,46698.3998
1791275336,46699.3653
1791275338,46688.1166
1791275340,46691.0128
1791275342,46695.0393
1791275344,46693.9453
1791275346,46681.8634
1791275348,46679.666
1791275350,46689.2834
1791275352,46704.0958
1791275354,46710.5884
1791275356,46694.0204
1791275358,46709.1357
1791275360,46719.0228
1791275362,46725.8935
1791275364,46717.5065
1791275366,46703.5281
1791275368,46703.8525
1791275370,46714.3816
1791275372,46710.2371
1791275374,46712.7598
1791275376,46713.885
1791275378,46718.7118
1791275380,46717.0434
1791275382,46731.2014
1791275384,46726.6111
1791275386,46720.9517
1791275388,46714.2617
1791275390,46723.4208
1791275392,46720.0484
1791275394,46712.2348
1791275396,46709.8577
1791275398,46713.1269
1791275400,46700.6677
1791275402,46696.9167
1791275404,46694.6007
1791275406,46695.8406
1791275408,46699.7393
1791275410,46714.1777
1791275412,46718.6712
1791275414,46710.5909
1791275416,46710.9378
1791275418,46707.256
1791275420,46708.904
1791275422,46707.6095
1791275424,46711.3005
1791275426,46698.8772
1791275428,46707.8503
1791275430,46699.0992
1791275432,46696.0636
1791275434,46699.0413
1791275436,46691.302
1791275438,46709.2627
1791275440,46699.6189
1791275442,46713.0093
1791275444,46718.0776
1791275446,46712.672
1791275448,46726.0394
1791275450,46718.6219
1791275452,46728.2437
1791275454,46726.8471
1791275456,46741.8651
1791275458,46740.6852
1791275460,46741.7821
1791275462,46746.3645
1791275464,46752.8257
1791275466,46759.632
1791275468,46756.3322
1791275470,46749.6387
1791275472,46752.8258
1791275474,46756.7157
1791275476,46748.7743
1791275478,46751.1188
1791275480,46757.7236
1791275482,46752.2769
1791275484,46751.3455
1791275486,46761.3068
1791275488,46753.9583
1791275490,46747.3974
1791275492,46745.7065
1791275494,46738.1893
1791275496,46739.8727
1791275498,46732.8353
1791275500,46744.0546
1791275502,46735.9849
1791275504,46739.8202
1791275506,46730.8909
1791275508,46720.1346
1791275510,46720.3048
1791275512,46725.6187
1791275514,46736.5509
1791275516,46744.0262
1791275518,46748.4428
1791275520,46756.73
1791275522,46763.9234
1791275524,46768.3862
1791275526,46758.3586
1791275528,46752.8758
1791275530,46746.6055
1791275532,46751.0573
1791275534,46734.9353
1791275536,46737.4499
1791275538,46724.7446
1791275540,46710.2854
1791275542,46717.6045
1791275544,46732.6372
1791275546,46745.0574
1791275548,46756.5224
1791275550,46755.3289
1791275552,46754.531
1791275554,46749.4353
1791275556,46757.0568
1791275558,46762.4396
1791275560,46771.7994
1791275562,46764.1798
1791275564,46754.5767
1791275566,46752.8913
1791275568,46744.6014
1791275570,46739.6491
1791275572,46746.2984
1791275574,46736.6469
1791275576,46735.1863
1791275578,46733.667
1791275580,46731.1946
1791275582,46723.2114
1791275584,46726.7103
1791275586,46731.2731
1791275588,46728.107
1791275590,46719.8848
1791275592,46744.1712
1791275594,46743.9188
1791275596,46744.1554
1791275598,46738.5013
1791275600,46737.132
1791275602,46734.6558
1791275604,46735.8363
1791275606,46747.8985
1791275608,46741.9047
1791275610,46747.1714
1791275612,46739.3236
1791275614,46738.2767
1791275616,46738.7345
1791275618,46730.3754
1791275620,46724.0939
1791275622,46717.3932
1791275624,46716.5747
1791275626,46710.5258
1791275628,46713.8911
1791275630,46701.8312
1791275632,46716.751
1791275634,46728.9891
1791275636,46721.6256
1791275638,46720.115
1791275640,46727.1706
1791275642,46733.9265
1791275644,46726.652
1791275646,46735.0203
1791275648,46741.0148
1791275650,46748.8438
1791275652,46744.2335
1791275654,46747.9451
1791275656,46758.0783
1791275658,46761.6278
1791275660,46759.052
1791275662,46748.1814
1791275664,46747.8807
1791275666,46726.5186
1791275668,46725.3325
1791275670,46729.4445
1791275672,46715.249
1791275674,46721.0161
1791275676,46725.7258
1791275678,46736.2803
1791275680,46740.0271
1791275682,46736.849
1791275684,46742.794
1791275686,46747.3985
1791275688,46756.4341
1791275690,46752.1333
1791275692,46747.134
1791275694,46763.317
1791275696,46761.8767
1791275698,46767.0524
1791275700,46760.2166
1791275702,46753.4651
1791275704,46751.9974
1791275706,46736.1392
1791275708,46743.9201
1791275710,46755.6571
1791275712,46763.7967
1791275714,46762.8959
1791275716,46755.6882
1791275718,46744.4772
1791275720,46744.255
1791275722,46744.0591
1791275724,46750.286
1791275726,46737.093
1791275728,46746.2008
1791275730,46744.9228
1791275732,46751.0876
1791275734,46756.3116
1791275736,46761.3922
1791275738,46765.9946
1791275740,46768.7312
1791275742,46770.363
1791275744,46736.0984
1791275746,46737.9658
1791275748,46735.9844
1791275750,46730.9553
1791275752,46718.9691
1791275754,46716.2217
1791275756,46724.1601
1791275758,46711.2934
1791275760,46699.0327
1791275762,46691.814
1791275764,46705.4358
1791275766,46705.4531
1791275768,46701.1119
1791275770,46705.4848
1791275772,46708.2992
1791275774,46704.1364
1791275776,46690.6119
1791275778,46696.4389
1791275780,46712.8027
1791275782,46709.531
1791275784,46710.2164
1791275786,46717.357
1791275788,46720.2166
1791275790,46729.5339
1791275792,46718.7438
1791275794,46724.1182
1791275796,46717.4787
1791275798,46721.2492
1791275800,46716.5174
1791275802,46707.5243
1791275804,46707.1907
1791275806,46687.0474
1791275808,46692.8361
1791275810,46691.6867
1791275812,46695.8217
1791275814,46701.0545
1791275816,46711.7351
1791275818,46703.4123
1791275820,46697.7651
1791275822,46707.8164
1791275824,46711.2159
1791275826,46703.2216
1791275828,46703.9124
1791275830,46694.2984
1791275832,46701.7446
1791275834,46713.0456
1791275836,46712.3135
1791275838,46719.8129
1791275840,46713.8841
1791275842,46715.9323
1791275844,46709.4649
1791275846,46706.6197
1791275848,46705.3562
1791275850,46703.6795
1791275852,46721.1007
1791275854,46729.8758
1791275856,46737.8582
1791275858,46733.6916
1791275860,46720.4779
1791275862,46720.5216
1791275864,46724.9428
1791275866,46723.104
1791275868,46726.9128
1791275870,46724.7996
1791275872,46734.676
1791275874,46749.4363
1791275876,46735.3788
1791275878,46735.8716
1791275880,46741.9982
1791275882,46758.1394
1791275884,46752.3355
1791275886,46762.4437
1791275888,46758.6654
1791275890,46767.6297
1791275892,46759.1946
1791275894,46769.2571
1791275896,46771.2294
1791275898,46780.4516
1791275900,46777.9703
1791275902,46770.1007
1791275904,46769.9927
1791275906,46779.1138
1791275908,46764.5837
1791275910,46775.4461
1791275912,46768.9622
1791275914,46764.2475
1791275916,46766.7294
1791275918,46773.3463
1791275920,46777.1075
1791275922,46786.5291
1791275924,46790.7623
1791275926,46791.0874
1791275928,46787.4566
1791275930,46798.2463
1791275932,46802.1604
1791275934,46801.7727
1791275936,46801.7931
1791275938,46799.5136
1791275940,46797.0584
1791275942,46791.1577
1791275944,46801.8229
1791275946,46791.9157
1791275948,46793.9778
1791275950,46802.9056
1791275952,46799.709
1791275954,46788.2826
1791275956,46799.6398
1791275958,46806.877
1791275960,46796.7135
1791275962,46791.2453
1791275964,46793.4675
1791275966,46784.6107
1791275968,46802.816
1791275970,46806.1085
1791275972,46793.1694
1791275974,46783.3973
1791275976,46782.0357
1791275978,46785.0203
1791275980,46793.0783
1791275982,46784.2249
1791275984,46772.2703
1791275986,46767.0991
1791275988,46764.6415
1791275990,46770.1949
1791275992,46762.4226
1791275994,46767.7738
1791275996,46755.1466
1791275998,46766.5971
1791276000,46769.3879
1791276002,46778.0473
1791276004,46780.2667
1791276006,46779.2609
1791276008,46768.1732
1791276010,46769.3916
1791276012,46758.168
1791276014,46749.8373
1791276016,46757.6113
1791276018,46749.5716
1791276020,46752.1864
1791276022,46752.543
1791276024,46776.4435
1791276026,46779.4317
1791276028,46776.5758
1791276030,46766.2286
1791276032,46770.3613
1791276034,46761.2863
1791276036,46772.2477
1791276038,46778.0086
1791276040,46773.419
1791276042,46780.9499
1791276044,46768.3339
1791276046,46770.8932
1791276048,46768.1396
1791276050,46765.7658
1791276052,46757.6982
1791276054,46767.0928
1791276056,46760.1245
1791276058,46775.1409
1791276060,46770.454
1791276062,46759.972
1791276064,46756.7252
1791276066,46760.3253
1791276068,46757.6395
1791276070,46764.0583
1791276072,46751.4384
1791276074,46747.673
1791276076,46763.9651
1791276078,46749.2051
1791276080,46755.3601
1791276082,46750.4683
1791276084,46736.0819
1791276086,46740.7616
1791276088,46735.9052
1791276090,46725.8393
1791276092,46728.256
1791276094,46737.3687
1791276096,46728.1789
1791276098,46739.8022
1791276100,46744.6
1791276102,46731.7985
1791276104,46734.0916
1791276106,46734.3262
1791276108,46748.7871
1791276110,46750.3945
1791276112,46744.379
1791276114,46743.6115
1791276116,46745.1318
1791276118,46746.1533
1791276120,46735.6077
1791276122,46744.7243
1791276124,46748.118
1791276126,46765.6986
1791276128,46752.5463
1791276130,46758.5051
1791276132,46741.9085
1791276134,46726.5902
1791276136,46730.3143
1791276138,46734.5803
1791276140,46745.1572
1791276142,46738.9948
1791276144,46732.1714
1791276146,46722.8195
1791276148,46734.2456
1791276150,46732.3043
1791276152,46742.2051
1791276154,46742.5567
1791276156,46744.3841
1791276158,46746.0624
1791276160,46762.7525
1791276162,46755.6478
1791276164,46769.7676
1791276166,46775.0934
1791276168,46778.6892
1791276170,46781.0467
1791276172,46777.6689
1791276174,46768.1332
1791276176,46779.8994
1791276178,46775.7121
1791276180,46777.7988
1791276182,46767.888
1791276184,46770.1896
1791276186,46773.5478
1791276188,46771.9306
1791276190,46783.538
1791276192,46775.327
1791276194,46791.6349
1791276196,46808.5128
1791276198,46808.9618
1791276200,46821.5608
1791276202,46825.0138
1791276204,46828.9786
1791276206,46827.5873
1791276208,46831.4397
1791276210,46844.2511
1791276212,46850.4874
1791276214,46852.9848
1791276216,46865.511
1791276218,46862.3524
1791276220,46860.8003
1791276222,46865.454
1791276224,46876.4238
1791276226,46876.4261
1791276228,46868.3872
1791276230,46880.0974
1791276232,46898.2858
1791276234,46907.6049
1791276236,46911.0521
1791276238,46898.9599
1791276240,46900.0928
1791276242,46887.6095
1791276244,46892.3652
1791276246,46876.3426
1791276248,46883.3412
1791276250,46892.0422
1791276252,46892.3032
1791276254,46902.5421
1791276256,46901.3041
1791276258,46900.1167
1791276260,46893.3275
1791276262,46895.2134
1791276264,46905.4261
1791276266,46894.4948
1791276268,46883.1925
1791276270,46875.2665
1791276272,46873.1228
1791276274,46864.3761
1791276276,46859.8302
1791276278,46850.5143
1791276280,46847.0803
1791276282,46846.8361
1791276284,46845.3468
1791276286,46841.6946
1791276288,46840.0957
1791276290,46840.994
1791276292,46839.3172
1791276294,46831.0425
1791276296,46827.6486
1791276298,46831.1278
1791276300,46822.73
1791276302,46816.9495
1791276304,46811.5998
1791276306,46810.0457
1791276308,46803.9451
1791276310,46806.4415
1791276312,46817.4305
1791276314,46834.5113
1791276316,46845.8384
1791276318,46834.683
1791276320,46829.1396
1791276322,46830.9625
1791276324,46831.8591
1791276326,46833.9724
1791276328,46832.4476
1791276330,46834.327
1791276332,46840.8097
1791276334,46863.4646
1791276336,46870.333
1791276338,46868.8862
1791276340,46879.3886
1791276342,46869.0546
1791276344,46886.4136
1791276346,46896.5666
1791276348,46899.0967
1791276350,46906.4432
1791276352,46894.924
1791276354,46888.185
1791276356,46879.9645
1791276358,46887.4857
1791276360,46878.7878
1791276362,46852.7158
1791276364,46853.3383
1791276366,46851.5006
1791276368,46849.6529
1791276370,46847.7042
1791276372,46850.7152
1791276374,46832.5109
1791276376,46823.8899
1791276378,46793.1578
1791276380,46797.4722
1791276382,46807.7092
1791276384,46806.658
1791276386,46788.3907
1791276388,46771.6536
1791276390,46768.9815
1791276392,46771.4359
1791276394,46775.124
1791276396,46800.6714
1791276398,46806.103
1791276400,46808.426
1791276402,46833.1028
1791276404,46810.7458
1791276406,46802.0308
1791276408,46806.2045
1791276410,46809.4024
1791276412,46801.745
1791276414,46795.9812
1791276416,46805.6324
1791276418,46802.7491
1791276420,46797.2742
1791276422,46804.0077
1791276424,46784.921
1791276426,46791.3162
1791276428,46780.4621
1791276430,46766.8045
1791276432,46777.2455
1791276434,46775.6183
1791276436,46773.2362
1791276438,46772.6145
1791276440,46758.7092
1791276442,46770.3803
1791276444,46768.5372
1791276446,46766.6276
1791276448,46769.5699
1791276450,46747.4226
1791276452,46744.2963
1791276454,46738.7191
1791276456,46727.6686
1791276458,46731.1112
1791276460,46726.3224
1791276462,46735.2689
1791276464,46734.6756
1791276466,46746.3402
1791276468,46756.4266
1791276470,46754.5559
1791276472,46772.2809
1791276474,46773.5928
1791276476,46771.8817
1791276478,46767.8476
1791276480,46756.7538
1791276482,46757.737
1791276484,46758.4181
1791276486,46754.99
1791276488,46747.4036
1791276490,46747.8876
1791276492,46742.1807
1791276494,46738.7202
1791276496,46735.4066
1791276498,46734.9434
1791276500,46723.353
1791276502,46734.3712
1791276504,46729.883
1791276506,46728.6071
1791276508,46741.0017
1791276510,46737.0973
1791276512,46745.1973
1791276514,46737.4157
1791276516,46729.8448
1791276518,46726.738
1791276520,46733.6665
1791276522,46746.4795
1791276524,46755.6106
1791276526,46739.4061
1791276528,46739.8744
1791276530,46751.9566
1791276532,46748.7319
1791276534,46753.6459
1791276536,46749.4998
1791276538,46733.4842
1791276540,46737.2254
1791276542,46737.3413
1791276544,46739.9004
1791276546,46729.6265
1791276548,46719.6949
1791276550,46716.9636
1791276552,46709.6046
1791276554,46722.1995
1791276556,46725.4892
1791276558,46724.1776
1791276560,46726.5318
1791276562,46746.7832
1791276564,46743.1171
1791276566,46742.9215
1791276568,46734.0674
1791276570,46735.2453
1791276572,46747.0276
1791276574,46750.1048
1791276576,46738.6215
1791276578,46748.7462
1791276580,46746.8912
1791276582,46755.1489
1791276584,46753.3852
1791276586,46747.784
1791276588,46736.0988
1791276590,46727.826
1791276592,46737.5612
1791276594,46741.7933
1791276596,46748.3086
1791276598,46749.7294
1791276600,46754.9114
1791276602,46749.1061
1791276604,46748.652
1791276606,46754.6126
1791276608,46759.1344
1791276610,46760.412
1791276612,46769.4675
1791276614,46776.9548
1791276616,46765.145
1791276618,46761.8689
1791276620,46762.4621
1791276622,46768.6211
1791276624,46782.4302
1791276626,46803.2866
1791276628,46800.072
1791276630,46801.5553
1791276632,46805.2638
1791276634,46794.6151
1791276636,46780.7085
1791276638,46791.7931
1791276640,46779.2529
1791276642,46780.4207
1791276644,46769.2326
1791276646,46765.3916
1791276648,46761.3859
1791276650,46741.95
1791276652,46742.2863
1791276654,46741.6461
1791276656,46740.4693
1791276658,46748.2903
1791276660,46763.6748
1791276662,46744.3187
1791276664,46752.164
1791276666,46741.7848
1791276668,46736.231
1791276670,46758.8044
1791276672,46766.8183
1791276674,46761.5717
1791276676,46762.3026
1791276678,46762.068
1791276680,46770.534
1791276682,46772.7375
1791276684,46765.8348
1791276686,46755.1664
1791276688,46752.3395
1791276690,46763.2875
1791276692,46774.4362
1791276694,46765.506
1791276696,46771.3272
1791276698,46770.2814
1791276700,46765.797
1791276702,46768.7442
1791276704,46782.4854
1791276706,46776.2962
1791276708,46777.1373
1791276710,46779.6883
1791276712,46770.3056
1791276714,46781.425
1791276716,46790.9303
1791276718,46791.2696
1791276720,46806.2999
1791276722,46817.0291
1791276724,46805.8614
1791276726,46817.3959
1791276728,46813.8408
1791276730,46801.214
1791276732,46798.0691
1791276734,46801.9686
1791276736,46811.9719
1791276738,46800.5144
1791276740,46795.9706
1791276742,46804.4303
1791276744,46804.982
1791276746,46800.2054
1791276748,46814.0629
1791276750,46824.6347
1791276752,46810.2737
1791276754,46810.3873
1791276756,46811.2506
1791276758,46814.8964
1791276760,46821.7771
1791276762,46827.0549
1791276764,46821.4875
1791276766,46829.3358
1791276768,46820.7822
1791276770,46805.1954
1791276772,46799.4755
1791276774,46799.3569
1791276776,46772.1644
1791276778,46787.4986
1791276780,46778.7286
1791276782,46778.0893
1791276784,46770.6111
1791276786,46769.0944
1791276788,46780.7125
1791276790,46787.8014
1791276792,46806.6538
1791276794,46802.7572
1791276796,46808.9773
1791276798,46800.7883
1791276800,46801.7291
1791276802,46804.1453
1791276804,46815.1395
1791276806,46811.8479
1791276808,46810.1416
1791276810,46815.3876
1791276812,46817.2676
1791276814,46818.1556
1791276816,46794.7111
1791276818,46791.8059
1791276820,46793.2082
1791276822,46796.4803
1791276824,46798.3553
1791276826,46796.7939
1791276828,46804.2517
1791276830,46802.8234
1791276832,46808.7491
1791276834,46812.3724
1791276836,46813.3812
1791276838,46797.4826
1791276840,46790.0439
1791276842,46784.3485
1791276844,46772.3224
1791276846,46768.7925
1791276848,46762.4687
1791276850,46762.2145
1791276852,46772.9426
1791276854,46774.5479
1791276856,46772.5309
1791276858,46775.8432
1791276860,46782.4255
1791276862,46793.6556
1791276864,46802.7944
1791276866,46804.0997
1791276868,46812.8404
1791276870,46808.1914
1791276872,46796.7509
1791276874,46786.5944
1791276876,46786.9276
1791276878,46774.5982
1791276880,46773.7662
1791276882,46793.25
1791276884,46788.4361
1791276886,46800.6698
1791276888,46794.0117
1791276890,46798.923
1791276892,46794.8883
1791276894,46789.4381
1791276896,46766.9137
1791276898,46772.8907
1791276900,46762.3048
1791276902,46755.2037
1791276904,46750.9682
1791276906,46742.9558
1791276908,46738.1282
1791276910,46726.285
1791276912,46729.6124
1791276914,46737.2041
1791276916,46730.6762
1791276918,46743.761
1791276920,46743.6645
1791276922,46745.9738
1791276924,46737.1945
1791276926,46730.1728
1791276928,46719.8569
1791276930,46712.273
1791276932,46708.4468
1791276934,46700.1314
1791276936,46700.6469
1791276938,46694.7616
1791276940,46700.3516
1791276942,46699.0692
1791276944,46690.5888
1791276946,46693.7606
1791276948,46710.752
1791276950,46714.1303
1791276952,46723.6753
1791276954,46729.9563
1791276956,46724.6488
1791276958,46718.4733
1791276960,46709.7531
1791276962,46702.4397
1791276964,46693.4546
1791276966,46695.6687
1791276968,46684.0012
1791276970,46705.341
1791276972,46710.7258
1791276974,46717.9825
1791276976,46722.2522
1791276978,46727.3307
1791276980,46732.2426
1791276982,46731.9476
1791276984,46733.8596
1791276986,46727.8786
1791276988,46720.779
1791276990,46729.2139
1791276992,46714.2548
1791276994,46696.47
1791276996,46690.3226
1791276998,46689.578
1791277000,46689.0499
1791277002,46682.7509
1791277004,46697.245
1791277006,46709.6151
1791277008,46715.9477
1791277010,46725.7663
1791277012,46712.3552
1791277014,46701.0789
1791277016,46687.508
1791277018,46691.7713
1791277020,46699.9935
1791277022,46703.5892
1791277024,46695.2659
1791277026,46702.9297
1791277028,46698.1815
1791277030,46700.1164
1791277032,46698.4139
1791277034,46716.5507
1791277036,46719.1383
1791277038,46728.2344
1791277040,46731.3516
1791277042,46731.0106
1791277044,46736.748
1791277046,46737.6027
1791277048,46744.0628
1791277050,46745.6091
1791277052,46765.1851
1791277054,46779.7455
1791277056,46777.5453
1791277058,46771.0307
1791277060,46779.8611
1791277062,46783.5087
1791277064,46786.2415
1791277066,46780.0563
1791277068,46772.423
1791277070,46760.2799
1791277072,46757.5171
1791277074,46764.0226
1791277076,46769.4961
1791277078,46763.0791
1791277080,46756.0761
1791277082,46763.9418
1791277084,46761.6746
1791277086,46749.6213
1791277088,46748.4668
1791277090,46756.0301
1791277092,46752.0249
1791277094,46755.3861
1791277096,46761.1349
1791277098,46759.3156
1791277100,46766.3075
1791277102,46771.4146
1791277104,46776.2294
1791277106,46758.7411
1791277108,46749.1066
1791277110,46756.3585
1791277112,46747.4467
1791277114,46729.7765
1791277116,46735.4044
1791277118,46716.8651
1791277120,46723.2339
1791277122,46716.6324
1791277124,46708.3418
1791277126,46697.1345
1791277128,46693.9651
1791277130,46695.9849
1791277132,46677.2475
1791277134,46667.1869
1791277136,46661.0937
1791277138,46667.2212
1791277140,46657.275
1791277142,46655.7122
1791277144,46644.7734
1791277146,46653.6856
1791277148,46673.1059
1791277150,46676.4057
1791277152,46666.3378
1791277154,46675.0699
1791277156,46672.8948
1791277158,46689.7872
1791277160,46696.8144
1791277162,46690.2992
1791277164,46695.8259
1791277166,46691.6188
1791277168,46693.109
1791277170,46693.836
1791277172,46684.1919
1791277174,46692.1972
1791277176,46698.9965
1791277178,46697.7859
1791277180,46716.4684
1791277182,46727.9802
1791277184,46728.0442
1791277186,46725.4499
1791277188,46726.9568
1791277190,46714.1827
1791277192,46710.9859
1791277194,46708.423
1791277196,46705.2768
1791277198,46690.8606
1791277200,46688.6586
1791277202,46695.16
1791277204,46682.1392
1791277206,46681.5667
1791277208,46681.3253
1791277210,46679.9892
1791277212,46685.6615
1791277214,46680.2023
1791277216,46676.5596
1791277218,46678.2915
1791277220,46676.7022
1791277222,46688.8264
1791277224,46671.8725
1791277226,46686.0046
1791277228,46697.5362
1791277230,46696.5946
1791277232,46687.7605
1791277234,46672.966
1791277236,46674.5349
1791277238,46668.4772
1791277240,46651.18
1791277242,46658.3603
1791277244,46660.136
1791277246,46661.4722
1791277248,46651.3468
1791277250,46654.174
1791277252,46654.648
1791277254,46656.6615
1791277256,46669.8905
1791277258,46663.6553
1791277260,46658.0021
1791277262,46663.9261
1791277264,46659.8759
1791277266,46649.0266
1791277268,46647.5708
1791277270,46656.8385
1791277272,46648.3086
1791277274,46645.5766
1791277276,46627.6403
1791277278,46619.2254
1791277280,46618.1107
1791277282,46617.6989
1791277284,46611.0076
1791277286,46612.5213
1791277288,46598.9996
1791277290,46594.5403
1791277292,46582.9842
1791277294,46586.6812
1791277296,46592.4703
1791277298,46593.7916
1791277300,46584.3041
1791277302,46577.5891
1791277304,46573.5434
1791277306,46566.7651
1791277308,46572.2611
1791277310,46578.0973
1791277312,46602.3519
1791277314,46593.2065
1791277316,46586.4583
1791277318,46588.4514
1791277320,46585.0505
1791277322,46589.7426
1791277324,46581.3848
1791277326,46590.2253
1791277328,46580.6067
1791277330,46585.1061
1791277332,46585.6475
1791277334,46587.3307
1791277336,46588.1736
1791277338,46586.6284
1791277340,46587.7232
1791277342,46583.6495
1791277344,46587.4969
1791277346,46612.7334
1791277348,46610.7256
1791277350,46603.718
1791277352,46603.665
1791277354,46592.6783
1791277356,46583.8538
1791277358,46579.8437
1791277360,46589.861
1791277362,46568.5254
1791277364,46576.8065
1791277366,46565.7213
1791277368,46567.3326
1791277370,46575.5867
1791277372,46582.1411
1791277374,46580.1093
1791277376,46570.9984
1791277378,46578.242
1791277380,46570.5449
1791277382,46563.7682
1791277384,46554.112
1791277386,46556.7746
1791277388,46565.5196
1791277390,46573.1577
1791277392,46570.6301
1791277394,46575.8195
1791277396,46556.9905
1791277398,46566.0181
1791277400,46557.3717
1791277402,46543.5544
1791277404,46536.5788
1791277406,46543.1596
1791277408,46547.9242
1791277410,46551.3882
1791277412,46568.6142
1791277414,46564.9398
1791277416,46570.2107
1791277418,46578.0337
1791277420,46583.1604
1791277422,46584.3341
1791277424,46580.1388
1791277426,46596.7495
1791277428,46604.732
1791277430,46604.4547
1791277432,46614.6982
1791277434,46617.853
1791277436,46626.8483
1791277438,46616.3356
1791277440,46616.6472
1791277442,46632.123
1791277444,46633.2307
1791277446,46637.5884
1791277448,46627.3335
1791277450,46643.973
1791277452,46636.2453
1791277454,46640.8834
1791277456,46645.1613
1791277458,46632.1635
1791277460,46633.6256
1791277462,46626.5245
1791277464,46627.3713
1791277466,46635.3271
1791277468,46632.8322
1791277470,46621.3643
1791277472,46632.536
1791277474,46619.264
1791277476,46630.0099
1791277478,46634.5743
1791277480,46640.0251
1791277482,46630.7328
1791277484,46625.0858
1791277486,46632.7036
1791277488,46629.1159
1791277490,46641.275
1791277492,46645.4809
1791277494,46630.9873
1791277496,46633.6438
1791277498,46620.8968
1791277500,46613.7825
1791277502,46634.004
1791277504,46618.4861
1791277506,46612.2289
1791277508,46612.2921
1791277510,46612.0806
1791277512,46592.1866
1791277514,46594.0419
1791277516,46590.5734
1791277518,46590.6525
1791277520,46601.5568
1791277522,46606.8315
1791277524,46590.7243
1791277526,46579.1867
1791277528,46582.7193
1791277530,46571.4733
1791277532,46582.0811
1791277534,46580.6195
1791277536,46565.5944
1791277538,46554.7953
1791277540,46544.1309
1791277542,46536.3491
1791277544,46542.9995
1791277546,46546.572
1791277548,46550.4283
1791277550,46548.1228
1791277552,46554.7512
1791277554,46554.7802
1791277556,46549.2466
1791277558,46546.4915
1791277560,46546.5887
1791277562,46561.9872
1791277564,46559.389
1791277566,46560.3172
1791277568,46551.6402
1791277570,46548.8463
1791277572,46549.7631
1791277574,46553.1472
1791277576,46555.9927
1791277578,46558.0637
1791277580,46559.6765
1791277582,46568.2894
1791277584,46569.3671
1791277586,46563.9935
1791277588,46567.3298
1791277590,46572.5616
1791277592,46579.1054
1791277594,46575.4394
1791277596,46589.4809
1791277598,46588.9007
1791277600,46602.0996
1791277602,46585.4674
1791277604,46579.7911
1791277606,46573.3078
1791277608,46570.7627
1791277610,46558.702
1791277612,46562.9316
1791277614,46549.2399
1791277616,46554.4334
1791277618,46539.1276
1791277620,46548.5705
1791277622,46541.7883
1791277624,46543.6858
1791277626,46546.277
1791277628,46536.2887
1791277630,46538.9212
1791277632,46544.4816
1791277634,46531.6067
1791277636,46534.9793
1791277638,46526.9436
1791277640,46527.9541
1791277642,46524.4811
1791277644,46523.1021
1791277646,46528.025
1791277648,46531.4647
1791277650,46537.4109
1791277652,46542.7093
1791277654,46557.0307
1791277656,46562.9387
1791277658,46549.7704
1791277660,46551.4038
1791277662,46565.4234
1791277664,46555.7135
1791277666,46560.3456
1791277668,46553.261
1791277670,46551.4387
1791277672,46550.8864
1791277674,46541.5725
1791277676,46538.6506
1791277678,46543.4158
1791277680,46543.0397
1791277682,46543.1238
1791277684,46543.9836
1791277686,46551.8442
1791277688,46561.0038
1791277690,46549.136
1791277692,46554.2866
1791277694,46547.824
1791277696,46541.3275
1791277698,46555.3907
1791277700,46557.7499
1791277702,46561.2887
1791277704,46563.3872
1791277706,46571.5733
1791277708,46576.5511
1791277710,46580.1137
1791277712,46574.9859
1791277714,46563.0003
1791277716,46557.8473
1791277718,46553.1908
1791277720,46537.664
1791277722,46534.9495
1791277724,46536.8023
1791277726,46537.1109
1791277728,46544.3005
1791277730,46542.1723
1791277732,46551.2825
1791277734,46553.4153
1791277736,46568.8137
1791277738,46559.0072
1791277740,46569.7808
1791277742,46577.6509
1791277744,46574.7592
1791277746,46564.0736
1791277748,46568.5898
1791277750,46566.2596
1791277752,46555.5313
1791277754,46547.2775
1791277756,46535.8383
1791277758,46528.7988
1791277760,46533.1244
1791277762,46536.014
1791277764,46536.0089
1791277766,46531.1003
1791277768,46538.2242
1791277770,46529.9549
1791277772,46532.8556
1791277774,46533.0034
1791277776,46533.6345
1791277778,46522.2642
1791277780,46510.5019
1791277782,46537.4316
1791277784,46534.1922
1791277786,46543.5114
1791277788,46530.5218
1791277790,46543.7406
1791277792,46530.386
1791277794,46533.2267
1791277796,46518.88
1791277798,46514.5233
1791277800,46512.7461
1791277802,46521.4384
1791277804,46512.3268
1791277806,46509.6273
1791277808,46501.9495
1791277810,46490.285
1791277812,46494.774
1791277814,46490.4292
1791277816,46482.528
1791277818,46500.9171
1791277820,46503.4559
1791277822,46504.5491
1791277824,46505.482
1791277826,46508.4078
1791277828,46508.6682
1791277830,46492.6169
1791277832,46506.9319
1791277834,46506.1133
1791277836,46503.2865
1791277838,46500.2884
1791277840,46506.1706
1791277842,46503.7594
1791277844,46491.536
1791277846,46501.0629
1791277848,46490.5803
1791277850,46498.5056
1791277852,46518.5821
1791277854,46515.7824
1791277856,46508.4477
1791277858,46523.7234
1791277860,46517.4199
1791277862,46523.3113
1791277864,46512.5118
1791277866,46502.4671
1791277868,46500.9705
1791277870,46492.7402
1791277872,46472.0249
1791277874,46472.607
1791277876,46470.6473
1791277878,46469.3512
1791277880,46470.1665
1791277882,46475.7319
1791277884,46488.3861
1791277886,46487.2966
1791277888,46482.8523
1791277890,46479.1215
1791277892,46479.5933
1791277894,46480.4598
1791277896,46487.4565
1791277898,46471.5407
1791277900,46463.9204
1791277902,46449.8852
1791277904,46451.4347
1791277906,46436.4138
1791277908,46443.318
1791277910,46456.2324
1791277912,46456.3808
1791277914,46448.8494
1791277916,46437.1114
1791277918,46428.7682
1791277920,46421.499
1791277922,46417.2292
1791277924,46418.4465
1791277926,46411.7365
1791277928,46403.1704
1791277930,46404.3368
1791277932,46392.583
1791277934,46386.9809
1791277936,46380.4314
1791277938,46388.1374
1791277940,46379.7368
1791277942,46376.0353
1791277944,46377.0001
1791277946,46377.0284
1791277948,46382.3589
1791277950,46376.2722
1791277952,46380.1411
1791277954,46379.906
1791277956,46385.4807
1791277958,46398.0398
1791277960,46381.8717
1791277962,46402.102
1791277964,46417.4861
1791277966,46415.0428
1791277968,46406.4531
1791277970,46396.5975
1791277972,46406.9548
1791277974,46411.7879
1791277976,46417.3343
1791277978,46404.081
1791277980,46400.7167
1791277982,46405.6338
1791277984,46403.1592
1791277986,46388.1562
1791277988,46386.659
1791277990,46393.5348
1791277992,46394.7269
1791277994,46402.8064
1791277996,46402.0968
1791277998,46401.6448
1791278000,46397.6822
1791278002,46385.1666
1791278004,46361.9898
1791278006,46354.9324
1791278008,46361.4367
1791278010,46357.5261
1791278012,46358.1901
1791278014,46368.4943
1791278016,46363.7773
1791278018,46368.1607
1791278020,46378.824
1791278022,46375.0993
1791278024,46365.0666
1791278026,46366.4144
1791278028,46364.9699
1791278030,46371.7603
1791278032,46354.0711
1791278034,46358.5623
1791278036,46362.5624
1791278038,46363.2239
1791278040,46346.8786
1791278042,46356.9176
1791278044,46361.4836
1791278046,46362.4245
1791278048,46366.1418
1791278050,46364.5694
1791278052,46374.6857
1791278054,46369.4358
1791278056,46375.9476
1791278058,46381.0424
1791278060,46399.5465
1791278062,46402.3727
1791278064,46396.1947
1791278066,46390.2213
1791278068,46381.216
1791278070,46382.9812
1791278072,46396.9228
1791278074,46396.0848
1791278076,46382.3211
1791278078,46400.4657
1791278080,46400.6036
1791278082,46398.6584
1791278084,46414.4289
1791278086,46413.9908
1791278088,46419.9786
1791278090,46423.4937
1791278092,46430.0104
1791278094,46435.239
1791278096,46428.093
1791278098,46418.3131
1791278100,46420.648
1791278102,46418.5823
1791278104,46410.0941
1791278106,46431.7015
1791278108,46440.605
1791278110,46428.5324
1791278112,46433.5173
1791278114,46441.0479
1791278116,46446.0283
1791278118,46459.6391
1791278120,46448.8963
1791278122,46458.1597
1791278124,46457.0742
1791278126,46466.4816
1791278128,46471.1584
1791278130,46479.4245
1791278132,46468.2327
1791278134,46461.4454
1791278136,46470.3104
1791278138,46466.5293
1791278140,46473.7812
1791278142,46477.2314
1791278144,46480.3188
1791278146,46464.8103
1791278148,46467.375
1791278150,46464.7597
1791278152,46464.8277
1791278154,46463.6474
1791278156,46486.5325
1791278158,46508.9249
1791278160,46505.661
1791278162,46497.2437
1791278164,46504.5742
1791278166,46502.1578
1791278168,46495.7134
1791278170,46504.6164
1791278172,46515.7018
1791278174,46523.6532
1791278176,46510.7096
1791278178,46510.2194
1791278180,46518.1418
1791278182,46508.0246
1791278184,46526.0203
1791278186,46537.6596
1791278188,46533.3747
1791278190,46535.6691
1791278192,46541.1446
1791278194,46536.0018
1791278196,46529.1197
1791278198,46539.3344
1791278200,46528.252
1791278202,46534.1431
1791278204,46528.0033
1791278206,46539.636
1791278208,46539.4592
1791278210,46541.3312
1791278212,46559.4454
1791278214,46539.5178
1791278216,46553.6583
1791278218,46557.6437
1791278220,46559.3888
1791278222,46566.5521
1791278224,46558.0423
1791278226,46552.279
1791278228,46555.8046
1791278230,46554.0434
1791278232,46544.8533
1791278234,46540.0621
1791278236,46531.8723
1791278238,46539.2973
1791278240,46539.2411
1791278242,46534.6744
1791278244,46515.8267
1791278246,46497.2766
1791278248,46500.4481
1791278250,46504.7422
1791278252,46510.0456
1791278254,46509.181
1791278256,46508.0367
1791278258,46516.5005
1791278260,46510.3019
1791278262,46517.3641
1791278264,46516.5823
1791278266,46506.369
1791278268,46526.5966
1791278270,46538.1611
1791278272,46537.2689
1791278274,46540.2542
1791278276,46547.5474
1791278278,46563.2641
1791278280,46568.8026
1791278282,46591.1566
1791278284,46588.9664
1791278286,46588.5168
1791278288,46586.1025
1791278290,46589.5171
1791278292,46595.3076
1791278294,46582.8538
1791278296,46573.5626
1791278298,46583.4729
1791278300,46578.0284
1791278302,46569.1689
1791278304,46565.2295
1791278306,46556.5623
1791278308,46558.5154
1791278310,46554.3191
1791278312,46564.0608
1791278314,46573.6812
1791278316,46579.5732
1791278318,46570.2916
1791278320,46566.0336
1791278322,46551.2481
1791278324,46556.9677
1791278326,46549.1524
1791278328,46557.1558
1791278330,46566.7989
1791278332,46581.2749
1791278334,46582.5311
1791278336,46569.5297
1791278338,46566.8929
1791278340,46554.9743
1791278342,46542.2647
1791278344,46533.4015
1791278346,46537.6179
1791278348,46535.6152
1791278350,46540.0194
1791278352,46531.9736
1791278354,46532.7047
1791278356,46536.6878
1791278358,46541.1468
1791278360,46535.1777
1791278362,46527.9009
1791278364,46530.6694
1791278366,46546.7193
1791278368,46549.6782
1791278370,46540.1221
1791278372,46538.4893
1791278374,46546.8842
1791278376,46552.1543
1791278378,46539.6297
1791278380,46547.845
1791278382,46554.9938
1791278384,46556.0255
1791278386,46550.643
1791278388,46556.1858
1791278390,46545.4177
1791278392,46547.1053
1791278394,46541.5391
1791278396,46536.7505
1791278398,46532.6477
1791278400,46531.0224
1791278402,46527.9578
1791278404,46533.2266
1791278406,46528.2294
1791278408,46540.608
1791278410,46527.207
1791278412,46520.4467
1791278414,46518.7943
1791278416,46524.832
1791278418,46544.886
1791278420,46558.4524
1791278422,46569.0599
1791278424,46561.2764
1791278426,46558.5726
1791278428,46547.5081
1791278430,46572.7858
1791278432,46575.9724
1791278434,46570.7301
1791278436,46573.8005
1791278438,46566.7444
1791278440,46563.6743
1791278442,46552.2112
1791278444,46558.0087
1791278446,46574.1512
1791278448,46577.1446
1791278450,46586.9857
1791278452,46578.7918
1791278454,46581.0037
1791278456,46572.3668
1791278458,46568.4258
1791278460,46576.395
1791278462,46569.45
1791278464,46577.2584
1791278466,46575.7883
1791278468,46580.0523
1791278470,46578.8205
1791278472,46586.1079
1791278474,46577.6556
1791278476,46582.7597
1791278478,46575.2722
1791278480,46559.8381
1791278482,46578.6423
1791278484,46566.7334
1791278486,46573.0801
1791278488,46564.1673
1791278490,46548.4117
1791278492,46540.8175
1791278494,46532.2184
1791278496,46544.7248
1791278498,46542.6196
1791278500,46534.7259
1791278502,46528.7549
1791278504,46541.0523
1791278506,46520.3641
1791278508,46504.253
1791278510,46485.836
1791278512,46484.6462
1791278514,46483.0138
1791278516,46492.1296
1791278518,46484.6855
1791278520,46490.9599
1791278522,46497.2322
1791278524,46503.7091
1791278526,46505.9634
1791278528,46506.8984
1791278530,46505.7818
1791278532,46501.1441
1791278534,46505.099
1791278536,46488.0918
1791278538,46497.7531
1791278540,46511.7366
1791278542,46511.8777
1791278544,46508.1899
1791278546,46500.7429
1791278548,46508.4016
1791278550,46513.7272
1791278552,46514.7807
1791278554,46523.3331
1791278556,46532.8729
1791278558,46527.5977
1791278560,46504.5814
1791278562,46504.0997
1791278564,46490.7863
1791278566,46500.0461
1791278568,46503.8458
1791278570,46507.4646
1791278572,46505.9946
1791278574,46498.519
1791278576,46503.9582
1791278578,46503.3702
1791278580,46512.7049
1791278582,46512.5459
1791278584,46516.435
1791278586,46504.4101
1791278588,46515.2569
1791278590,46509.5818
1791278592,46505.6306
1791278594,46503.4137
1791278596,46507.7527
1791278598,46498.0023
1791278600,46504.5858
1791278602,46509.744
1791278604,46496.4137
1791278606,46505.9564
1791278608,46507.2824
1791278610,46531.4029
1791278612,46544.9508
1791278614,46551.039
1791278616,46549.9626
1791278618,46536.6675
1791278620,46553.9436
1791278622,46561.5595
1791278624,46566.6005
1791278626,46565.4214
1791278628,46576.8853
1791278630,46588.1469
1791278632,46601.1976
1791278634,46613.4122
1791278636,46612.3541
1791278638,46608.335
1791278640,46618.2871
1791278642,46631.5842
1791278644,46635.4637
1791278646,46616.1797
1791278648,46595.32
1791278650,46609.4068
1791278652,46608.3746
1791278654,46604.3925
1791278656,46599.115
1791278658,46613.9747
1791278660,46630.1863
1791278662,46620.9662
1791278664,46607.0025
1791278666,46609.158
1791278668,46611.4881
1791278670,46613.0693
1791278672,46608.4433
1791278674,46613.9941
1791278676,46617.9876
1791278678,46626.251
1791278680,46627.6516
1791278682,46636.4675
1791278684,46638.8137
1791278686,46636.4275
1791278688,46624.2992
1791278690,46632.3982
1791278692,46624.836
1791278694,46631.0496
1791278696,46633.5525
1791278698,46648.67
1791278700,46637.2653
1791278702,46631.7566
1791278704,46631.6608
1791278706,46630.4632
1791278708,46639.3288
1791278710,46629.6258
1791278712,46637.038
1791278714,46629.9546
1791278716,46624.2146
1791278718,46608.2091
1791278720,46616.4995
1791278722,46619.1406
1791278724,46615.5369
1791278726,46614.738
1791278728,46642.4085
1791278730,46636.6384
1791278732,46648.9032
1791278734,46641.284
1791278736,46644.7919
1791278738,46656.9417
1791278740,46673.6571
1791278742,46670.7971
1791278744,46681.3669
1791278746,46669.885
1791278748,46672.7896
1791278750,46679.5387
1791278752,46667.0883
1791278754,46661.4702
1791278756,46660.3384
1791278758,46662.842
1791278760,46672.4781
1791278762,46674.6028
1791278764,46672.8005
1791278766,46674.6494
1791278768,46681.1813
1791278770,46673.3418
1791278772,46667.0932
1791278774,46668.6077
1791278776,46662.5491
1791278778,46677.8477
1791278780,46666.1416
1791278782,46657.4729
1791278784,46669.5039
1791278786,46662.2053
1791278788,46663.9708
1791278790,46663.5563
1791278792,46663.8042
1791278794,46665.3249
1791278796,46670.07
1791278798,46669.2654
1791278800,46669.9338
1791278802,46668.3902
1791278804,46673.0296
1791278806,46669.5535
1791278808,46676.6669
1791278810,46679.8081
1791278812,46673.6385
1791278814,46678.9442
1791278816,46674.0817
1791278818,46670.6168
1791278820,46669.3839
1791278822,46662.7934
1791278824,46656.8611
1791278826,46655.3486
1791278828,46664.9007
1791278830,46676.6712
1791278832,46671.4466
1791278834,46661.2919
1791278836,46676.8506
1791278838,46679.9185
1791278840,46702.5746
1791278842,46695.4089
1791278844,46697.6345
1791278846,46685.6102
1791278848,46688.464
1791278850,46692.0159
1791278852,46690.7263
1791278854,46693.0058
1791278856,46682.5266
1791278858,46692.3385
1791278860,46684.9445
1791278862,46679.3498
1791278864,46684.2741
1791278866,46678.9764
1791278868,46680.672
1791278870,46695.9926
1791278872,46687.3861
1791278874,46675.5233
1791278876,46700.9745
1791278878,46703.9551
1791278880,46705.3499
1791278882,46715.5698
1791278884,46708.486
1791278886,46702.8577
1791278888,46713.6952
1791278890,46721.987
1791278892,46704.4238
1791278894,46710.9005
1791278896,46704.285
1791278898,46713.3777
1791278900,46714.301
1791278902,46732.1432
1791278904,46737.2133
1791278906,46740.3071
1791278908,46730.8955
1791278910,46734.2363
1791278912,46722.4152
1791278914,46714.1721
1791278916,46713.7113
1791278918,46725.3898
1791278920,46732.1671
1791278922,46729.3774
1791278924,46725.2356
1791278926,46725.9392
1791278928,46730.6334
1791278930,46713.7143
1791278932,46716.5013
1791278934,46710.2178
1791278936,46721.4555
1791278938,46707.1679
1791278940,46701.1719
1791278942,46696.6743
1791278944,46693.1154
1791278946,46683.9305
1791278948,46673.6407
1791278950,46660.7834
1791278952,46665.5548
1791278954,46673.071
1791278956,46684.4269
1791278958,46698.3452
1791278960,46702.6113
1791278962,46725.279
1791278964,46730.9109
1791278966,46725.9502
1791278968,46735.3696
1791278970,46725.5615
1791278972,46728.9062
1791278974,46737.0118
1791278976,46744.646
1791278978,46745.5198
1791278980,46751.248
1791278982,46751.7017
1791278984,46750.8388
1791278986,46767.5211
1791278988,46769.973
1791278990,46764.4781
1791278992,46764.2196
1791278994,46763.9073
1791278996,46763.9946
1791278998,46770.8754
1791279000,46771.8713
1791279002,46766.6961
1791279004,46772.8717
1791279006,46778.7061
1791279008,46772.5356
1791279010,46772.6577
1791279012,46759.7071
1791279014,46738.686
1791279016,46734.8405
1791279018,46740.3211
1791279020,46750.0481
1791279022,46758.6806
1791279024,46769.7372
1791279026,46775.5427
1791279028,46777.9843
1791279030,46780.2107
1791279032,46789.9415
1791279034,46797.5652
1791279036,46799.7655
1791279038,46797.8921
1791279040,46805.0511
1791279042,46804.5616
1791279044,46799.9193
1791279046,46806.4785
1791279048,46807.0543
1791279050,46811.0898
1791279052,46819.3714
1791279054,46810.9771
1791279056,46808.9243
1791279058,46804.2457
1791279060,46807.9513
1791279062,46808.9742
1791279064,46803.8206
1791279066,46793.037
1791279068,46800.0618
1791279070,46801.8973
1791279072,46802.0959
1791279074,46803.8236
1791279076,46826.6358
1791279078,46828.6937
1791279080,46834.8795
1791279082,46838.2322
1791279084,46834.8713
1791279086,46843.9375
1791279088,46847.2634
1791279090,46856.2829
1791279092,46854.1616
1791279094,46843.7217
1791279096,46850.5752
1791279098,46844.6741
1791279100,46870.893
1791279102,46869.321
1791279104,46877.0287
1791279106,46861.0906
1791279108,46862.4599
1791279110,46859.4201
1791279112,46862.1274
1791279114,46863.7041
1791279116,46859.6616
1791279118,46861.3296
1791279120,46861.5918
1791279122,46864.1777
1791279124,46865.1556
1791279126,46842.1318
1791279128,46847.1465
1791279130,46859.0034
1791279132,46849.1343
1791279134,46840.3286
1791279136,46843.6851
1791279138,46821.7723
1791279140,46825.771
1791279142,46831.5535
1791279144,46834.3631
1791279146,46839.0828
1791279148,46834.1661
1791279150,46832.9765
1791279152,46835.5455
1791279154,46829.2947
1791279156,46827.6836
1791279158,46831.8729
1791279160,46826.1402
1791279162,46819.457
1791279164,46821.1618
1791279166,46822.0327
1791279168,46823.446
1791279170,46834.8967
1791279172,46834.7617
1791279174,46833.7746
1791279176,46853.8459
1791279178,46847.4608
1791279180,46847.6908
1791279182,46842.0665
1791279184,46844.261
1791279186,46856.7103
1791279188,46860.6935
1791279190,46870.0061
1791279192,46868.6721
1791279194,46856.3217
1791279196,46864.9387
1791279198,46875.1381
1791279200,46868.3265
1791279202,46865.7108
1791279204,46863.109
1791279206,46859.0928
1791279208,46863.2799
1791279210,46872.1556
1791279212,46877.9274
1791279214,46885.8017
1791279216,46874.1059
1791279218,46882.9897
1791279220,46880.2409
1791279222,46882.8114
1791279224,46880.9866
1791279226,46873.9205
1791279228,46870.3522
1791279230,46861.8024
1791279232,46870.3858
1791279234,46850.2547
1791279236,46851.8258
1791279238,46860.0079
1791279240,46860.8182
1791279242,46872.2625
1791279244,46878.3797
1791279246,46873.4841
1791279248,46873.3952
1791279250,46884.4899
1791279252,46873.9985
1791279254,46884.3543
1791279256,46888.0393
1791279258,46897.1096
1791279260,46893.7153
1791279262,46896.7986
1791279264,46903.0983
1791279266,46905.4935
1791279268,46911.2586
1791279270,46909.4834
1791279272,46897.0914
1791279274,46896.795
1791279276,46890.2261
1791279278,46907.0795
1791279280,46901.6036
1791279282,46905.4126
1791279284,46919.7439
1791279286,46923.0987
1791279288,46924.1398
1791279290,46919.5656
1791279292,46931.4668
1791279294,46927.2535
1791279296,46926.3853
1791279298,46932.2387
1791279300,46934.0921
1791279302,46930.9398
1791279304,46940.3999
1791279306,46943.9329
1791279308,46956.7515
1791279310,46966.5893
1791279312,46963.8902
1791279314,46976.0588
1791279316,46986.8154
1791279318,46993.0078
1791279320,46997.2321
1791279322,47001.4495
1791279324,47000.7387
1791279326,47005.2042
1791279328,47013.3516
1791279330,47010.161
1791279332,47017.7137
1791279334,47016.3918
1791279336,47016.1475
1791279338,47030.4482
1791279340,47043.0645
1791279342,47050.7203
1791279344,47056.8854
1791279346,47044.8589
1791279348,47054.9274
1791279350,47041.6353
1791279352,47032.1219
1791279354,47038.2229
1791279356,47028.0698
1791279358,47028.3023
1791279360,47037.9777
1791279362,47038.8812
1791279364,47044.3144
1791279366,47047.5498
1791279368,47047.4822
1791279370,47057.7573
1791279372,47068.5251
1791279374,47072.1534
1791279376,47081.4627
1791279378,47078.2233
1791279380,47074.4964
1791279382,47070.3421
1791279384,47073.5355
1791279386,47058.8589
1791279388,47061.6137
1791279390,47052.8467
1791279392,47053.3681
1791279394,47053.0717
1791279396,47039.7018
1791279398,47028.5928
1791279400,47023.9179
1791279402,47027.7284
1791279404,47019.3068
1791279406,47008.9266
1791279408,47006.3844
1791279410,47012.1717
1791279412,47034.2772
1791279414,47031.7333
1791279416,47035.9027
1791279418,47021.4312
1791279420,47020.5129
1791279422,47015.7536
1791279424,47009.6537
1791279426,46992.9609
1791279428,46999.0677
1791279430,46995.4058
1791279432,46993.8598
1791279434,46994.8253
1791279436,47004.7141
1791279438,46991.3418
1791279440,46988.7454
1791279442,46989.2573
1791279444,47002.774
1791279446,46998.6791
1791279448,47006.6821
1791279450,47035.0402
1791279452,47043.7727
1791279454,47051.8182
1791279456,47048.5192
1791279458,47065.1076
1791279460,47066.014
1791279462,47054.3401
1791279464,47055.7679
1791279466,47055.9196
1791279468,47069.6526
1791279470,47071.1842
1791279472,47073.2026
1791279474,47076.3489
1791279476,47073.5783
1791279478,47072.7167
1791279480,47064.7518
1791279482,47067.6164
1791279484,47065.1166
1791279486,47070.5538
1791279488,47068.9588
1791279490,47052.5855
1791279492,47063.9701
1791279494,47045.7375
1791279496,47050.0468
1791279498,47052.6964
1791279500,47048.9427
1791279502,47044.3919
1791279504,47043.0118
1791279506,47037.9123
1791279508,47032.5952
1791279510,47042.9343
1791279512,47041.4293
1791279514,47046.852
1791279516,47035.2689
1791279518,47038.6404
1791279520,47029.4874
1791279522,47039.126
1791279524,47040.2952
1791279526,47043.6576
1791279528,47044.5967
1791279530,47054.9226
1791279532,47067.8585
1791279534,47068.9275
1791279536,47072.6121
1791279538,47071.1239
1791279540,47068.6961
1791279542,47064.7073
1791279544,47074.9268
1791279546,47070.6507
1791279548,47055.2307
1791279550,47056.587
1791279552,47058.3833
1791279554,47058.7484
1791279556,47049.332
1791279558,47070.745
1791279560,47071.0761
1791279562,47077.8695
1791279564,47066.5272
1791279566,47070.8995
1791279568,47082.9421
1791279570,47095.6834
1791279572,47109.6623
1791279574,47125.7245
1791279576,47123.6507
1791279578,47123.4514
1791279580,47124.714
1791279582,47126.2064
1791279584,47140.1315
1791279586,47138.3873
1791279588,47131.3767
1791279590,47129.6176
1791279592,47138.951
1791279594,47151.662
1791279596,47158.2291
1791279598,47169.3451
1791279600,47168.8282
1791279602,47168.7176
1791279604,47160.1369
1791279606,47162.6113
1791279608,47158.1645
1791279610,47157.302
1791279612,47156.0313
1791279614,47155.0403
1791279616,47152.0883
1791279618,47148.3254
1791279620,47155.8764
1791279622,47159.0437
1791279624,47159.0851
1791279626,47168.0189
1791279628,47168.3817
1791279630,47164.1439
1791279632,47165.2987
1791279634,47177.4322
1791279636,47179.4213
1791279638,47177.3988
1791279640,47183.544
1791279642,47169.2663
1791279644,47146.5355
1791279646,47137.1993
1791279648,47152.4762
1791279650,47150.0491
1791279652,47170.8838
1791279654,47173.2874
1791279656,47174.6742
1791279658,47176.965
1791279660,47172.2965
1791279662,47171.7832
1791279664,47170.2631
1791279666,47169.6028
1791279668,47178.8338
1791279670,47170.5969
1791279672,47164.4566
1791279674,47167.7898
1791279676,47163.7137
1791279678,47160.7797
1791279680,47169.4362
1791279682,47180.1562
1791279684,47170.8302
1791279686,47167.2526
1791279688,47154.5458
1791279690,47156.9608
1791279692,47144.554
1791279694,47145.3614
1791279696,47144.6312
1791279698,47143.2843
1791279700,47143.1255
1791279702,47134.2038
1791279704,47136.7126
1791279706,47134.6316
1791279708,47133.4587
1791279710,47148.2554
1791279712,47139.5419
1791279714,47151.5349
1791279716,47153.1117
1791279718,47152.9036
1791279720,47148.1143
1791279722,47161.1121
1791279724,47163.064
1791279726,47176.2944
1791279728,47182.47
1791279730,47190.835
1791279732,47199.9511
1791279734,47207.7495
1791279736,47209.3972
1791279738,47204.827
1791279740,47198.6871
1791279742,47200.9965
1791279744,47197.6278
1791279746,47195.8892
1791279748,47208.5866
1791279750,47204.1924
1791279752,47211.9885
1791279754,47211.3082
1791279756,47219.1433
1791279758,47197.6656
1791279760,47191.0869
1791279762,47191.1496
1791279764,47194.2273
1791279766,47187.2288
1791279768,47194.4714
1791279770,47179.5272
1791279772,47188.5041
1791279774,47192.1408
1791279776,47195.9618
1791279778,47209.7617
1791279780,47198.1538
1791279782,47210.9458
1791279784,47216.3414
1791279786,47219.2796
1791279788,47208.7365
1791279790,47209.2232
1791279792,47219.7336
1791279794,47201.1733
1791279796,47198.9761
1791279798,47207.993
1791279800,47215.7955
1791279802,47214.9348
1791279804,47217.3711
1791279806,47213.9866
1791279808,47220.3672
1791279810,47217.1385
1791279812,47205.9632
1791279814,47212.5092
1791279816,47213.8791
1791279818,47229.1383
1791279820,47222.0466
1791279822,47226.551
1791279824,47225.7015
1791279826,47230.95
1791279828,47237.8822
1791279830,47241.2704
1791279832,47241.5425
1791279834,47252.5667
1791279836,47251.0204
1791279838,47260.757
1791279840,47260.3121
1791279842,47229.0015
1791279844,47224.0716
1791279846,47223.6854
1791279848,47210.5106
1791279850,47200.8735
1791279852,47207.1217
1791279854,47223.9311
1791279856,47214.9193
1791279858,47206.919
1791279860,47194.8766
1791279862,47203.2929
1791279864,47195.3177
1791279866,47197.2227
1791279868,47186.433
1791279870,47195.8914
1791279872,47206.4634
1791279874,47212.2086
1791279876,47193.5264
1791279878,47182.0569
1791279880,47169.3789
1791279882,47173.386
1791279884,47169.0646
1791279886,47172.7298
1791279888,47174.4643
1791279890,47188.4693
1791279892,47168.4813
1791279894,47162.9981
1791279896,47167.5725
1791279898,47175.1091
1791279900,47174.2423
1791279902,47169.738
1791279904,47162.424
1791279906,47145.8056
1791279908,47163.7835
1791279910,47159.9223
1791279912,47162.7404
1791279914,47167.2286
1791279916,47170.3616
1791279918,47170.3125
1791279920,47170.9356
1791279922,47170.2559
1791279924,47172.6648
1791279926,47161.8606
1791279928,47160.6034
1791279930,47158.011
1791279932,47150.2974
1791279934,47153.3808
1791279936,47148.4967
1791279938,47141.9858
1791279940,47161.3465
1791279942,47157.5973
1791279944,47158.5424
1791279946,47162.7986
1791279948,47156.2497
1791279950,47155.3248
1791279952,47146.1045
1791279954,47150.5127
1791279956,47147.858
1791279958,47152.3962
1791279960,47146.5757
1791279962,47147.8553
1791279964,47157.9926
1791279966,47167.6254
1791279968,47171.7584
1791279970,47173.1868
1791279972,47179.4279
1791279974,47169.1942
1791279976,47164.7801
1791279978,47162.1307
1791279980,47162.6401
1791279982,47154.5884
1791279984,47147.9557
1791279986,47149.6811
1791279988,47157.0527
1791279990,47157.6098
1791279992,47161.1604
1791279994,47143.291
1791279996,47131.8612
1791279998,47117.5693
1791280000,47117.4291
1791280002,47121.1791
1791280004,47115.4711
1791280006,47113.8566
1791280008,47103.2793
1791280010,47129.9664
1791280012,47138.6704
1791280014,47138.3978
1791280016,47135.4615
1791280018,47124.4919
1791280020,47116.8951
1791280022,47121.4744
1791280024,47131.2684
1791280026,47130.3015
1791280028,47126.5323
1791280030,47124.824
1791280032,47128.6906
1791280034,47131.6989
1791280036,47133.905
1791280038,47134.1644
1791280040,47142.0864
1791280042,47139.5651
1791280044,47138.1003
1791280046,47136.1218
1791280048,47147.4931
1791280050,47159.4014
1791280052,47176.9935
1791280054,47196.449
1791280056,47199.3891
1791280058,47205.9543
1791280060,47201.0715
1791280062,47201.1259
1791280064,47198.7105
1791280066,47203.3121
1791280068,47201.5887
1791280070,47200.2797
1791280072,47203.4952
1791280074,47201.0192
1791280076,47205.2227
1791280078,47199.266
1791280080,47194.8494
1791280082,47194.9752
1791280084,47179.871
1791280086,47187.3143
1791280088,47178.133
1791280090,47182.3136
1791280092,47191.1351
1791280094,47189.5274
1791280096,47207.2083
1791280098,47215.3917
1791280100,47217.8136
1791280102,47210.0247
1791280104,47197.0815
1791280106,47194.8793
1791280108,47199.1004
1791280110,47202.1107
1791280112,47212.4326
1791280114,47216.9204
1791280116,47222.4893
1791280118,47214.0578
1791280120,47197.7359
1791280122,47205.3961
1791280124,47207.4261
1791280126,47214.5524
1791280128,47214.1207
1791280130,47204.0999
1791280132,47184.4398
1791280134,47184.0256
1791280136,47191.1884
1791280138,47210.0117
1791280140,47205.3317
1791280142,47208.3953
1791280144,47205.5736
1791280146,47201.977
1791280148,47189.4838
1791280150,47185.6303
1791280152,47193.8117
1791280154,47184.9939
1791280156,47189.8928
1791280158,47194.0629
1791280160,47184.3391
1791280162,47179.8644
1791280164,47187.9625
1791280166,47187.623
1791280168,47188.2029
1791280170,47202.1055
1791280172,47212.5918
1791280174,47209.5563
1791280176,47210.5729
1791280178,47220.02
1791280180,47229.472
1791280182,47232.0545
1791280184,47232.1716
1791280186,47234.4137
1791280188,47235.1979
1791280190,47240.3425
1791280192,47241.3723
1791280194,47239.3022
1791280196,47253.0972
1791280198,47256.4552
1791280200,47266.3697
1791280202,47271.1576
1791280204,47275.766
1791280206,47275.1667
1791280208,47288.8849
1791280210,47292.9115
1791280212,47294.5107
1791280214,47288.4227
1791280216,47276.3654
1791280218,47276.3922
1791280220,47283.2622
1791280222,47281.258
1791280224,47273.759
1791280226,47273.3887
1791280228,47280.3957
1791280230,47281.5092
1791280232,47280.7568
1791280234,47278.6055
1791280236,47287.0835
1791280238,47291.015
1791280240,47298.6465
1791280242,47294.0904
1791280244,47293.3457
1791280246,47287.701
1791280248,47285.605
1791280250,47285.836
1791280252,47293.5981
1791280254,47300.1011
1791280256,47294.9567
1791280258,47277.2071
1791280260,47261.1604
1791280262,47271.8129
1791280264,47275.8161
1791280266,47293.1784
1791280268,47300.0151
1791280270,47290.8659
1791280272,47271.8235
1791280274,47282.7181
1791280276,47265.7553
1791280278,47274.465
1791280280,47287.728
1791280282,47295.9183
1791280284,47293.8408
1791280286,47308.9696
1791280288,47301.2507
1791280290,47299.391
1791280292,47315.2393
1791280294,47317.04
1791280296,47316.8482
1791280298,47317.4713
1791280300,47317.8879
1791280302,47306.6521
1791280304,47310.0015
1791280306,47308.7225
1791280308,47313.869
1791280310,47307.6733
1791280312,47317.1893
1791280314,47314.4775
1791280316,47313.2937
1791280318,47312.6382
1791280320,47319.6669
1791280322,47313.5216
1791280324,47315.2266
1791280326,47304.2988
1791280328,47309.7348
1791280330,47303.7985
1791280332,47307.7278
1791280334,47314.6075
1791280336,47303.1671
1791280338,47306.656
1791280340,47322.538
1791280342,47328.2746
1791280344,47340.1038
1791280346,47339.5468
1791280348,47330.3777
1791280350,47335.55
1791280352,47332.657
1791280354,47334.5544
1791280356,47331.4845
1791280358,47331.7887
1791280360,47336.448
1791280362,47345.1683
1791280364,47348.3493
1791280366,47338.7757
1791280368,47330.0149
1791280370,47323.3371
1791280372,47325.1502
1791280374,47335.2882
1791280376,47348.4353
1791280378,47342.4613
1791280380,47342.5502
1791280382,47342.7903
1791280384,47363.3813
1791280386,47351.4957
1791280388,47350.5846
1791280390,47353.8883
1791280392,47366.5128
1791280394,47378.0124
1791280396,47399.8066
1791280398,47392.9349
1791280400,47401.217
1791280402,47397.5633
1791280404,47390.5323
1791280406,47394.0888
1791280408,47397.6843
1791280410,47392.8886
1791280412,47390.7443
1791280414,47383.5847
1791280416,47374.5502
1791280418,47375.5445
1791280420,47394.3839
1791280422,47396.2421
1791280424,47389.1457
1791280426,47385.8089
1791280428,47388.5914
1791280430,47392.8918
1791280432,47410.41
1791280434,47424.1753
1791280436,47426.4869
1791280438,47427.5927
1791280440,47429.9354
1791280442,47427.3747
1791280444,47427.3912
1791280446,47439.4505
1791280448,47444.7775
1791280450,47443.5084
1791280452,47459.9028
1791280454,47459.8443
1791280456,47469.0719
1791280458,47460.3679
1791280460,47473.6527
1791280462,47475.7029
1791280464,47465.2639
1791280466,47453.3481
1791280468,47448.3411
1791280470,47437.3332
1791280472,47440.2678
1791280474,47444.3821
1791280476,47433.9988
1791280478,47441.4815
1791280480,47448.1933
1791280482,47447.7536
1791280484,47452.7233
1791280486,47467.0816
1791280488,47472.9874
1791280490,47467.8108
1791280492,47459.9407
1791280494,47459.2014
1791280496,47451.3116
1791280498,47460.892
1791280500,47452.3436
1791280502,47454.7904
1791280504,47453.0522
1791280506,47455.6491
1791280508,47457.6341
1791280510,47469.6777
1791280512,47477.5383
1791280514,47472.7795
1791280516,47470.0385
1791280518,47472.5828
1791280520,47458.3705
1791280522,47444.1864
1791280524,47441.61
1791280526,47428.5018
1791280528,47421.9685
1791280530,47433.0213
1791280532,47429.9957
1791280534,47424.9742
1791280536,47430.616
1791280538,47454.0535
1791280540,47452.5807
1791280542,47446.124
1791280544,47449.3454
1791280546,47441.6635
1791280548,47435.0367
1791280550,47427.2419
1791280552,47436.363
1791280554,47434.3263
1791280556,47424.4581
1791280558,47413.9638
1791280560,47411.3806
1791280562,47408.502
1791280564,47422.6219
1791280566,47434.4743
1791280568,47425.5158
1791280570,47437.1328
1791280572,47443.515
1791280574,47443.729
1791280576,47439.2233
1791280578,47428.279
1791280580,47436.1571
1791280582,47436.8272
1791280584,47438.3336
1791280586,47429.6986
1791280588,47441.5609
1791280590,47448.3057
1791280592,47457.5753
1791280594,47465.2649
1791280596,47455.0083
1791280598,47453.137
1791280600,47452.1769
1791280602,47435.9073
1791280604,47432.506
1791280606,47434.1514
1791280608,47437.1445
1791280610,47457.9217
1791280612,47464.5227
1791280614,47465.8599
1791280616,47478.2397
1791280618,47494.8308
1791280620,47498.5356
1791280622,47502.9102
1791280624,47494.3226
1791280626,47501.1296
1791280628,47509.88
1791280630,47498.5084
1791280632,47476.7187
1791280634,47473.9234
1791280636,47472.7362
1791280638,47474.0906
1791280640,47481.6232
1791280642,47489.4055
1791280644,47490.5279
1791280646,47480.271
1791280648,47476.6847
1791280650,47494.2636
1791280652,47500.8177
1791280654,47510.0853
1791280656,47508.2819
1791280658,47512.3561
1791280660,47509.7038
1791280662,47533.1947
1791280664,47543.1246
1791280666,47551.1612
1791280668,47554.1
1791280670,47546.8821
1791280672,47555.3766
1791280674,47551.4333
1791280676,47541.9289
1791280678,47526.8331
1791280680,47522.3992
1791280682,47527.8579
1791280684,47538.8567
1791280686,47541.3529
1791280688,47539.6
1791280690,47560.85
1791280692,47577.2857
1791280694,47568.3337
1791280696,47567.5346
1791280698,47559.4932
1791280700,47569.3311
1791280702,47569.7506
1791280704,47577.0835
1791280706,47572.8263
1791280708,47580.1633
1791280710,47566.9687
1791280712,47559.225
1791280714,47568.7077
1791280716,47567.791
1791280718,47591.7351
1791280720,47583.7823
1791280722,47580.9111
1791280724,47592.0629
1791280726,47597.9368
1791280728,47594.2427
1791280730,47603.0343
1791280732,47618.9848
1791280734,47623.1922
1791280736,47617.6859
1791280738,47610.1821
1791280740,47619.2853
1791280742,47630.4356
1791280744,47645.1231
1791280746,47639.1579
1791280748,47637.6091
1791280750,47647.4454
1791280752,47638.6213
1791280754,47643.6723
1791280756,47625.6659
1791280758,47625.883
1791280760,47628.3278
1791280762,47631.5022
1791280764,47637.3588
1791280766,47616.0937
1791280768,47590.6478
1791280770,47590.5594
1791280772,47595.1746
1791280774,47599.4818
1791280776,47602.3865
1791280778,47600.3395
1791280780,47597.6066
1791280782,47589.6735
1791280784,47586.6738
1791280786,47580.5128
1791280788,47580.045
1791280790,47576.496
1791280792,47586.8855
1791280794,47584.3799
1791280796,47588.5627
1791280798,47581.7579
1791280800,47582.802
1791280802,47590.6641
1791280804,47599.3472
1791280806,47598.2835
1791280808,47582.8576
1791280810,47586.1508
1791280812,47597.114
1791280814,47624.6417
1791280816,47626.6334
1791280818,47625.4322
1791280820,47622.1132
1791280822,47612.748
1791280824,47620.0555
1791280826,47625.3888
1791280828,47621.7218
1791280830,47629.8823
1791280832,47620.6012
1791280834,47618.1253
1791280836,47619.9249
1791280838,47625.372
1791280840,47617.9396
1791280842,47626.3958
1791280844,47633.0107
1791280846,47639.1852
1791280848,47653.4006
1791280850,47643.8617
1791280852,47653.9535
1791280854,47661.7082
1791280856,47656.5028
1791280858,47635.4367
1791280860,47629.5013
1791280862,47630.4025
1791280864,47630.5427
1791280866,47626.7252
1791280868,47632.6803
1791280870,47621.885
1791280872,47619.3899
1791280874,47614.6436
1791280876,47606.2022
1791280878,47619.3066
1791280880,47611.8616
1791280882,47601.7258
1791280884,47596.4927
1791280886,47608.3269
1791280888,47605.1574
1791280890,47601.9792
1791280892,47612.4808
1791280894,47602.503
1791280896,47606.0829
1791280898,47604.3954
1791280900,47610.3322
1791280902,47614.1173
1791280904,47644.5521
1791280906,47644.1503
1791280908,47641.3909
1791280910,47635.4154
1791280912,47640.1624
1791280914,47642.9449
1791280916,47647.2798
1791280918,47645.7667
1791280920,47642.9737
1791280922,47626.2044
1791280924,47638.7111
1791280926,47620.7823
1791280928,47618.9345
1791280930,47623.1972
1791280932,47619.4426
1791280934,47617.0221
1791280936,47608.6085
1791280938,47616.9795
1791280940,47619.4881
1791280942,47619.4577
1791280944,47628.36
1791280946,47621.414
1791280948,47618.0922
1791280950,47605.9962
1791280952,47617.7873
1791280954,47621.8487
1791280956,47621.3522
1791280958,47620.1443
1791280960,47618.8156
1791280962,47616.1846
1791280964,47615.33
1791280966,47616.0665
1791280968,47623.1189
1791280970,47646.0959
1791280972,47661.1548
1791280974,47663.5763
1791280976,47678.7166
1791280978,47677.8105
1791280980,47667.9321
1791280982,47666.5082
1791280984,47665.6067
1791280986,47652.3652
1791280988,47654.6584
1791280990,47659.1958
1791280992,47659.4268
1791280994,47660.8039
1791280996,47669.1751
1791280998,47655.4357
1791281000,47658.7081
1791281002,47655.0063
1791281004,47650.8015
1791281006,47668.6012
1791281008,47694.3203
1791281010,47700.8132
1791281012,47699.145
1791281014,47700.3544
1791281016,47702.4004
1791281018,47705.1569
1791281020,47688.3649
1791281022,47695.2498
1791281024,47686.9895
1791281026,47684.4795
1791281028,47671.5612
1791281030,47677.9509
1791281032,47678.5169
1791281034,47675.0342
1791281036,47654.8748
1791281038,47653.1181
1791281040,47647.5401
1791281042,47641.9508
1791281044,47651.384
1791281046,47646.1207
1791281048,47642.1857
1791281050,47634.7197
1791281052,47629.2525
1791281054,47627.8032
1791281056,47630.8813
1791281058,47632.6418
1791281060,47629.5906
1791281062,47626.5319
1791281064,47623.5823
1791281066,47625.8683
1791281068,47622.0394
1791281070,47613.3009
1791281072,47624.4792
1791281074,47621.0797
1791281076,47629.877
1791281078,47624.9531
1791281080,47645.2684
1791281082,47656.5806
1791281084,47659.1011
1791281086,47656.7896
1791281088,47655.9697
1791281090,47659.406
1791281092,47643.487
1791281094,47664.9322
1791281096,47653.9874
1791281098,47653.6223
1791281100,47661.8633
1791281102,47660.6829
1791281104,47671.4451
1791281106,47664.6278
1791281108,47670.4022
1791281110,47658.3894
1791281112,47663.9385
1791281114,47672.2507
1791281116,47687.9732
1791281118,47690.6536
1791281120,47674.951
1791281122,47667.991
1791281124,47660.1802
1791281126,47648.9134
1791281128,47647.5545
1791281130,47650.1354
1791281132,47660.0992
1791281134,47673.6279
1791281136,47669.6388
1791281138,47670.8545
1791281140,47653.451
1791281142,47673.6495
1791281144,47668.0825
1791281146,47660.9145
1791281148,47661.7134
1791281150,47663.8736
1791281152,47663.1085
1791281154,47669.4088
1791281156,47664.0071
1791281158,47649.5927
1791281160,47653.882
1791281162,47651.3327
1791281164,47657.929
1791281166,47655.5973
1791281168,47644.7304
1791281170,47656.6054
1791281172,47659.4697
1791281174,47667.6422
1791281176,47672.1101
1791281178,47661.7238
1791281180,47655.3831
1791281182,47661.6269
1791281184,47655.3188
1791281186,47662.4358
1791281188,47653.2321
1791281190,47655.3029
1791281192,47668.1737
1791281194,47664.7709
1791281196,47669.9525
1791281198,47665.6978
1791281200,47669.9677
1791281202,47673.3598
1791281204,47665.1016
1791281206,47668.7018
1791281208,47686.5259
1791281210,47668.6856
1791281212,47659.031
1791281214,47656.5668
1791281216,47653.4666
1791281218,47660.2488
1791281220,47672.4919
1791281222,47672.4455
1791281224,47684.6509
1791281226,47696.9639
1791281228,47699.1026
1791281230,47705.9256
1791281232,47722.6143
1791281234,47735.88
1791281236,47737.2072
1791281238,47747.7686
1791281240,47747.3402
1791281242,47752.2227
1791281244,47753.9871
1791281246,47754.61
1791281248,47748.3145
1791281250,47748.0274
1791281252,47750.5397
1791281254,47763.1633
1791281256,47765.4667
1791281258,47758.9881
1791281260,47746.051
1791281262,47755.7194
1791281264,47750.3984
1791281266,47761.6673
1791281268,47772.2556
1791281270,47756.2304
1791281272,47756.7583
1791281274,47757.7637
1791281276,47756.4644
1791281278,47757.5315
1791281280,47766.8544
1791281282,47763.3297
1791281284,47768.2331
1791281286,47769.8362
1791281288,47774.3254
1791281290,47786.79
1791281292,47780.755
1791281294,47787.1015
1791281296,47787.7532
1791281298,47785.1181
1791281300,47776.19
1791281302,47786.5189
1791281304,47791.4483
1791281306,47783.5356
1791281308,47783.751
1791281310,47790.5391
1791281312,47789.2992
1791281314,47779.8003
1791281316,47775.0271
1791281318,47774.4318
1791281320,47778.1791
1791281322,47780.256
1791281324,47783.2057
1791281326,47782.0621
1791281328,47802.1674
1791281330,47786.1514
1791281332,47797.2913
1791281334,47789.8082
1791281336,47800.5928
1791281338,47800.06
1791281340,47795.5215
1791281342,47791.8239
1791281344,47805.6121
1791281346,47794.442
1791281348,47786.8625
1791281350,47801.9633
1791281352,47799.1119
1791281354,47804.924
1791281356,47813.7644
1791281358,47815.1253
1791281360,47816.5602
1791281362,47820.62
1791281364,47823.0674
1791281366,47826.1811
1791281368,47821.5324
1791281370,47815.6807
1791281372,47824.136
1791281374,47825.5375
1791281376,47830.4714
1791281378,47821.7312
1791281380,47825.2844
1791281382,47832.6351
1791281384,47831.3598
1791281386,47831.806
1791281388,47841.6141
1791281390,47842.8134
1791281392,47846.5846
1791281394,47866.9311
1791281396,47867.4478
1791281398,47871.9204
1791281400,47871.4967
1791281402,47874.3106
1791281404,47874.2195
1791281406,47878.2224
1791281408,47885.4227
1791281410,47897.0883
1791281412,47896.9953
1791281414,47888.1023
1791281416,47894.1701
1791281418,47911.1839
1791281420,47905.7873
1791281422,47896.2899
1791281424,47900.7559
1791281426,47898.2103
1791281428,47901.3824
1791281430,47906.6135
1791281432,47909.3131
1791281434,47917.1465
1791281436,47925.4014
1791281438,47948.1429
1791281440,47951.8547
1791281442,47937.6467
1791281444,47925.5174
1791281446,47925.7165
1791281448,47930.3801
1791281450,47934.2043
1791281452,47934.8539
1791281454,47956.5676
1791281456,47948.0604
1791281458,47950.1501
1791281460,47961.5843
1791281462,47951.539
1791281464,47932.3485
1791281466,47939.2535
1791281468,47935.5113
1791281470,47945.3118
1791281472,47952.2556
1791281474,47936.3577
1791281476,47916.2555
1791281478,47922.6255
1791281480,47936.5826
1791281482,47934.0966
1791281484,47943.9349
1791281486,47958.7702
1791281488,47955.0477
1791281490,47958.6086
1791281492,47968.705
1791281494,47969.0563
1791281496,47964.2541
1791281498,47962.7457
1791281500,47972.977
1791281502,47975.8313
1791281504,47965.9431
1791281506,47979.7012
1791281508,47984.292
1791281510,47981.1139
1791281512,47972.1897
1791281514,47971.8574
1791281516,47972.4581
1791281518,47974.7066
1791281520,47991.7245
1791281522,47985.8915
1791281524,47979.1189
1791281526,47980.086
1791281528,47975.4717
1791281530,47975.1922
1791281532,47978.7501
1791281534,47992.2458
1791281536,47984.5593
1791281538,47983.6176
1791281540,47982.3377
1791281542,47981.4755
1791281544,47970.2985
1791281546,47963.8444
1791281548,47973.9351
1791281550,47981.9007
1791281552,47986.3624
1791281554,47983.3725
1791281556,48002.0514
1791281558,47991.7406
1791281560,48008.7731
1791281562,48007.9209
1791281564,48023.5981
1791281566,48002.5764
1791281568,48000.8572
1791281570,48000.7455
1791281572,48000.4735
1791281574,48020.5436
1791281576,48023.2731
1791281578,48033.1971
1791281580,48043.857
1791281582,48026.7833
1791281584,48029.1704
1791281586,48037.9596
1791281588,48039.1937
1791281590,48024.1064
1791281592,48013.3083
1791281594,48015.674
1791281596,48006.0007
1791281598,47996.6075
1791281600,47982.4173
1791281602,47973.8195
1791281604,47993.8963
1791281606,47976.9512
1791281608,47985.6536
1791281610,47995.0123
1791281612,47997.1034
1791281614,48014.5568
1791281616,48004.0906
1791281618,48008.5019
1791281620,48012.7699
1791281622,48024.2002
1791281624,48018.415
1791281626,48011.2137
1791281628,48020.9941
1791281630,48025.8472
1791281632,48029.7539
1791281634,48028.8447
1791281636,48025.9056
1791281638,48029.1919
1791281640,48033.2487
1791281642,48031.6388
1791281644,48024.1035
1791281646,48021.7978
1791281648,48028.9524
1791281650,48012.6762
1791281652,48015.3647
1791281654,48018.2742
1791281656,48027.4916
1791281658,48025.3506
1791281660,48030.0809
1791281662,48039.3514
1791281664,48051.4907
1791281666,48041.1576
1791281668,48029.8262
1791281670,48047.7752
1791281672,48070.6858
1791281674,48080.3613
1791281676,48059.4608
1791281678,48063.4893
1791281680,48052.7525
1791281682,48038.6494
1791281684,48044.944
1791281686,48042.808
1791281688,48042.5658
1791281690,48044.2971
1791281692,48044.9298
1791281694,48050.803
1791281696,48059.8163
1791281698,48040.1292
1791281700,48049.77
1791281702,48056.6556
1791281704,48044.8653
1791281706,48059.3148
1791281708,48041.401
1791281710,48026.4515
1791281712,48033.6832
1791281714,48029.6725
1791281716,48020.0058
1791281718,48015.671
1791281720,47996.7026
1791281722,48002.8609
1791281724,48006.627
1791281726,47998.1425
1791281728,48000.2056
1791281730,48018.8517
1791281732,48029.3452
1791281734,48026.4179
1791281736,48029.9955
1791281738,48011.9919
1791281740,48006.4865
1791281742,48010.6878
1791281744,48020.138
1791281746,48017.8097
1791281748,48022.6477
1791281750,48025.9453
1791281752,48012.1236
1791281754,48005.4476
1791281756,48005.0907
1791281758,48002.3255
1791281760,47992.4031
1791281762,47993.8491
1791281764,47993.8249
1791281766,48001.1819
1791281768,48011.7021
1791281770,48019.8919
1791281772,48028.8561
1791281774,48040.8769
1791281776,48049.6917
1791281778,48049.2276
1791281780,48047.3499
1791281782,48033.6037
1791281784,48039.6924
1791281786,48036.8145
1791281788,48025.6908
1791281790,48011.0161
1791281792,48015.458
1791281794,48013.6949
1791281796,48025.6862
1791281798,48022.1464
1791281800,48029.4903
1791281802,48036.7218
1791281804,48038.0063
1791281806,48039.2846
1791281808,48043.6524
1791281810,48025.9474
1791281812,48012.6976
1791281814,48019.8049
1791281816,48018.4792
1791281818,48008.4352
1791281820,48008.7167
1791281822,47995.8346
1791281824,47990.5312
1791281826,47980.8389
1791281828,47991.7334
1791281830,47993.506
1791281832,47998.3694
1791281834,48002.3331
1791281836,47999.7411
1791281838,47994.8091
1791281840,47985.5398
1791281842,47979.2026
1791281844,47970.4254
1791281846,47967.2682
1791281848,47978.3927
1791281850,47975.206
1791281852,47971.7692
1791281854,47992.1284
1791281856,47994.7963
1791281858,47987.1098
1791281860,47977.438
1791281862,47979.4464
1791281864,47988.0381
1791281866,47994.9231
1791281868,47982.627
1791281870,47985.6264
1791281872,47997.0809
1791281874,47979.5778
1791281876,47976.8244
1791281878,47976.4328
1791281880,47974.3107
1791281882,47972.08
1791281884,47967.4121
1791281886,47985.0044
1791281888,47980.696
1791281890,47988.3348
1791281892,47987.7246
1791281894,47974.7148
1791281896,47975.402
1791281898,47989.783
1791281900,48003.4104
1791281902,47991.3378
1791281904,47989.0957
1791281906,47988.4492
1791281908,47980.0404
1791281910,47990.0708
1791281912,47986.5505
1791281914,47976.0767
1791281916,47976.4084
1791281918,47972.0047
1791281920,47967.0487
1791281922,47969.2549
1791281924,47974.1958
1791281926,47973.575
1791281928,47977.8012
1791281930,47961.7375
1791281932,47955.7913
1791281934,47968.5565
1791281936,47973.6606
1791281938,47976.6044
1791281940,47993.2669
1791281942,47997.9971
1791281944,47990.8379
1791281946,47996.3436
1791281948,48005.5989
1791281950,48022.2998
1791281952,48018.1217
1791281954,48002.1231
1791281956,47993.5059
1791281958,47999.8478
1791281960,47997.9039
1791281962,47994.662
1791281964,48006.9315
1791281966,48015.7548
1791281968,48011.8505
1791281970,48005.8809
1791281972,47998.476
1791281974,48003.576
1791281976,48004.6143
1791281978,47994.7694
1791281980,48016.0533
1791281982,48016.2604
1791281984,48008.1024
1791281986,48013.5913
1791281988,48008.0247
1791281990,47997.748
1791281992,47983.9924
1791281994,47981.7671
1791281996,47966.6789
1791281998,47968.7015
1791282000,47965.5205
1791282002,47975.2898
1791282004,47956.4148
1791282006,47961.1583
1791282008,47984.6727
1791282010,47998.0961
1791282012,47998.2281
1791282014,47998.7343
1791282016,47998.5152
1791282018,48002.4174
1791282020,48003.952
1791282022,48019.8716
1791282024,48026.4168
1791282026,48018.93
1791282028,48016.3231
1791282030,48006.8833
1791282032,48018.6195
1791282034,48014.1706
1791282036,48004.1762
1791282038,48013.3284
1791282040,48016.1481
1791282042,48017.7242
1791282044,48013.1852
1791282046,48012.2541
1791282048,48011.8552
1791282050,47995.4459
1791282052,47989.5582
1791282054,47990.4017
1791282056,47990.4334
1791282058,47982.1847
1791282060,47980.0576
1791282062,47987.8073
1791282064,47987.5075
1791282066,48000.2245
1791282068,47995.7648
1791282070,47987.3116
1791282072,48005.4951
1791282074,47996.7174
1791282076,47996.0698
1791282078,47996.8797
1791282080,47988.7421
1791282082,47985.1398
1791282084,47970.0257
1791282086,47955.5887
1791282088,47962.8096
1791282090,47974.8491
1791282092,47983.0466
1791282094,47985.7514
1791282096,47995.537
1791282098,47988.9805
1791282100,47991.6206
1791282102,47988.0726
1791282104,47992.5615
1791282106,48003.2321
1791282108,47988.1227
1791282110,47993.736
1791282112,47989.3672
1791282114,47994.0425
1791282116,47993.9545
1791282118,47984.4448
1791282120,47979.0533
1791282122,47976.0585
1791282124,47971.4486
1791282126,47980.5733
1791282128,47985.9054
1791282130,47974.6759
1791282132,47979.6358
1791282134,47975.6447
1791282136,47989.8546
1791282138,47986.3673
1791282140,47984.5318
1791282142,47987.3044
1791282144,47979.1047
1791282146,47976.6261
1791282148,47972.1975
1791282150,47979.2313
1791282152,47971.2067
1791282154,47984.353
1791282156,47972.8308
1791282158,47978.9712
1791282160,47956.9236
1791282162,47956.7856
1791282164,47956.7205
1791282166,47951.6676
1791282168,47933.5083
1791282170,47932.3452
1791282172,47939.8871
1791282174,47921.1572
1791282176,47917.2433
1791282178,47908.0976
1791282180,47909.0586
1791282182,47923.2879
1791282184,47912.0516
1791282186,47907.5573
1791282188,47908.9926
1791282190,47907.7028
1791282192,47913.4692
1791282194,47928.5834
1791282196,47920.2977
1791282198,47923.3335
1791282200,47928.8091
1791282202,47949.7009
1791282204,47930.4111
1791282206,47918.3234
1791282208,47926.3846
1791282210,47916.336
1791282212,47918.1123
1791282214,47915.4171
1791282216,47925.4959
1791282218,47926.708
1791282220,47935.693
1791282222,47932.7873
1791282224,47918.4065
1791282226,47924.4068
1791282228,47917.1715
1791282230,47925.2625
1791282232,47924.505
1791282234,47935.5091
1791282236,47938.4059
1791282238,47936.9413
1791282240,47925.6451
1791282242,47927.6677
1791282244,47919.8655
1791282246,47937.6432
1791282248,47927.9918
1791282250,47916.7523
1791282252,47924.6459
1791282254,47931.8559
1791282256,47939.8212
1791282258,47940.7446
1791282260,47946.7893
1791282262,47945.6261
1791282264,47959.7644
1791282266,47982.1301
1791282268,47983.4504
1791282270,47981.6503
1791282272,47976.1795
1791282274,47973.1871
1791282276,47975.0666
1791282278,47974.68
1791282280,47972.3026
1791282282,47963.8764
1791282284,47943.8709
1791282286,47952.6763
1791282288,47952.3621
1791282290,47951.6908
1791282292,47945.6968
1791282294,47951.5978
1791282296,47952.8658
1791282298,47964.1349
1791282300,47958.7037
1791282302,47971.8224
1791282304,47983.1293
1791282306,47994.7511
1791282308,47986.6877
1791282310,47988.5793
1791282312,47985.3857
1791282314,47984.2379
1791282316,47979.4837
1791282318,47970.1253
1791282320,47958.3901
1791282322,47955.4752
1791282324,47949.4213
1791282326,47955.2232
1791282328,47944.488
1791282330,47932.5433
1791282332,47949.7723
1791282334,47928.8422
1791282336,47912.7315
1791282338,47913.82
1791282340,47906.7952
1791282342,47906.0861
1791282344,47910.7169
1791282346,47901.6106
1791282348,47902.5009
1791282350,47893.7328
1791282352,47906.0505
1791282354,47912.8406
1791282356,47917.4881
1791282358,47922.1091
1791282360,47923.0646
1791282362,47933.7
1791282364,47947.8548
1791282366,47962.6698
1791282368,47962.7821
1791282370,47961.7326
1791282372,47943.1562
1791282374,47939.582
1791282376,47943.5778
1791282378,47930.0266
1791282380,47924.9966
1791282382,47923.9159
1791282384,47944.3773
1791282386,47960.3406
1791282388,47950.5265
1791282390,47946.0581
1791282392,47936.8436
1791282394,47943.935
1791282396,47929.3878
1791282398,47928.7588
1791282400,47932.7533
1791282402,47932.7986
1791282404,47931.4342
1791282406,47934.3946
1791282408,47927.456
1791282410,47933.0419
1791282412,47924.5485
1791282414,47903.4876
1791282416,47911.3432
1791282418,47922.3388
1791282420,47923.3956
1791282422,47916.9956
1791282424,47910.1311
1791282426,47895.1744
1791282428,47893.2884
1791282430,47890.3634
1791282432,47891.1968
1791282434,47901.4705
1791282436,47907.2139
1791282438,47919.8295
1791282440,47920.3975
1791282442,47932.2234
1791282444,47914.2678
1791282446,47906.2773
1791282448,47912.8543
1791282450,47927.6048
1791282452,47924.2042
1791282454,47928.8949
1791282456,47924.4925
1791282458,47916.9902
1791282460,47904.5181
1791282462,47920.8096
1791282464,47918.6761
1791282466,47903.6508
1791282468,47894.3736
1791282470,47901.5199
1791282472,47907.6375
1791282474,47891.626
1791282476,47898.1004
1791282478,47895.0458
1791282480,47894.2322
1791282482,47888.8806
1791282484,47885.6458
1791282486,47885.8191
1791282488,47887.6375
1791282490,47900.302
1791282492,47882.4741
1791282494,47869.5343
1791282496,47886.8272
1791282498,47883.1411
1791282500,47880.071
1791282502,47889.8136
1791282504,47894.1425
1791282506,47899.963
1791282508,47903.0752
1791282510,47931.8324
1791282512,47947.9846
1791282514,47940.5943
1791282516,47938.3357
1791282518,47944.9405
1791282520,47954.9823
1791282522,47959.8944
1791282524,47961.149
1791282526,47977.3111
1791282528,47992.5445
1791282530,48009.1548
1791282532,48003.9173
1791282534,48006.2864
1791282536,48009.0822
1791282538,47998.8554
1791282540,47995.7765
1791282542,48004.5773
1791282544,48002.2324
1791282546,47988.6875
1791282548,47979.3069
1791282550,47977.4443
1791282552,47983.9564
1791282554,47979.4935
1791282556,47978.8586
1791282558,47982.1091
1791282560,47980.255
1791282562,47978.1807
1791282564,47967.976
1791282566,47964.7793
1791282568,47965.3267
1791282570,47968.5451
1791282572,47960.0036
1791282574,47966.4025
1791282576,47974.699
1791282578,47978.92
1791282580,47982.3702
1791282582,47991.0625
1791282584,48001.7744
1791282586,48001.2694
1791282588,48006.2485
1791282590,47990.1961
1791282592,47982.0622
1791282594,47971.5335
1791282596,47977.1338
1791282598,47996.2123
1791282600,48011.1465
1791282602,48024.8102
1791282604,48020.0154
1791282606,48009.6587
1791282608,48016.6108
1791282610,48010.2009
1791282612,48011.2239
1791282614,48008.8664
1791282616,48004.3356
1791282618,48005.8778
1791282620,48005.4048
1791282622,48003.6767
1791282624,48011.2725
1791282626,48002.9972
1791282628,48007.3887
1791282630,48000.7667
1791282632,47978.5093
1791282634,47972.8827
1791282636,47976.4855
1791282638,47968.222
1791282640,47959.3307
1791282642,47968.7869
1791282644,47963.9052
1791282646,47959.857
1791282648,47978.0252
1791282650,47976.434
1791282652,47981.438
1791282654,47981.7942
1791282656,47982.107
1791282658,47983.8329
1791282660,47979.0216
1791282662,47963.9686
1791282664,47953.3411
1791282666,47956.7381
1791282668,47952.6414
1791282670,47941.7857
1791282672,47949.4386
1791282674,47959.0797
1791282676,47965.2295
1791282678,47957.5623
1791282680,47970.8823
1791282682,47961.9993
1791282684,47956.5094
1791282686,47958.0335
1791282688,47961.044
1791282690,47954.2538
1791282692,47961.2994
1791282694,47972.4896
1791282696,47972.5971
1791282698,47984.9741
1791282700,47990.5764
1791282702,48015.6954
1791282704,48000.9841
1791282706,48009.74
1791282708,48011.1085
1791282710,47997.0782
1791282712,47987.2037
1791282714,47978.194
1791282716,47979.3853
1791282718,47985.1969
1791282720,47991.5536
1791282722,47997.0525
1791282724,47999.6854
1791282726,47993.4399
1791282728,47990.9007
1791282730,47992.2112
1791282732,48000.6717
1791282734,47994.3139
1791282736,47986.1521
1791282738,47992.8298
1791282740,48004.3133
1791282742,48003.24
1791282744,47990.6939
1791282746,47970.9074
1791282748,47974.199
1791282750,47979.5455
1791282752,47976.6479
1791282754,47965.2148
1791282756,47968.8632
1791282758,47990.5319
1791282760,47998.1848
1791282762,47997.7421
1791282764,48004.3334
1791282766,48008.5622
1791282768,48015.2357
1791282770,48034.0193
1791282772,48032.5901
1791282774,48042.1606
1791282776,48044.3539
1791282778,48055.2002
1791282780,48056.0066
1791282782,48064.4214
1791282784,48065.1675
1791282786,48069.667
1791282788,48080.327
1791282790,48080.0172
1791282792,48084.3128
1791282794,48092.8013
1791282796,48103.1993
1791282798,48113.0352
1791282800,48110.9061
1791282802,48119.2063
1791282804,48125.691
1791282806,48146.4105
1791282808,48139.8875
1791282810,48131.0486
1791282812,48124.4037
1791282814,48122.2045
1791282816,48123.7034
1791282818,48111.4619
1791282820,48114.5443
1791282822,48111.3584
1791282824,48110.84
1791282826,48114.3308
1791282828,48112.3837
1791282830,48114.1447
1791282832,48107.1924
1791282834,48091.8948
1791282836,48085.7007
1791282838,48075.1688
1791282840,48075.8232
1791282842,48070.6345
1791282844,48079.7366
1791282846,48087.3354
1791282848,48072.6839
1791282850,48077.247
1791282852,48075.3586
1791282854,48069.3142
1791282856,48076.8928
1791282858,48072.9568
1791282860,48067.4501
1791282862,48075.4342
1791282864,48086.4376
1791282866,48076.3765
1791282868,48083.7805
1791282870,48082.8902
1791282872,48085.7869
1791282874,48087.1617
1791282876,48091.6426
1791282878,48101.8555
1791282880,48101.4944
1791282882,48091.4965
1791282884,48088.4627
1791282886,48122.8072
1791282888,48114.4129
1791282890,48111.9675
1791282892,48105.1004
1791282894,48111.1181
1791282896,48119.708
1791282898,48105.4518
1791282900,48110.1083
1791282902,48118.0034
1791282904,48109.9859
1791282906,48100.8011
1791282908,48085.8611
1791282910,48090.121
1791282912,48101.063
1791282914,48109.1618
1791282916,48114.3294
1791282918,48106.0299
1791282920,48086.4132
1791282922,48090.2468
1791282924,48093.201
1791282926,48078.3831
1791282928,48077.4053
1791282930,48079.9333
1791282932,48073.0583
1791282934,48073.544
1791282936,48063.8974
1791282938,48069.2888
1791282940,48051.3026
1791282942,48058.4211
1791282944,48053.9065
1791282946,48049.0009
1791282948,48054.9289
1791282950,48037.9642
1791282952,48029.9702
1791282954,48022.4589
1791282956,48014.8504
1791282958,48013.9405
1791282960,48018.5744
1791282962,48008.5936
1791282964,48007.5128
1791282966,48017.1386
1791282968,48014.2425
1791282970,48033.3299
1791282972,48018.5322
1791282974,48029.8463
1791282976,48028.774
1791282978,48009.2021
1791282980,48001.9937
1791282982,47996.464
1791282984,47996.7361
1791282986,48001.5856
1791282988,47996.6734
1791282990,47993.1941
1791282992,47997.356
1791282994,47987.1473
1791282996,47999.1313
1791282998,47998.0123
1791283000,47989.76
1791283002,47978.4963
1791283004,47979.6002
1791283006,47976.6941
1791283008,47986.3182
1791283010,47986.5131
1791283012,47962.8932
1791283014,47958.9108
1791283016,47962.0119
1791283018,47962.7392
1791283020,47979.7678
1791283022,47992.2162
1791283024,47996.1691
1791283026,48005.9528
1791283028,48011.0103
1791283030,48015.28
1791283032,48013.5851
1791283034,48009.2423
1791283036,48004.9647
1791283038,48019.944
1791283040,48019.6536
1791283042,48005.7569
1791283044,47994.5696
1791283046,47985.4566
1791283048,48003.0858
1791283050,47996.8399
1791283052,47989.6824
1791283054,47995.3316
1791283056,47993.7416
1791283058,47995.8866
1791283060,48007.0493
1791283062,48016.4527
1791283064,48019.4257
1791283066,48017.062
1791283068,48016.1573
1791283070,48026.2033
1791283072,48027.248
1791283074,48013.1481
1791283076,48011.4881
1791283078,48002.3755
1791283080,48007.9162
1791283082,48015.144
1791283084,48027.8029
1791283086,48028.2013
1791283088,48032.3802
1791283090,48027.0795
1791283092,48047.5713
1791283094,48050.1308
1791283096,48043.0579
1791283098,48066.3969
1791283100,48067.6965
1791283102,48078.5617
1791283104,48071.5494
1791283106,48073.5054
1791283108,48068.6062
1791283110,48067.7321
1791283112,48046.219
1791283114,48036.47
1791283116,48034.585
1791283118,48028.3078
1791283120,48023.1249
1791283122,48024.5836
1791283124,48033.3456
1791283126,48033.3268
1791283128,48036.138
1791283130,48027.2964
1791283132,48022.7056
1791283134,48046.0066
1791283136,48041.0026
1791283138,48051.1158
1791283140,48063.1832
1791283142,48058.9744
1791283144,48075.9254
1791283146,48082.2353
1791283148,48079.1489
1791283150,48085.8849
1791283152,48097.3342
1791283154,48107.9283
1791283156,48104.5187
1791283158,48114.5288
1791283160,48112.5371
1791283162,48111.8829
1791283164,48106.0066
1791283166,48100.2761
1791283168,48101.4354
1791283170,48096.051
1791283172,48100.16
1791283174,48097.4361
1791283176,48096.6174
1791283178,48096.2595
1791283180,48101.0729
1791283182,48094.684
1791283184,48095.7191
1791283186,48098.416
1791283188,48099.1634
1791283190,48095.7009
1791283192,48108.0702
1791283194,48105.5702
1791283196,48091.2613
1791283198,48103.4985
1791283200,48100.4189
1791283202,48099.2995
1791283204,48107.7012
1791283206,48105.6904
1791283208,48110.3838
1791283210,48113.8657
1791283212,48121.2144
1791283214,48128.2718
1791283216,48124.1041
1791283218,48102.3711
1791283220,48103.9629
1791283222,48112.6461
1791283224,48114.3385
1791283226,48102.0
1791283228,48094.3337
1791283230,48081.9729
1791283232,48087.037
1791283234,48070.8505
1791283236,48068.5803
1791283238,48081.9603
1791283240,48072.6861
1791283242,48072.5714
1791283244,48078.1436
1791283246,48092.7946
1791283248,48080.4074
1791283250,48088.1273
1791283252,48073.9597
1791283254,48075.9836
1791283256,48073.2235
1791283258,48078.9464
1791283260,48068.7534
1791283262,48079.4423
1791283264,48063.0573
1791283266,48064.5835
1791283268,48066.2836
1791283270,48059.4807
1791283272,48051.2309
1791283274,48053.8234
1791283276,48046.3369
1791283278,48033.8952
1791283280,48022.9417
1791283282,48027.4308
1791283284,48021.8653
1791283286,48012.1464
1791283288,48006.6831
1791283290,48005.8744
1791283292,48006.9899
1791283294,48032.8491
1791283296,48045.5098
1791283298,48058.0531
1791283300,48049.0102
1791283302,48058.9665
1791283304,48066.3006
1791283306,48066.0437
1791283308,48069.3075
1791283310,48077.2109
1791283312,48081.2375
1791283314,48079.2516
1791283316,48081.0994
1791283318,48076.0178
1791283320,48070.8298
1791283322,48064.3457
1791283324,48053.6312
1791283326,48056.6064
1791283328,48054.5566
1791283330,48067.1622
1791283332,48066.911
1791283334,48063.6118
1791283336,48064.7255
1791283338,48066.9825
1791283340,48065.694
1791283342,48072.1121
1791283344,48068.9912
1791283346,48069.7701
1791283348,48075.7235
1791283350,48077.6849
1791283352,48064.1389
1791283354,48070.1316
1791283356,48076.9342
1791283358,48076.6623
1791283360,48063.841
1791283362,48071.457
1791283364,48067.4352
1791283366,48072.0728
1791283368,48069.7482
1791283370,48062.2874
1791283372,48068.5668
1791283374,48072.7492
1791283376,48078.1335
1791283378,48051.7768
1791283380,48063.8402
1791283382,48045.4009
1791283384,48043.7452
1791283386,48031.4275
1791283388,48032.6487
1791283390,48052.735
1791283392,48059.869
1791283394,48057.8411
1791283396,48055.5796
1791283398,48048.3461
1791283400,48041.1183
1791283402,48047.1809
1791283404,48059.8043
1791283406,48052.6758
1791283408,48056.477
1791283410,48059.6288
1791283412,48067.389
1791283414,48067.7076
1791283416,48072.7278
1791283418,48080.0941
1791283420,48068.6591
1791283422,48071.0898
1791283424,48082.4632
1791283426,48080.9323
1791283428,48084.3777
1791283430,48078.7917
1791283432,48078.0998
1791283434,48070.3446
1791283436,48080.75
1791283438,48080.4057
1791283440,48091.0201
1791283442,48091.2663
1791283444,48088.6209
1791283446,48101.504
1791283448,48091.6981
1791283450,48071.7094
1791283452,48083.8568
1791283454,48091.4977
1791283456,48086.0945
1791283458,48080.0021
1791283460,48082.2701
1791283462,48087.2991
1791283464,48088.9285
1791283466,48092.4768
1791283468,48103.7457
1791283470,48107.4825
1791283472,48115.0295
1791283474,48107.1306
1791283476,48092.909
1791283478,48098.4762
1791283480,48083.5034
1791283482,48070.5132
1791283484,48072.1157
1791283486,48069.0458
1791283488,48063.8463
1791283490,48066.9153
1791283492,48056.3692
1791283494,48045.4197
1791283496,48054.1124
1791283498,48043.2687
1791283500,48038.8681
1791283502,48042.3001
1791283504,48041.675
1791283506,48034.4062
1791283508,48046.4623
1791283510,48047.6644
1791283512,48034.9195
1791283514,48029.8722
1791283516,48049.6133
1791283518,48042.1728
1791283520,48044.7832
1791283522,48050.0787
1791283524,48051.5069
1791283526,48039.2378
1791283528,48051.1237
1791283530,48035.1659
1791283532,48041.7574
1791283534,48032.6921
1791283536,48038.9056
1791283538,48040.4702
1791283540,48041.772
1791283542,48040.1945
1791283544,48037.651
1791283546,48026.591
1791283548,48023.4824
1791283550,48042.1766
1791283552,48040.481
1791283554,48034.0198
1791283556,48017.5937
1791283558,48014.9565
1791283560,48015.1019
1791283562,48018.9926
1791283564,48016.5464
1791283566,48002.8711
1791283568,47996.8495
1791283570,47997.49
1791283572,48002.2144
1791283574,47998.0268
1791283576,47996.8653
1791283578,48005.6366
1791283580,48011.2517
1791283582,48011.9712
1791283584,48015.6592
1791283586,48004.2981
1791283588,47997.317
1791283590,47995.7577
1791283592,48003.3406
1791283594,48007.4573
1791283596,48008.8513
1791283598,47988.5444
1791283600,47993.3701
1791283602,48001.8253
1791283604,47980.4319
1791283606,47977.0307
1791283608,47991.1282
1791283610,47996.378
1791283612,47987.9823
1791283614,47981.2958
1791283616,47974.0329
1791283618,47959.7613
1791283620,47958.5262
1791283622,47948.1782
1791283624,47952.5175
1791283626,47961.2408
1791283628,47966.9241
1791283630,47980.0949
1791283632,47996.1027
1791283634,47997.4165
1791283636,47984.7768
1791283638,47974.2495
1791283640,47984.9859
1791283642,47985.2976
1791283644,47984.6105
1791283646,47987.7307
1791283648,47997.9635
1791283650,47996.4613
1791283652,47989.9437
1791283654,47991.0142
1791283656,48005.736
1791283658,48003.2429
1791283660,47993.4118
1791283662,47987.8418
1791283664,47989.0786
1791283666,48000.4923
1791283668,47989.2185
1791283670,47980.6117
1791283672,48002.2559
1791283674,47997.1419
1791283676,48001.9618
1791283678,48002.5208
1791283680,47996.884
1791283682,47986.2157
1791283684,47976.7659
1791283686,47973.51
1791283688,47944.6519
1791283690,47961.1267
1791283692,47962.9098
1791283694,47951.6601
1791283696,47958.5441
1791283698,47950.8876
1791283700,47964.4718
1791283702,47971.05
1791283704,47978.7307
1791283706,47967.4043
1791283708,47952.8118
1791283710,47953.25
1791283712,47945.5751
1791283714,47946.4961
1791283716,47948.6854
1791283718,47960.6193
1791283720,47941.0229
1791283722,47941.7614
1791283724,47934.4736
1791283726,47930.0056
1791283728,47944.0418
1791283730,47957.7082
1791283732,47964.3628
1791283734,47971.619
1791283736,47979.9775
1791283738,47973.6387
1791283740,47974.8153
1791283742,47969.7872
1791283744,47963.4506
1791283746,47950.7248
1791283748,47951.4568
1791283750,47944.4308
1791283752,47951.2414
1791283754,47967.3132
1791283756,47960.2256
1791283758,47963.6724
1791283760,47951.9086
1791283762,47952.2901
1791283764,47948.8403
1791283766,47951.2298
1791283768,47967.8368
1791283770,47968.3037
1791283772,47977.9792
1791283774,47984.0321
1791283776,47974.6893
1791283778,47982.7048
1791283780,47970.0389
1791283782,47967.944
1791283784,47975.3969
1791283786,47962.4676
1791283788,47948.4407
1791283790,47932.941
1791283792,47931.9835
1791283794,47923.417
1791283796,47947.1237
1791283798,47948.9931
1791283800,47947.8764
1791283802,47948.5722
1791283804,47952.6163
1791283806,47952.286
1791283808,47972.556
1791283810,47978.7866
1791283812,47967.7141
1791283814,47971.6262
1791283816,47976.5926
1791283818,47988.5288
1791283820,47996.9814
1791283822,48009.8315
1791283824,48022.5859
1791283826,48026.5398
1791283828,48025.6398
1791283830,48022.771
1791283832,48016.0073
1791283834,48025.735
1791283836,48022.5111
1791283838,48007.787
1791283840,48004.3165
1791283842,48008.1574
1791283844,48017.2164
1791283846,48024.4657
1791283848,48027.7109
1791283850,48019.5856
1791283852,48015.5767
1791283854,48027.2565
1791283856,48022.2528
1791283858,48021.864
1791283860,48021.7059
1791283862,48030.1242
1791283864,48029.5223
1791283866,48032.6239
1791283868,48040.4291
1791283870,48034.8167
1791283872,48036.0605
1791283874,48041.1529
1791283876,48030.7
1791283878,48037.28
1791283880,48043.3537
1791283882,48027.915
1791283884,48010.02
1791283886,48001.1189
1791283888,48005.7087
1791283890,48002.1366
1791283892,47998.9497
1791283894,47995.5455
1791283896,47981.9593
1791283898,47977.9917
1791283900,47989.3024
1791283902,47983.025
1791283904,47988.4834
1791283906,47981.2709
1791283908,47991.6906
1791283910,47995.2605
1791283912,47991.6964
1791283914,48007.6283
1791283916,48009.4379
1791283918,48006.4649
1791283920,48005.0089
1791283922,48003.6724
1791283924,48009.9284
1791283926,48007.5144
1791283928,48004.1666
1791283930,47993.8861
1791283932,48005.4337
1791283934,48001.5514
1791283936,47999.125
1791283938,47996.9503
1791283940,47999.8999
1791283942,47990.3033
1791283944,47984.6689
1791283946,47992.5889
1791283948,47988.6764
1791283950,47963.5387
1791283952,47967.0546
1791283954,47963.8388
1791283956,47961.1592
1791283958,47972.6465
1791283960,47983.1093
1791283962,47984.4368
1791283964,47985.9855
1791283966,47969.3518
1791283968,47955.7162
1791283970,47968.1029
1791283972,47959.4782
1791283974,47963.4969
1791283976,47963.5323
1791283978,47970.8876
1791283980,47979.0557
1791283982,47978.2854
1791283984,47976.9912
1791283986,47990.4797
1791283988,47987.3118
1791283990,47986.6803
1791283992,47990.943
1791283994,47993.5181
1791283996,47982.2554
1791283998,47981.3458
1791284000,47976.3947
1791284002,47987.7828
1791284004,48003.3573
1791284006,47999.54
1791284008,47999.9741
1791284010,47998.5919
1791284012,47989.8184
1791284014,47999.3987
1791284016,47998.2842
1791284018,47991.338
1791284020,47988.9922
1791284022,48005.4637
1791284024,48006.3081
1791284026,48005.1096
1791284028,48003.2734
1791284030,48002.8587
1791284032,48002.8894
1791284034,48006.7487
1791284036,48000.9701
1791284038,47993.5754
1791284040,47991.1994
1791284042,47990.63
1791284044,47984.3446
1791284046,47978.5035
1791284048,47966.528
1791284050,47981.1505
1791284052,47989.2411
1791284054,47976.1636
1791284056,47970.2889
1791284058,47978.7305
1791284060,47979.2227
1791284062,47976.9989
1791284064,47980.772
1791284066,47984.2663
1791284068,47996.8937
1791284070,48009.8929
1791284072,48014.7765
1791284074,47996.2726
1791284076,48002.298
1791284078,48004.6524
1791284080,48017.1857
1791284082,48007.6262
1791284084,48001.7158
1791284086,47988.8345
1791284088,47987.0925
1791284090,47998.1235
1791284092,47994.1232
1791284094,47999.3766
1791284096,47986.9783
1791284098,47980.1477
1791284100,47995.8348
1791284102,48001.3502
1791284104,48007.9226
1791284106,48016.1153
1791284108,48010.4241
1791284110,48037.9518
1791284112,48023.1054
1791284114,48008.2459
1791284116,48010.8259
1791284118,48018.2382
1791284120,48018.0301
1791284122,48014.8338
1791284124,48021.7866
1791284126,48037.0946
1791284128,48043.5603
1791284130,48048.8001
1791284132,48040.5087
1791284134,48040.5534
1791284136,48035.9562
1791284138,48026.2231
1791284140,48014.3175
1791284142,48006.8806
1791284144,48007.5255
1791284146,48012.0729
1791284148,48005.3995
1791284150,48006.3258
1791284152,47988.7424
1791284154,47973.9735
1791284156,47964.3458
1791284158,47968.2395
1791284160,47967.8813
1791284162,47965.9865
1791284164,47966.4987
1791284166,47955.2546
1791284168,47958.1736
1791284170,47968.7683
1791284172,47961.5544
1791284174,47954.4711
1791284176,47958.4728
1791284178,47943.8317
1791284180,47939.8983
1791284182,47941.2961
1791284184,47942.8263
1791284186,47954.087
1791284188,47949.6597
1791284190,47940.4456
1791284192,47942.0851
1791284194,47951.7478
1791284196,47972.3407
1791284198,47988.7949
1791284200,47995.0546
1791284202,48013.7167
1791284204,48000.5251
1791284206,47998.0736
1791284208,47994.347
1791284210,47981.7342
1791284212,47983.1707
1791284214,47983.9098
1791284216,47977.4457
1791284218,47980.6657
1791284220,47991.3136
1791284222,47979.4926
1791284224,47977.6061
1791284226,47980.7505
1791284228,47980.3365
1791284230,47969.5233
1791284232,47947.8263
1791284234,47943.0116
1791284236,47937.2655
1791284238,47949.809
1791284240,47946.9079
1791284242,47957.1014
1791284244,47966.3258
1791284246,47969.1919
1791284248,47953.4695
1791284250,47951.3945
1791284252,47950.4173
1791284254,47944.7692
1791284256,47944.0077
1791284258,47940.3941
1791284260,47932.0332
1791284262,47927.3981
1791284264,47934.7274
1791284266,47947.8293
1791284268,47952.1207
1791284270,47936.5744
1791284272,47935.208
1791284274,47910.5634
1791284276,47906.4154
1791284278,47914.012
1791284280,47916.4932
1791284282,47934.6413
1791284284,47929.2537
1791284286,47926.4739
1791284288,47915.2409
1791284290,47913.1156
1791284292,47912.7006
1791284294,47905.4794
1791284296,47904.2137
1791284298,47904.5044
1791284300,47900.8819
1791284302,47887.8906
1791284304,47893.4223
1791284306,47891.5464
1791284308,47880.1842
1791284310,47886.9737
1791284312,47906.8746
1791284314,47899.3193
1791284316,47899.6426
1791284318,47900.2139
1791284320,47921.7903
1791284322,47917.4247
1791284324,47928.1501
1791284326,47925.0413
1791284328,47915.8194
1791284330,47923.3837
1791284332,47921.2876
1791284334,47912.9979
1791284336,47925.1685
1791284338,47921.6493
1791284340,47923.7258
1791284342,47925.0231
1791284344,47912.8742
1791284346,47907.5561
1791284348,47914.2639
1791284350,47908.4338
1791284352,47906.3633
1791284354,47917.7661
1791284356,47918.2464
1791284358,47931.841
1791284360,47926.7591
1791284362,47932.5716
1791284364,47933.928
1791284366,47943.9788
1791284368,47952.3406
1791284370,47962.796
1791284372,47959.1244
1791284374,47953.1694
1791284376,47957.2536
1791284378,47953.6784
1791284380,47943.8455
1791284382,47932.3881
1791284384,47942.6526
1791284386,47949.3435
1791284388,47940.2081
1791284390,47955.9004
1791284392,47953.0132
1791284394,47954.2506
1791284396,47958.6248
1791284398,47954.4118
1791284400,47955.6073
1791284402,47960.8258
1791284404,47960.7723
1791284406,47948.5247
1791284408,47959.7098
1791284410,47963.3568
1791284412,47961.6293
1791284414,47962.4415
1791284416,47968.9683
1791284418,47963.9719
1791284420,47967.1129
1791284422,47961.0274
1791284424,47952.8909
1791284426,47935.6641
1791284428,47945.2174
1791284430,47932.0981
1791284432,47934.8345
1791284434,47921.1809
1791284436,47931.1933
1791284438,47942.1088
1791284440,47939.4314
1791284442,47950.7969
1791284444,47964.0509
1791284446,47968.1881
1791284448,47973.3548
1791284450,47966.5571
1791284452,47981.4949
1791284454,47990.3116
1791284456,47996.6008
1791284458,47988.0849
1791284460,47977.1554
1791284462,47967.7747
1791284464,47960.7197
1791284466,47956.4634
1791284468,47953.8453
1791284470,47952.571
1791284472,47958.1983
1791284474,47973.7004
1791284476,47970.892
1791284478,47962.1502
1791284480,47980.42
1791284482,47984.6382
1791284484,47976.7609
1791284486,47972.5142
1791284488,47971.2534
1791284490,47983.2432
1791284492,47983.8717
1791284494,47973.2548
1791284496,47964.0513
1791284498,47968.3888
1791284500,47966.6103
1791284502,47963.828
1791284504,47958.641
1791284506,47969.8171
1791284508,47983.9359
1791284510,47982.0709
1791284512,47980.8905
1791284514,48000.4972
1791284516,47997.3318
1791284518,47986.2876
1791284520,47987.2836
1791284522,47991.8684
1791284524,47989.9025
1791284526,47995.8152
1791284528,47999.8527
1791284530,47996.9299
1791284532,48000.0102
1791284534,48002.7111
1791284536,48000.1781
1791284538,47992.9729
1791284540,48005.0367
1791284542,47997.3656
1791284544,48004.6399
1791284546,48020.6902
1791284548,48010.3329
1791284550,48018.1889
1791284552,48028.7783
1791284554,48041.2461
1791284556,48031.9356
1791284558,48047.2637
1791284560,48043.6867
1791284562,48034.1719
1791284564,48034.235
1791284566,48050.8908
1791284568,48066.0919
1791284570,48069.2021
1791284572,48069.0677
1791284574,48080.4733
1791284576,48072.7619
1791284578,48078.1559
1791284580,48067.9482
1791284582,48074.5138
1791284584,48079.7782
1791284586,48089.1321
1791284588,48091.1063
1791284590,48090.5275
1791284592,48093.1336
1791284594,48103.7084
1791284596,48110.5592
1791284598,48122.3681
1791284600,48125.5045
1791284602,48119.3224
1791284604,48118.4722
1791284606,48105.9066
1791284608,48116.057
1791284610,48088.6717
1791284612,48097.3164
1791284614,48102.0271
1791284616,48098.3177
1791284618,48091.5753
1791284620,48084.8235
1791284622,48068.6192
1791284624,48073.4832
1791284626,48056.0901
1791284628,48051.1983
1791284630,48058.7252
1791284632,48047.4249
1791284634,48065.0607
1791284636,48063.7246
1791284638,48067.9058
1791284640,48075.625
1791284642,48081.9212
1791284644,48091.5768
1791284646,48095.8636
1791284648,48089.0921
1791284650,48083.6212
1791284652,48086.3811
1791284654,48093.5659
1791284656,48101.8805
1791284658,48096.1071
1791284660,48100.3287
1791284662,48094.725
1791284664,48088.1344
1791284666,48092.8674
1791284668,48086.8207
1791284670,48092.2855
1791284672,48088.3302
1791284674,48090.7014
1791284676,48079.6886
1791284678,48081.3249
1791284680,48079.8602
1791284682,48066.027
1791284684,48061.9652
1791284686,48057.7049
1791284688,48055.3596
1791284690,48053.3897
1791284692,48039.0073
1791284694,48040.783
1791284696,48035.4397
1791284698,48015.5715
1791284700,48027.3717
1791284702,48034.7807
1791284704,48044.6514
1791284706,48037.5242
1791284708,48029.8699
1791284710,48021.0785
1791284712,48019.7214
1791284714,48018.2409
1791284716,48023.1941
1791284718,48016.7202
1791284720,48034.2143
1791284722,48042.0572
1791284724,48028.5745
1791284726,48036.9465
1791284728,48051.432
1791284730,48058.8222
1791284732,48049.581
1791284734,48054.7421
1791284736,48052.7476
1791284738,48042.9656
1791284740,48034.6211
1791284742,48038.8018
1791284744,48035.4796
1791284746,48040.093
1791284748,48034.7562
1791284750,48045.6141
1791284752,48067.0462
1791284754,48059.5193
1791284756,48073.5733
1791284758,48081.6092
1791284760,48077.0118
1791284762,48090.0729
1791284764,48088.7566
1791284766,48089.6411
1791284768,48060.651
1791284770,48078.8298
1791284772,48085.5427
1791284774,48080.685
1791284776,48077.3737
1791284778,48080.8512
1791284780,48090.3219
1791284782,48094.9985
1791284784,48101.0939
1791284786,48094.3714
1791284788,48099.0181
1791284790,48104.0886
1791284792,48094.9992
1791284794,48095.5247
1791284796,48094.6728
1791284798,48089.4194
1791284800,48071.7753
1791284802,48081.4332
1791284804,48067.3551
1791284806,48066.8122
1791284808,48075.0031
1791284810,48072.5006
1791284812,48082.4618
1791284814,48078.1587
1791284816,48083.9765
1791284818,48092.0645
1791284820,48091.6975
1791284822,48090.3507
1791284824,48093.8606
1791284826,48095.6691
1791284828,48101.1743
1791284830,48091.303
1791284832,48084.2907
1791284834,48089.619
1791284836,48105.8425
1791284838,48117.106
1791284840,48122.1498
1791284842,48117.8487
1791284844,48128.3089
1791284846,48127.0301
1791284848,48127.885
1791284850,48128.0847
1791284852,48123.6772
1791284854,48114.7812
1791284856,48111.1759
1791284858,48102.0988
1791284860,48112.4373
1791284862,48108.1254
1791284864,48126.408
1791284866,48128.2476
1791284868,48136.6545
1791284870,48135.2057
1791284872,48132.6791
1791284874,48117.1451
1791284876,48111.0482
1791284878,48122.0699
1791284880,48117.3537
1791284882,48091.3149
1791284884,48087.6183
1791284886,48087.0558
1791284888,48093.4249
1791284890,48086.9302
1791284892,48070.2394
1791284894,48069.1172
1791284896,48069.6932
1791284898,48074.5348
1791284900,48077.7615
1791284902,48086.1896
1791284904,48082.7718
1791284906,48080.0989
1791284908,48067.5068
1791284910,48077.568
1791284912,48075.3617
1791284914,48064.5943
1791284916,48071.0707
1791284918,48076.8941
1791284920,48082.017
1791284922,48079.5064
1791284924,48073.2879
1791284926,48068.6199
1791284928,48073.5768
1791284930,48090.6369
1791284932,48086.7332
1791284934,48088.2365
1791284936,48087.4674
1791284938,48074.0766
1791284940,48073.1177
1791284942,48074.5068
1791284944,48069.3753
1791284946,48062.7663
1791284948,48063.5297
1791284950,48044.2821
1791284952,48045.6378
1791284954,48043.4372
1791284956,48065.9426
1791284958,48059.8205
1791284960,48071.5657
1791284962,48080.039
1791284964,48084.2128
1791284966,48068.3479
1791284968,48070.5897
1791284970,48063.7201
1791284972,48060.3106
1791284974,48068.8659
1791284976,48054.9201
1791284978,48073.3833
1791284980,48064.6416
1791284982,48064.7717
1791284984,48045.712
1791284986,48044.691
1791284988,48048.3136
1791284990,48040.8132
1791284992,48024.2101
1791284994,48018.9716
1791284996,48021.1546
1791284998,48009.2997
1791285000,48003.7261
1791285002,48024.2803
1791285004,48010.4949
1791285006,48006.8454
1791285008,47987.7381
1791285010,47967.3079
1791285012,47988.3517
1791285014,47999.468
1791285016,48007.8518
1791285018,47998.1853
1791285020,48010.3369
1791285022,47999.9517
1791285024,47993.1421
1791285026,47996.6177
1791285028,47984.77
1791285030,47978.4877
1791285032,47995.5392
1791285034,48005.7304
1791285036,48003.428
1791285038,47999.13
1791285040,47991.8957
1791285042,47994.2023
1791285044,47987.1212
1791285046,47980.106
1791285048,47978.0226
1791285050,47971.0845
1791285052,47977.0082
1791285054,47987.1933
1791285056,47981.6273
1791285058,47991.0478
1791285060,47990.5963
1791285062,47991.5955
1791285064,47992.1293
1791285066,48000.9068
1791285068,48002.3647
1791285070,48018.6669
1791285072,48000.4197
1791285074,48005.8174
1791285076,48012.5486
1791285078,48007.1742
1791285080,48023.6314
1791285082,48036.2283
1791285084,48044.8607
1791285086,48038.0298
1791285088,48040.4047
1791285090,48026.4331
1791285092,48026.0656
1791285094,48025.7906
1791285096,48028.3041
1791285098,48019.743
1791285100,48018.394
1791285102,48020.458
1791285104,48019.7598
1791285106,48012.1486
1791285108,48016.6468
1791285110,48018.8971
1791285112,48021.6634
1791285114,48022.5878
1791285116,48017.3005
1791285118,48037.8063
1791285120,48043.312
1791285122,48030.7869
1791285124,48037.6374
1791285126,48036.7251
1791285128,48039.1888
1791285130,48028.5598
1791285132,48016.1528
1791285134,48026.1573
1791285136,48032.4582
1791285138,48040.5081
1791285140,48034.0699
1791285142,48043.3875
1791285144,48042.9825
1791285146,48034.9662
1791285148,48017.3582
1791285150,48015.7963
1791285152,48014.2051
1791285154,48018.0929
1791285156,48002.7715
1791285158,47999.0391
1791285160,48003.5807
1791285162,48008.3212
1791285164,48003.6207
1791285166,48016.029
1791285168,48004.6532
1791285170,47994.4144
1791285172,48000.3755
1791285174,47992.7396
1791285176,48006.2206
1791285178,47998.3662
1791285180,47988.6245
1791285182,47987.2442
1791285184,47992.7532
1791285186,48009.9754
1791285188,48015.0085
1791285190,48013.9508
1791285192,48023.5638
1791285194,47998.2171
1791285196,48005.4053
1791285198,48009.7226
1791285200,48002.9519
1791285202,47998.3597
1791285204,47995.3439
1791285206,47987.5494
1791285208,47996.7063
1791285210,47991.4873
1791285212,47986.7281
1791285214,47981.2952
1791285216,47997.6374
1791285218,47991.1139
1791285220,48001.8088
1791285222,48006.4442
1791285224,47994.8701
1791285226,47994.069
1791285228,47996.7529
1791285230,47981.1363
1791285232,47965.4682
1791285234,47950.9225
1791285236,47962.5375
1791285238,47961.8857
1791285240,47965.3711
1791285242,47976.0538
1791285244,47981.1304
1791285246,47964.6423
1791285248,47968.0079
1791285250,47971.9565
1791285252,47992.1799
1791285254,47989.3275
1791285256,47993.5415
1791285258,47979.4948
1791285260,47987.8566
1791285262,47972.2418
1791285264,47972.4516
1791285266,47974.8872
1791285268,47976.3123
1791285270,47968.9908
1791285272,47988.8023
1791285274,47982.7732
1791285276,47988.5875
1791285278,47989.3729
1791285280,47992.1232
1791285282,47970.6767
1791285284,47963.9172
1791285286,47977.7213
1791285288,47971.7364
1791285290,47960.77
1791285292,47961.0067
1791285294,47953.599
1791285296,47952.3725
1791285298,47954.6359
1791285300,47949.6
1791285302,47962.9831
1791285304,47962.8517
1791285306,47979.9239
1791285308,47986.6711
1791285310,47986.727
1791285312,47985.1446
1791285314,47971.0245
1791285316,47970.1266
1791285318,47959.2639
1791285320,47957.1302
1791285322,47958.4001
1791285324,47961.8043
1791285326,47964.8562
1791285328,47962.0541
1791285330,47973.9005
1791285332,47973.2342
1791285334,47963.4219
1791285336,47969.7254
1791285338,47970.432
1791285340,47972.701
1791285342,47981.7284
1791285344,47980.2173
1791285346,47992.7226
1791285348,47989.5029
1791285350,47992.9756
1791285352,47984.3846
1791285354,47983.9112
1791285356,47988.9361
1791285358,47994.2728
1791285360,47999.5942
1791285362,48012.9966
1791285364,48017.0712
1791285366,48019.2121
1791285368,48023.8804
1791285370,48013.4915
1791285372,48010.7972
1791285374,48008.1312
1791285376,48010.2815
1791285378,47996.0998
1791285380,48005.8149
1791285382,48008.0634
1791285384,48005.4307
1791285386,48004.3194
1791285388,48002.9635
1791285390,47992.3583
1791285392,48001.6672
1791285394,47997.2889
1791285396,48003.6993
1791285398,47996.2874
1791285400,47995.4784
1791285402,47988.3082
1791285404,48001.074
1791285406,47999.2243
1791285408,47982.2706
1791285410,47997.5045
1791285412,47982.6805
1791285414,47996.5857
1791285416,47987.2763
1791285418,47971.6591
1791285420,47963.4646
1791285422,47960.7786
1791285424,47953.3098
1791285426,47964.7421
1791285428,47964.9019
1791285430,47966.894
1791285432,47972.9768
1791285434,47968.0756
1791285436,47974.0508
1791285438,47968.2596
1791285440,47973.1281
1791285442,47983.2791
1791285444,47974.5717
1791285446,47991.3916
1791285448,47993.8542
1791285450,47989.3428
1791285452,47995.9683
1791285454,47988.0734
1791285456,47993.1358
1791285458,48001.9573
1791285460,48004.1035
1791285462,48007.6047
1791285464,48006.6963
1791285466,48000.1508
1791285468,47995.2838
1791285470,47995.1079
1791285472,48005.2753
1791285474,48008.7875
1791285476,48012.1476
1791285478,48005.6084
1791285480,47994.6006
1791285482,47999.1928
1791285484,47999.3543
1791285486,48002.978
1791285488,48008.4718
1791285490,48029.4964
1791285492,48035.8984
1791285494,48036.8445
1791285496,48034.4842
1791285498,48044.2909
1791285500,48035.511
1791285502,48040.1088
1791285504,48047.223
1791285506,48056.3665
1791285508,48053.1717
1791285510,48048.9241
1791285512,48052.9532
1791285514,48054.4122
1791285516,48060.2102
1791285518,48064.9858
1791285520,48063.1882
1791285522,48058.2446
1791285524,48072.092
1791285526,48050.7289
1791285528,48045.4766
1791285530,48050.5267
1791285532,48068.0618
1791285534,48071.5654
1791285536,48076.473
1791285538,48064.6059
1791285540,48051.9663
1791285542,48061.8663
1791285544,48061.9146
1791285546,48046.8713
1791285548,48060.5033
1791285550,48060.025
1791285552,48071.4004
1791285554,48074.7101
1791285556,48086.4821
1791285558,48080.4703
1791285560,48095.4711
1791285562,48086.4735
1791285564,48079.0002
1791285566,48075.0801
1791285568,48079.2923
1791285570,48087.0698
1791285572,48085.876
1791285574,48090.2586
1791285576,48078.0934
1791285578,48084.6113
1791285580,48084.7544
1791285582,48069.6453
1791285584,48075.4556
1791285586,48071.6989
1791285588,48071.1189
1791285590,48057.2426
1791285592,48056.4011
1791285594,48037.4346
1791285596,48032.7172
1791285598,48038.6833
1791285600,48034.2233
1791285602,48035.6964
1791285604,48029.214
1791285606,48034.627
1791285608,48047.632
1791285610,48044.9105
1791285612,48025.1806
1791285614,48022.489
1791285616,48020.1815
1791285618,48007.0831
1791285620,48017.8988
1791285622,48013.8901
1791285624,48022.7749
1791285626,48003.8479
1791285628,47996.2963
1791285630,47996.4373
1791285632,48009.6817
1791285634,47998.3784
1791285636,48010.3072
1791285638,48008.1599
1791285640,48023.3123
1791285642,48050.6889
1791285644,48057.8366
1791285646,48072.0616
1791285648,48076.3557
1791285650,48083.2106
1791285652,48096.5609
1791285654,48088.8426
1791285656,48092.3506
1791285658,48093.7691
1791285660,48092.4632
1791285662,48094.2068
1791285664,48084.9883
1791285666,48078.9961
1791285668,48100.5887
1791285670,48095.3686
1791285672,48087.6548
1791285674,48094.8917
1791285676,48085.6545
1791285678,48079.9188
1791285680,48090.2171
1791285682,48102.1164
1791285684,48097.1705
1791285686,48097.8749
1791285688,48090.4209
1791285690,48070.1821
1791285692,48077.0453
1791285694,48079.6342
1791285696,48083.0072
1791285698,48093.2562
1791285700,48096.9513
1791285702,48092.1613
1791285704,48072.9013
1791285706,48055.7568
1791285708,48066.3998
1791285710,48055.8682
1791285712,48054.7923
1791285714,48069.1399
1791285716,48061.6448
1791285718,48059.6008
1791285720,48050.4546
1791285722,48047.952
1791285724,48060.1192
1791285726,48053.9985
1791285728,48051.1393
1791285730,48059.1411
1791285732,48065.2564
1791285734,48056.2339
1791285736,48056.3857
1791285738,48057.741
1791285740,48054.4825
1791285742,48037.9574
1791285744,48024.97
1791285746,48027.1895
1791285748,48036.6754
1791285750,48032.9044
1791285752,48031.1
1791285754,48039.993
1791285756,48021.9835
1791285758,48020.5865
1791285760,48016.4951
1791285762,48025.636
1791285764,48022.2319
1791285766,48006.9109
1791285768,47994.0144
1791285770,47982.6403
1791285772,47999.2736
1791285774,47986.1225
1791285776,47992.098
1791285778,47996.2755
1791285780,48007.6577
1791285782,48010.9071
1791285784,48002.7859
1791285786,47982.5897
1791285788,47978.871
1791285790,47979.6242
1791285792,47974.4558
1791285794,47964.8063
1791285796,47950.7607
1791285798,47956.6336
1791285800,47958.1392
1791285802,47945.8961
1791285804,47951.7789
1791285806,47958.3325
1791285808,47941.9472
1791285810,47944.8995
1791285812,47950.6205
1791285814,47947.0535
1791285816,47941.5372
1791285818,47941.9845
1791285820,47949.7322
1791285822,47950.7009
1791285824,47943.8367
1791285826,47947.6882
1791285828,47943.4539
1791285830,47935.969
1791285832,47925.9671
1791285834,47898.0748
1791285836,47878.0777
1791285838,47883.4688
1791285840,47874.9147
1791285842,47870.4966
1791285844,47873.4458
1791285846,47858.7819
1791285848,47861.8318
1791285850,47858.9076
1791285852,47854.8819
1791285854,47848.5275
1791285856,47853.6611
1791285858,47860.2044
1791285860,47870.1507
1791285862,47857.2797
1791285864,47845.1036
1791285866,47846.7014
1791285868,47844.7182
1791285870,47857.7736
1791285872,47863.2062
1791285874,47878.0349
1791285876,47876.0124
1791285878,47876.4899
1791285880,47867.2832
1791285882,47866.5748
1791285884,47855.5323
1791285886,47845.9116
1791285888,47857.6731
1791285890,47856.5218
1791285892,47853.1843
1791285894,47846.1605
1791285896,47851.6026
1791285898,47836.7857
1791285900,47828.1925
1791285902,47818.9461
1791285904,47814.2371
1791285906,47825.0529
1791285908,47809.1456
1791285910,47808.3664
1791285912,47821.452
1791285914,47825.1717
1791285916,47815.8205
1791285918,47799.8375
1791285920,47782.165
1791285922,47791.4316
1791285924,47794.4274
1791285926,47788.3955
1791285928,47778.5179
1791285930,47785.3075
1791285932,47770.3349
1791285934,47767.995
1791285936,47756.702
1791285938,47763.4809
1791285940,47776.4046
1791285942,47785.0327
1791285944,47780.1172
1791285946,47789.9804
1791285948,47797.6494
1791285950,47794.9723
1791285952,47797.0995
1791285954,47802.8569
1791285956,47788.7268
1791285958,47784.4147
1791285960,47795.5903
1791285962,47773.2807
1791285964,47775.1898
1791285966,47759.984
1791285968,47745.6718
1791285970,47733.9359
1791285972,47733.9054
1791285974,47737.8159
1791285976,47742.6213
1791285978,47740.9181
1791285980,47746.5517
1791285982,47751.6926
1791285984,47751.2319
1791285986,47762.9046
1791285988,47764.4503
1791285990,47766.4422
1791285992,47769.4529
1791285994,47781.4978
1791285996,47779.9658
1791285998,47780.0942
1791286000,47774.7221
1791286002,47776.6101
1791286004,47776.9145
1791286006,47768.1432
1791286008,47753.3201
1791286010,47748.2265
1791286012,47748.5728
1791286014,47757.4047
1791286016,47749.3624
1791286018,47756.7016
1791286020,47766.4395
1791286022,47773.8374
1791286024,47778.9914
1791286026,47780.1315
1791286028,47786.6279
1791286030,47789.3685
1791286032,47778.9248
1791286034,47771.5339
1791286036,47789.0014
1791286038,47792.1691
1791286040,47774.9636
1791286042,47801.1217
1791286044,47790.3775
1791286046,47799.5202
1791286048,47788.6285
1791286050,47793.1943
1791286052,47798.3502
1791286054,47800.9668
1791286056,47787.0852
1791286058,47783.4685
1791286060,47785.344
1791286062,47788.087
1791286064,47778.5405
1791286066,47782.3604
1791286068,47773.5744
1791286070,47752.8527
1791286072,47752.7555
1791286074,47757.7059
1791286076,47769.2939
1791286078,47777.3108
1791286080,47779.2883
1791286082,47781.1252
1791286084,47769.7876
1791286086,47769.0041
1791286088,47767.4517
1791286090,47765.7318
1791286092,47753.7855
1791286094,47746.3526
1791286096,47751.7291
1791286098,47747.7619
1791286100,47730.4593
1791286102,47730.522
1791286104,47721.1122
1791286106,47720.3028
1791286108,47727.1148
1791286110,47734.5349
1791286112,47728.8184
1791286114,47720.2522
1791286116,47709.5274
1791286118,47713.9371
1791286120,47713.7397
1791286122,47710.929
1791286124,47711.2225
1791286126,47713.0644
1791286128,47722.5663
1791286130,47734.1384
1791286132,47736.4064
1791286134,47734.4813
1791286136,47735.7967
1791286138,47734.9071
1791286140,47739.2818
1791286142,47730.6369
1791286144,47741.1806
1791286146,47741.9847
1791286148,47746.7525
1791286150,47760.2653
1791286152,47753.2518
1791286154,47742.4501
1791286156,47736.7511
1791286158,47736.1741
1791286160,47738.5305
1791286162,47727.8574
1791286164,47728.9218
1791286166,47748.8904
1791286168,47762.9553
1791286170,47759.3448
1791286172,47747.6504
1791286174,47755.9431
1791286176,47768.7361
1791286178,47744.4828
1791286180,47748.935
1791286182,47740.3168
1791286184,47746.6855
1791286186,47748.1556
1791286188,47739.1248
1791286190,47740.635
1791286192,47753.3965
1791286194,47746.6564
1791286196,47744.9626
1791286198,47743.2255
1791286200,47746.9217
1791286202,47752.6327
1791286204,47754.7525
1791286206,47758.6386
1791286208,47767.9278
1791286210,47780.5091
1791286212,47769.8219
1791286214,47786.1337
1791286216,47779.657
1791286218,47769.4097
1791286220,47771.5182
1791286222,47767.3603
1791286224,47777.4399
1791286226,47776.4324
1791286228,47780.877
1791286230,47761.5318
1791286232,47765.3155
1791286234,47770.6906
1791286236,47788.4808
1791286238,47767.8897
1791286240,47764.5075
1791286242,47770.2525
1791286244,47775.7877
1791286246,47788.9274
1791286248,47784.1878
1791286250,47796.2048
1791286252,47814.5456
1791286254,47821.7918
1791286256,47820.9706
1791286258,47835.3411
1791286260,47835.2844
1791286262,47831.8144
1791286264,47820.177
1791286266,47821.1438
1791286268,47840.5517
1791286270,47847.8263
1791286272,47863.3923
1791286274,47855.2091
1791286276,47855.4521
1791286278,47865.9496
1791286280,47863.5027
1791286282,47858.3773
1791286284,47868.8651
1791286286,47868.1738
1791286288,47876.1127
1791286290,47874.077
1791286292,47866.4507
1791286294,47855.2789
1791286296,47856.9308
1791286298,47859.8641
1791286300,47856.8119
1791286302,47859.4167
1791286304,47843.2287
1791286306,47847.3117
1791286308,47838.0563
1791286310,47827.048
1791286312,47838.9647
1791286314,47832.6719
1791286316,47827.9676
1791286318,47826.9535
1791286320,47840.1967
1791286322,47831.2068
1791286324,47835.4273
1791286326,47809.9585
1791286328,47808.41
1791286330,47811.6579
1791286332,47813.5245
1791286334,47833.1003
1791286336,47827.0362
1791286338,47830.2166
1791286340,47818.8858
1791286342,47830.5213
1791286344,47823.9594
1791286346,47826.547
1791286348,47842.3731
1791286350,47841.4313
1791286352,47823.8057
1791286354,47808.6062
1791286356,47802.5484
1791286358,47791.659
1791286360,47776.9432
1791286362,47776.4872
1791286364,47793.5807
1791286366,47794.3869
1791286368,47800.1126
1791286370,47804.488
1791286372,47793.4069
1791286374,47795.8199
1791286376,47788.6753
1791286378,47793.4615
1791286380,47812.4939
1791286382,47799.6122
1791286384,47791.8064
1791286386,47783.3687
1791286388,47776.0547
1791286390,47784.7049
1791286392,47787.6203
1791286394,47783.3148
1791286396,47775.0989
1791286398,47765.6285
1791286400,47772.9768
1791286402,47774.5079
1791286404,47776.1775
1791286406,47778.7601
1791286408,47797.826
1791286410,47792.9077
1791286412,47786.5311
1791286414,47785.2317
1791286416,47792.7713
1791286418,47799.0598
1791286420,47794.2073
1791286422,47779.0063
1791286424,47779.0563
1791286426,47769.3609
1791286428,47776.2825
1791286430,47795.9538
1791286432,47786.5455
1791286434,47784.5775
1791286436,47791.363
1791286438,47794.4375
1791286440,47808.4063
1791286442,47802.1791
1791286444,47811.6208
1791286446,47797.5401
1791286448,47797.5992
1791286450,47793.6608
1791286452,47795.9748
1791286454,47801.3957
1791286456,47806.1261
1791286458,47803.4166
1791286460,47809.557
1791286462,47804.4441
1791286464,47798.7089
1791286466,47797.7117
1791286468,47791.8221
1791286470,47807.9606
1791286472,47803.897
1791286474,47802.9808
1791286476,47816.8353
1791286478,47822.439
1791286480,47799.549
1791286482,47800.6945
1791286484,47792.1277
1791286486,47772.975
1791286488,47785.147
1791286490,47780.3688
1791286492,47802.9628
1791286494,47797.9446
1791286496,47798.9466
1791286498,47807.099
1791286500,47799.045
1791286502,47792.0839
1791286504,47796.1176
1791286506,47811.6443
1791286508,47801.1626
1791286510,47804.3917
1791286512,47811.9663
1791286514,47818.1439
1791286516,47814.3921
1791286518,47816.6067
1791286520,47824.9428
1791286522,47823.7777
1791286524,47804.3053
1791286526,47794.9967
1791286528,47800.631
1791286530,47795.5944
1791286532,47804.1171
1791286534,47807.5378
1791286536,47811.4396
1791286538,47829.5569
1791286540,47836.673
1791286542,47838.5462
1791286544,47838.3939
1791286546,47842.5526
1791286548,47836.5686
1791286550,47833.0394
1791286552,47831.6396
1791286554,47826.1366
1791286556,47819.7097
1791286558,47807.3346
1791286560,47797.1789
1791286562,47797.6638
1791286564,47794.9564
1791286566,47803.9752
1791286568,47816.1448
1791286570,47822.4373
1791286572,47831.4336
1791286574,47831.3874
1791286576,47840.3979
1791286578,47838.9238
1791286580,47815.9011
1791286582,47813.4723
1791286584,47809.7394
1791286586,47811.6584
1791286588,47806.336
1791286590,47818.1386
1791286592,47812.59
1791286594,47815.5059
1791286596,47814.6734
1791286598,47829.3987
1791286600,47831.5344
1791286602,47830.2918
1791286604,47813.6719
1791286606,47811.2883
1791286608,47807.5536
1791286610,47811.0345
1791286612,47800.9865
1791286614,47803.544
1791286616,47815.1238
1791286618,47794.6488
1791286620,47784.8424
1791286622,47792.4257
1791286624,47789.9057
1791286626,47782.0768
1791286628,47774.0643
1791286630,47774.7128
1791286632,47778.8874
1791286634,47778.5184
1791286636,47782.068
1791286638,47777.016
1791286640,47774.9617
1791286642,47768.9269
1791286644,47780.7478
1791286646,47776.517
1791286648,47780.3901
1791286650,47796.27
1791286652,47800.3378
1791286654,47807.2768
1791286656,47790.3397
1791286658,47789.5073
1791286660,47799.9859
1791286662,47798.3986
1791286664,47797.6029
1791286666,47803.1531
1791286668,47818.3118
1791286670,47823.5084
1791286672,47824.6558
1791286674,47827.9876
1791286676,47830.1871
1791286678,47825.3583
1791286680,47823.9113
1791286682,47836.9797
1791286684,47813.1536
1791286686,47811.5864
1791286688,47822.5047
1791286690,47828.2375
1791286692,47838.2191
1791286694,47840.1429
1791286696,47837.9262
1791286698,47829.7028
1791286700,47830.6904
1791286702,47831.1253
1791286704,47829.0012
1791286706,47831.893
1791286708,47837.4626
1791286710,47827.1142
1791286712,47835.9652
1791286714,47831.3597
1791286716,47828.9683
1791286718,47844.251
1791286720,47845.7216
1791286722,47849.3982
1791286724,47855.6372
1791286726,47866.7236
1791286728,47850.8394
1791286730,47849.252
1791286732,47839.4723
1791286734,47820.2436
1791286736,47823.6344
1791286738,47832.0497
1791286740,47818.7656
1791286742,47826.4938
1791286744,47828.1641
1791286746,47822.0458
1791286748,47819.2287
1791286750,47811.7164
1791286752,47821.3462
1791286754,47824.4471
1791286756,47824.525
1791286758,47820.6269
1791286760,47813.148
1791286762,47802.9632
1791286764,47798.5283
1791286766,47795.9018
1791286768,47783.639
1791286770,47793.4874
1791286772,47814.1495
1791286774,47810.1944
1791286776,47818.9665
1791286778,47825.3138
1791286780,47818.0787
1791286782,47828.4773
1791286784,47840.7143
1791286786,47847.2246
1791286788,47861.9018
1791286790,47860.4876
1791286792,47857.707
1791286794,47867.6865
1791286796,47875.344
1791286798,47876.6135
1791286800,47887.0928
1791286802,47892.8918
1791286804,47895.9451
1791286806,47915.5796
1791286808,47901.5973
1791286810,47903.952
1791286812,47899.7652
1791286814,47901.5331
1791286816,47908.1276
1791286818,47919.5583
1791286820,47929.6026
1791286822,47934.5327
1791286824,47939.6222
1791286826,47941.0333
1791286828,47923.1316
1791286830,47927.7966
1791286832,47925.7326
1791286834,47924.2145
1791286836,47930.9611
1791286838,47926.0187
1791286840,47927.9897
1791286842,47921.6408
1791286844,47928.5645
1791286846,47930.9634
1791286848,47934.8376
1791286850,47951.9088
1791286852,47977.1301
1791286854,47958.9609
1791286856,47962.7287
1791286858,47953.1671
1791286860,47934.8629
1791286862,47945.5955
1791286864,47958.4173
1791286866,47944.5655
1791286868,47938.5508
1791286870,47941.6297
1791286872,47950.6157
1791286874,47944.3705
1791286876,47940.867
1791286878,47954.2146
1791286880,47947.4937
1791286882,47947.1697
1791286884,47955.4468
1791286886,47957.5926
1791286888,47957.7784
1791286890,47968.0204
1791286892,47968.39
1791286894,47984.0974
1791286896,47983.2911
1791286898,48001.7249
1791286900,47998.8878
1791286902,48017.4237
1791286904,48003.9344
1791286906,47985.4568
1791286908,47970.8181
1791286910,47965.4231
1791286912,47965.8159
1791286914,47965.1562
1791286916,47953.9234
1791286918,47972.9744
1791286920,47975.8425
1791286922,47980.5789
1791286924,47968.9577
1791286926,47986.3392
1791286928,47977.6874
1791286930,47985.5128
1791286932,47982.4803
1791286934,47985.5552
1791286936,47999.0195
1791286938,48000.9425
1791286940,47993.9498
1791286942,48021.3344
1791286944,48027.2676
1791286946,48046.096
1791286948,48029.4936
1791286950,48024.7015
1791286952,48020.7779
1791286954,48026.3364
1791286956,48019.6267
1791286958,48003.4498
1791286960,48006.0409
1791286962,48009.3981
1791286964,48006.338
1791286966,47991.4632
1791286968,47988.0498
1791286970,47978.8126
1791286972,47970.7905
1791286974,47961.3714
1791286976,47946.7063
1791286978,47955.257
1791286980,47956.6336
1791286982,47955.2147
1791286984,47953.4018
1791286986,47936.3408
1791286988,47931.9716
1791286990,47940.6512
1791286992,47940.5824
1791286994,47943.9697
1791286996,47951.9558
1791286998,47962.1061
1791287000,47965.3202
1791287002,47961.539
1791287004,47949.4743
1791287006,47946.4364
1791287008,47951.0604
1791287010,47961.7897
1791287012,47967.0025
1791287014,47966.2929
1791287016,47954.2906
1791287018,47947.6311
1791287020,47953.2168
1791287022,47952.9052
1791287024,47949.4441
1791287026,47939.6244
1791287028,47941.9496
1791287030,47931.0328
1791287032,47958.1638
1791287034,47967.3843
1791287036,47967.9267
1791287038,47946.4417
1791287040,47953.1982
1791287042,47958.6011
1791287044,47950.5191
1791287046,47954.0417
1791287048,47963.7878
1791287050,47957.0653
1791287052,47939.1831
1791287054,47950.4687
1791287056,47951.4615
1791287058,47942.8266
1791287060,47956.9309
1791287062,47947.5456
1791287064,47935.3507
1791287066,47933.2652
1791287068,47942.1565
1791287070,47948.2611
1791287072,47956.327
1791287074,47950.9013
1791287076,47952.3483
1791287078,47945.4477
1791287080,47952.9592
1791287082,47958.494
1791287084,47952.7573
1791287086,47946.3218
1791287088,47955.419
1791287090,47942.1463
1791287092,47944.4666
1791287094,47961.0461
1791287096,47949.5811
1791287098,47963.0481
1791287100,47976.0613
1791287102,47983.8528
1791287104,47967.7998
1791287106,47971.7639
1791287108,47963.3947
1791287110,47960.788
1791287112,47963.3449
1791287114,47964.484
1791287116,47972.5204
1791287118,47976.3567
1791287120,47969.8619
1791287122,47973.66
1791287124,47985.2595
1791287126,47983.8531
1791287128,47984.5686
1791287130,47983.159
1791287132,47985.9621
1791287134,47984.7163
1791287136,47963.1328
1791287138,47958.137
1791287140,47965.1451
1791287142,47967.5141
1791287144,47956.4742
1791287146,47949.6566
1791287148,47937.0227
1791287150,47925.4117
1791287152,47949.5266
1791287154,47941.2722
1791287156,47953.4148
1791287158,47952.4749
1791287160,47936.5512
1791287162,47939.9109
1791287164,47945.3999
1791287166,47945.7705
1791287168,47946.1339
1791287170,47961.2435
1791287172,47963.14
1791287174,47981.6655
1791287176,47983.2829
1791287178,47983.657
1791287180,47991.3557
1791287182,48016.8472
1791287184,48004.472
1791287186,48003.9032
1791287188,47995.3449
1791287190,48008.0469
1791287192,48016.9282
1791287194,48028.2041
1791287196,48006.4395
1791287198,48000.4093
1791287200,48013.487
1791287202,48005.7277
1791287204,48000.4593
1791287206,48021.5766
1791287208,48009.7434
1791287210,48014.4233
1791287212,48008.1354
1791287214,47997.8023
1791287216,47991.0894
1791287218,47999.4118
1791287220,47980.3166
1791287222,47974.1099
1791287224,47972.9084
1791287226,47981.1386
1791287228,47989.1127
1791287230,47987.6258
1791287232,48003.7732
1791287234,48008.4166
1791287236,48009.9826
1791287238,48026.3257
1791287240,48032.1343
1791287242,48042.6994
1791287244,48045.538
1791287246,48050.0478
1791287248,48055.7335
1791287250,48044.2432
1791287252,48042.4627
1791287254,48040.4933
1791287256,48036.1203
1791287258,48044.2122
1791287260,48032.8576
1791287262,48047.6675
1791287264,48045.0837
1791287266,48044.0013
1791287268,48037.5284
1791287270,48014.7951
1791287272,48018.4798
1791287274,48020.5898
1791287276,48026.676
1791287278,48021.5756
1791287280,48014.4134
1791287282,48006.4299
1791287284,48012.7062
1791287286,48018.9409
1791287288,47997.241
1791287290,47988.2792
1791287292,47966.845
1791287294,47968.3046
1791287296,47963.8593
1791287298,47961.2905
1791287300,47959.4991
1791287302,47960.9929
1791287304,47964.7162
1791287306,47956.7535
1791287308,47936.9648
1791287310,47947.2432
1791287312,47958.918
1791287314,47963.1255
1791287316,47963.2081
1791287318,47971.1853
1791287320,47969.7761
1791287322,47969.5437
1791287324,47958.85
1791287326,47974.3058
1791287328,47965.3132
1791287330,47962.5695
1791287332,47958.3607
1791287334,47942.9715
1791287336,47934.8386
1791287338,47926.425
1791287340,47922.8452
1791287342,47924.385
1791287344,47932.6424
1791287346,47924.8401
1791287348,47928.3228
1791287350,47926.0222
1791287352,47943.0965
1791287354,47959.5499
1791287356,47978.0871
1791287358,47983.3523
1791287360,47990.6639
1791287362,48002.0497
1791287364,48002.4524
1791287366,48006.7745
1791287368,48016.7927
1791287370,48011.6109
1791287372,48017.8054
1791287374,48032.9572
1791287376,48033.5664
1791287378,48027.6499
1791287380,48022.9603
1791287382,48009.8171
1791287384,47999.0901
1791287386,48018.0303
1791287388,48024.6384
1791287390,48021.862
1791287392,48024.6837
1791287394,48024.001
1791287396,48009.2789
1791287398,48001.2125
1791287400,48012.1492
1791287402,48015.1904
1791287404,48014.6042
1791287406,48020.2259
1791287408,48025.8218
1791287410,48016.5507
1791287412,48013.0882
1791287414,48015.6309
1791287416,48012.4782
1791287418,48011.6552
1791287420,48008.8979
1791287422,48016.3331
1791287424,48010.3612
1791287426,48003.3914
1791287428,47994.0386
1791287430,47987.628
1791287432,47971.7919
1791287434,47966.4837
1791287436,47969.3436
1791287438,47975.2502
1791287440,47976.6002
1791287442,47974.0033
1791287444,47983.3471
1791287446,47986.2614
1791287448,47998.035
1791287450,47996.4062
1791287452,47988.9339
1791287454,47974.3416
1791287456,47975.851
1791287458,47966.2829
1791287460,47966.6101
1791287462,47963.8588
1791287464,47959.8558
1791287466,47951.0206
1791287468,47928.0227
1791287470,47928.6877
1791287472,47948.3535
1791287474,47938.8025
1791287476,47936.3003
1791287478,47948.2973
1791287480,47948.7835
1791287482,47944.9403
1791287484,47932.436
1791287486,47919.6019
1791287488,47907.8904
1791287490,47906.162
1791287492,47901.7572
1791287494,47906.3178
1791287496,47920.8081
1791287498,47914.1712
1791287500,47911.8987
1791287502,47908.0301
1791287504,47894.6679
1791287506,47886.8616
1791287508,47881.0094
1791287510,47852.3633
1791287512,47854.6662
1791287514,47854.9796
1791287516,47854.2255
1791287518,47842.0047
1791287520,47842.4634
1791287522,47839.4423
1791287524,47837.5337
1791287526,47852.1861
1791287528,47847.9133
1791287530,47843.1606
1791287532,47848.2645
1791287534,47840.1975
1791287536,47837.0055
1791287538,47844.8908
1791287540,47829.1419
1791287542,47827.6017
1791287544,47812.4311
1791287546,47804.426
1791287548,47795.0162
1791287550,47796.7784
1791287552,47808.692
1791287554,47802.6825
1791287556,47790.2599
1791287558,47788.5317
1791287560,47788.4379
1791287562,47790.8838
1791287564,47790.4659
1791287566,47800.4698
1791287568,47805.0059
1791287570,47797.6996
1791287572,47799.3346
1791287574,47806.4546
1791287576,47819.3927
1791287578,47844.8647
1791287580,47847.3065
1791287582,47850.4275
1791287584,47848.8028
1791287586,47859.4585
1791287588,47847.0455
1791287590,47837.6137
1791287592,47844.4456
1791287594,47849.4374
1791287596,47862.7933
1791287598,47851.2833
1791287600,47860.1397
1791287602,47858.9038
1791287604,47851.111
1791287606,47833.726
1791287608,47840.8027
1791287610,47841.9511
1791287612,47854.197
1791287614,47850.762
1791287616,47856.8332
1791287618,47847.1684
1791287620,47850.2451
1791287622,47849.0349
1791287624,47864.1453
1791287626,47857.4653
1791287628,47862.4489
1791287630,47845.4856
1791287632,47852.5812
1791287634,47849.0359
1791287636,47836.3689
1791287638,47835.7695
1791287640,47828.2491
1791287642,47834.9841
1791287644,47829.9967
1791287646,47821.7972
1791287648,47813.3076
1791287650,47808.7225
1791287652,47814.887
1791287654,47813.9668
1791287656,47823.6475
1791287658,47834.4251
1791287660,47823.8746
1791287662,47809.226
1791287664,47805.7144
1791287666,47805.475
1791287668,47801.9134
1791287670,47810.1249
1791287672,47813.9495
1791287674,47809.0921
1791287676,47814.8223
1791287678,47806.7012
1791287680,47809.8148
1791287682,47810.8089
1791287684,47818.3428
1791287686,47816.1975
1791287688,47811.4463
1791287690,47817.0377
1791287692,47807.9904
1791287694,47817.5756
1791287696,47822.4503
1791287698,47821.6743
1791287700,47816.6808
1791287702,47826.6811
1791287704,47826.6386
1791287706,47817.0909
1791287708,47818.6236
1791287710,47824.9507
1791287712,47826.3557
1791287714,47828.4625
1791287716,47828.4864
1791287718,47812.5372
1791287720,47799.1247
1791287722,47791.8943
1791287724,47785.1844
1791287726,47779.0755
1791287728,47773.8651
1791287730,47781.1913
1791287732,47787.4884
1791287734,47793.5633
1791287736,47791.4792
1791287738,47797.3891
1791287740,47794.6559
1791287742,47801.3244
1791287744,47823.8466
1791287746,47815.4542
1791287748,47806.1593
1791287750,47802.5254
1791287752,47803.6482
1791287754,47829.4107
1791287756,47822.8228
1791287758,47829.9081
1791287760,47839.0595
1791287762,47836.4146
1791287764,47847.865
1791287766,47859.8844
1791287768,47851.7143
1791287770,47836.599
1791287772,47834.4643
1791287774,47851.1584
1791287776,47841.8889
1791287778,47832.5763
1791287780,47846.5413
1791287782,47849.093
1791287784,47834.6301
1791287786,47832.6112
1791287788,47826.3807
1791287790,47831.2574
1791287792,47815.66
1791287794,47833.3439
1791287796,47825.5905
1791287798,47830.0056
1791287800,47835.9733
1791287802,47819.3508
1791287804,47831.9916
1791287806,47836.1617
1791287808,47841.0854
1791287810,47835.7572
1791287812,47847.8717
1791287814,47853.6716
1791287816,47855.3003
1791287818,47861.8146
1791287820,47868.2931
1791287822,47869.4173
1791287824,47866.1481
1791287826,47861.5187
1791287828,47860.1153
1791287830,47860.4894
1791287832,47851.1461
1791287834,47850.5236
1791287836,47846.6026
1791287838,47845.6741
1791287840,47847.8618
1791287842,47861.3475
1791287844,47865.6861
1791287846,47878.0778
1791287848,47874.0409
1791287850,47870.2761
1791287852,47862.1256
1791287854,47847.8165
1791287856,47848.4684
1791287858,47858.2788
1791287860,47871.0808
1791287862,47875.9931
1791287864,47870.046
1791287866,47879.9816
1791287868,47882.2048
1791287870,47877.7847
1791287872,47870.5331
1791287874,47872.4259
1791287876,47872.852
1791287878,47871.2941
1791287880,47871.7815
1791287882,47877.9899
1791287884,47870.507
1791287886,47883.1008
1791287888,47889.0567
1791287890,47893.1279
1791287892,47908.3321
1791287894,47907.2764
1791287896,47894.8478
1791287898,47892.4595
1791287900,47899.6166
1791287902,47923.1239
1791287904,47921.3051
1791287906,47923.1353
1791287908,47901.8968
1791287910,47903.4888
1791287912,47915.8926
1791287914,47908.7117
1791287916,47903.0514
1791287918,47887.5903
1791287920,47873.9658
1791287922,47886.3633
1791287924,47888.6412
1791287926,47890.1486
1791287928,47892.7155
1791287930,47894.0765
1791287932,47897.8516
1791287934,47886.107
1791287936,47894.5443
1791287938,47913.8113
1791287940,47907.4075
1791287942,47902.2771
1791287944,47902.4112
1791287946,47890.0637
1791287948,47892.6146
1791287950,47895.9295
1791287952,47905.6613
1791287954,47923.906
1791287956,47919.5458
1791287958,47931.2714
1791287960,47949.4581
1791287962,47952.95
1791287964,47966.537
1791287966,47978.1425
1791287968,47970.9879
1791287970,47978.2992
1791287972,47986.7905
1791287974,47980.092
1791287976,47978.6788
1791287978,47970.769
1791287980,47977.2378
1791287982,47982.2827
1791287984,47974.9292
1791287986,47988.3872
1791287988,47992.4706
1791287990,47998.2549
1791287992,47993.1762
1791287994,47992.4576
1791287996,47993.7141
1791287998,47997.9908
1791288000,47995.1138
1791288002,48006.3641
1791288004,48008.8944
1791288006,47997.7949
1791288008,47995.7689
1791288010,47994.3216
1791288012,47991.972
1791288014,47989.0839
1791288016,47973.989
1791288018,47967.645
1791288020,47974.0677
1791288022,47988.8896
1791288024,47986.2025
1791288026,47999.1435
1791288028,48002.7261
1791288030,48014.9337
1791288032,48011.5569
1791288034,48016.8447
1791288036,48005.4808
1791288038,48003.6212
1791288040,48002.9654
1791288042,48004.9232
1791288044,47993.8415
1791288046,47998.1792
1791288048,47998.0296
1791288050,47991.3255
1791288052,48006.9925
1791288054,48024.079
1791288056,48026.723
1791288058,48011.6177
1791288060,48015.3493
1791288062,48012.2859
1791288064,48021.0429
1791288066,48031.5607
1791288068,48027.2113
1791288070,48020.5104
1791288072,48025.8718
1791288074,48025.5358
1791288076,48029.8271
1791288078,48014.7931
1791288080,48017.0855
1791288082,48011.9653
1791288084,48001.0388
1791288086,48005.4373
1791288088,48007.3675
1791288090,48009.3235
1791288092,48008.0086
1791288094,48010.7831
1791288096,48002.779
1791288098,48009.6921
1791288100,48021.8922
1791288102,48034.8772
1791288104,48039.0863
1791288106,48053.079
1791288108,48045.1477
1791288110,48040.4354
1791288112,48042.833
1791288114,48030.1662
1791288116,48025.531
1791288118,48020.6311
1791288120,48005.8136
1791288122,48003.7171
1791288124,47997.3248
1791288126,47994.3339
1791288128,48007.7201
1791288130,47999.8639
1791288132,47996.0072
1791288134,48007.4296
1791288136,48002.7192
1791288138,48002.5695
1791288140,47996.8024
1791288142,47993.4462
1791288144,47983.7429
1791288146,47995.3158
1791288148,47997.5238
1791288150,47990.9306
1791288152,47991.1232
1791288154,47992.5672
1791288156,47978.7531
1791288158,47988.5973
1791288160,47992.7317
1791288162,48001.8064
1791288164,48002.7842
1791288166,47993.3741
1791288168,47984.268
1791288170,47956.9862
1791288172,47934.627
1791288174,47934.5728
1791288176,47943.5508
1791288178,47956.7761
1791288180,47975.5116
1791288182,47968.2263
1791288184,47969.4621
1791288186,47961.5354
1791288188,47972.6459
1791288190,47975.0409
1791288192,47965.1726
1791288194,47973.9727
1791288196,47966.875
1791288198,47960.5887
1791288200,47962.1751
1791288202,47968.7852
1791288204,47978.8299
1791288206,47980.1326
1791288208,47977.9577
1791288210,47980.4184
1791288212,47986.106
1791288214,47997.8457
1791288216,48005.4846
1791288218,48026.1649
1791288220,48034.3285
1791288222,48038.3041
1791288224,48025.5818
1791288226,48015.3398
1791288228,48025.1157
1791288230,48026.8364
1791288232,48026.2762
1791288234,48033.7671
1791288236,48037.7227
1791288238,48044.3314
1791288240,48048.9158
1791288242,48035.6994
1791288244,48030.0766
1791288246,48026.0001
1791288248,48019.6178
1791288250,48029.4362
1791288252,48018.1233
1791288254,48012.0873
1791288256,48000.1333
1791288258,47993.7565
1791288260,48011.0975
1791288262,48018.6823
1791288264,48021.5531
1791288266,48029.6276
1791288268,48025.0768
1791288270,48013.2394
1791288272,48022.0278
1791288274,48017.6798
1791288276,48013.3744
1791288278,48025.0094
1791288280,48008.7958
1791288282,48024.6652
1791288284,48022.8907
1791288286,48011.1061
1791288288,48020.9812
1791288290,48023.3748
1791288292,48019.7482
1791288294,48011.3849
1791288296,48008.8604
1791288298,48015.5643
1791288300,48027.0919
1791288302,48048.9679
1791288304,48052.4777
1791288306,48065.1295
1791288308,48076.7583
1791288310,48076.2358
1791288312,48057.8777
1791288314,48050.4192
1791288316,48056.4819
1791288318,48054.4605
1791288320,48052.141
1791288322,48061.5593
1791288324,48076.5466
1791288326,48067.0936
1791288328,48093.7161
1791288330,48095.8698
1791288332,48092.0744
1791288334,48090.602
1791288336,48082.4143
1791288338,48079.4666
1791288340,48089.7441
1791288342,48078.1871
1791288344,48075.3355
1791288346,48086.4736
1791288348,48112.4029
1791288350,48117.795
1791288352,48116.5388
1791288354,48114.0482
1791288356,48109.5537
1791288358,48128.4366
1791288360,48123.1348
1791288362,48128.5179
1791288364,48140.7082
1791288366,48135.5189
1791288368,48123.5268
1791288370,48113.677
1791288372,48108.2242
1791288374,48102.755
1791288376,48109.4899
1791288378,48113.7568
1791288380,48112.0674
1791288382,48114.9581
1791288384,48105.6772
1791288386,48106.4968
1791288388,48109.3324
1791288390,48107.6448
1791288392,48102.349
1791288394,48102.7475
1791288396,48103.9046
1791288398,48103.1051
1791288400,48107.8349
1791288402,48124.864
1791288404,48116.896
1791288406,48091.7987
1791288408,48095.5836
1791288410,48085.097
1791288412,48085.6784
1791288414,48065.8381
1791288416,48067.1457
1791288418,48060.3098
1791288420,48047.0511
1791288422,48047.3005
1791288424,48052.363
1791288426,48056.7896
1791288428,48049.7568
1791288430,48043.2487
1791288432,48059.0359
1791288434,48056.8872
1791288436,48058.3057
1791288438,48083.2694
1791288440,48070.8065
1791288442,48059.1599
1791288444,48064.7861
1791288446,48066.2479
1791288448,48077.7265
1791288450,48072.4155
1791288452,48080.8893
1791288454,48095.847
1791288456,48096.414
1791288458,48092.6473
1791288460,48093.9356
1791288462,48100.7968
1791288464,48107.3255
1791288466,48097.3705
1791288468,48097.9787
1791288470,48098.877
1791288472,48100.0626
1791288474,48106.8364
1791288476,48116.1246
1791288478,48109.3028
1791288480,48116.368
1791288482,48103.4059
1791288484,48113.8488
1791288486,48121.59
1791288488,48126.763
1791288490,48131.7494
1791288492,48119.3092
1791288494,48113.2571
1791288496,48119.2988
1791288498,48112.6914
1791288500,48107.0657
1791288502,48123.5879
1791288504,48117.6843
1791288506,48106.0102
1791288508,48114.678
1791288510,48127.2627
1791288512,48135.7546
1791288514,48144.1412
1791288516,48142.7857
1791288518,48150.3176
1791288520,48167.2306
1791288522,48176.6918
1791288524,48163.2
1791288526,48166.681
1791288528,48164.7584
1791288530,48156.4437
1791288532,48163.6883
1791288534,48172.4014
1791288536,48170.0776
1791288538,48188.9725
1791288540,48203.8706
1791288542,48205.085
1791288544,48212.2284
1791288546,48205.1366
1791288548,48209.3521
1791288550,48217.4651
1791288552,48214.8268
1791288554,48222.1837
1791288556,48220.1836
1791288558,48212.1884
1791288560,48210.9661
1791288562,48206.6736
1791288564,48202.9035
1791288566,48218.9224
1791288568,48211.0459
1791288570,48218.9146
1791288572,48214.5509
1791288574,48218.535
1791288576,48210.7445
1791288578,48213.1629
1791288580,48227.891
1791288582,48216.436
1791288584,48224.3209
1791288586,48224.4661
1791288588,48213.1771
1791288590,48221.2832
1791288592,48221.6523
1791288594,48232.8844
1791288596,48232.3657
1791288598,48251.8569
1791288600,48248.0004
1791288602,48244.9919
1791288604,48230.9379
1791288606,48230.5556
1791288608,48232.4668
1791288610,48242.4527
1791288612,48225.1926
1791288614,48233.6354
1791288616,48235.6822
1791288618,48245.2017
1791288620,48235.2645
1791288622,48230.9
1791288624,48224.1026
1791288626,48213.6794
1791288628,48220.8378
1791288630,48225.1102
1791288632,48210.4825
1791288634,48205.3817
1791288636,48215.2871
1791288638,48209.0097
1791288640,48218.5284
1791288642,48210.6174
1791288644,48207.5549
1791288646,48198.4182
1791288648,48186.8626
1791288650,48183.2206
1791288652,48185.104
1791288654,48189.4247
1791288656,48188.9572
1791288658,48185.6328
1791288660,48167.1887
1791288662,48165.2038
1791288664,48173.1044
1791288666,48165.1413
1791288668,48171.6239
1791288670,48163.8662
1791288672,48143.9414
1791288674,48144.4599
1791288676,48134.0091
1791288678,48119.6002
1791288680,48109.6454
1791288682,48116.7563
1791288684,48119.2575
1791288686,48116.5995
1791288688,48116.8163
1791288690,48116.6993
1791288692,48115.9476
1791288694,48108.9624
1791288696,48110.3503
1791288698,48103.8654
1791288700,48093.4805
1791288702,48092.7334
1791288704,48103.8722
1791288706,48115.8028
1791288708,48110.9384
1791288710,48107.2148
1791288712,48108.44
1791288714,48102.5002
1791288716,48095.4886
1791288718,48092.5886
1791288720,48095.1212
1791288722,48105.1109
1791288724,48114.4526
1791288726,48108.329
1791288728,48109.8881
1791288730,48099.026
1791288732,48100.5748
1791288734,48094.6889
1791288736,48094.6484
1791288738,48092.5046
1791288740,48083.4032
1791288742,48090.1869
1791288744,48093.2584
1791288746,48082.974
1791288748,48082.0038
1791288750,48070.1562
1791288752,48069.89
1791288754,48074.9817
1791288756,48087.9121
1791288758,48084.4604
1791288760,48067.9763
1791288762,48056.2068
1791288764,48060.8425
1791288766,48056.7221
1791288768,48064.0855
1791288770,48048.107
1791288772,48056.485
1791288774,48029.7134
1791288776,48028.6811
1791288778,48021.4957
1791288780,48017.6895
1791288782,48001.98
1791288784,47990.72
1791288786,47986.8204
1791288788,47985.564
1791288790,47992.3541
1791288792,48006.1069
1791288794,48015.0173
1791288796,48008.2262
1791288798,48014.1215
1791288800,48018.2351
1791288802,48022.4642
1791288804,48041.2509
1791288806,48039.165
1791288808,48035.6982
1791288810,48040.1805
1791288812,48041.3698
1791288814,48042.4946
1791288816,48048.8665
1791288818,48053.596
1791288820,48064.109
1791288822,48053.0206
1791288824,48056.8524
1791288826,48059.5789
1791288828,48062.351
1791288830,48062.195
1791288832,48061.397
1791288834,48055.8231
1791288836,48055.326
1791288838,48042.4098
1791288840,48034.0769
1791288842,48034.4804
1791288844,48047.1933
1791288846,48044.5529
1791288848,48035.679
1791288850,48029.4453
1791288852,48045.2409
1791288854,48031.36
1791288856,48034.3726
1791288858,48034.5538
1791288860,48044.4105
1791288862,48048.9593
1791288864,48036.1381
1791288866,48038.5924
1791288868,48036.729
1791288870,48037.7044
1791288872,48034.5548
1791288874,48052.6535
1791288876,48055.9208
1791288878,48067.7184
1791288880,48078.6474
1791288882,48077.7734
1791288884,48086.1009
1791288886,48092.2003
1791288888,48084.9303
1791288890,48086.1727
1791288892,48081.7977
1791288894,48074.8674
1791288896,48071.0674
1791288898,48075.3112
1791288900,48073.8557
1791288902,48071.2282
1791288904,48066.9051
1791288906,48054.5846
1791288908,48060.8786
1791288910,48068.615
1791288912,48061.7289
1791288914,48062.6713
1791288916,48062.1598
1791288918,48064.8684
1791288920,48061.3892
1791288922,48060.0266
1791288924,48067.3142
1791288926,48050.4452
1791288928,48051.1007
1791288930,48049.6992
1791288932,48047.5771
1791288934,48047.7306
1791288936,48050.714
1791288938,48070.0214
1791288940,48067.0755
1791288942,48058.5896
1791288944,48063.3124
1791288946,48053.0391
1791288948,48042.694
1791288950,48045.6623
1791288952,48042.0711
1791288954,48048.9353
1791288956,48063.1122
1791288958,48053.5119
1791288960,48053.703
1791288962,48047.6251
1791288964,48054.3456
1791288966,48062.4176
1791288968,48082.2467
1791288970,48074.5055
1791288972,48055.9037
1791288974,48056.0275
1791288976,48044.4194
1791288978,48033.2925
1791288980,48015.3153
1791288982,47999.5753
1791288984,48010.2445
1791288986,48004.5406
1791288988,48006.951
1791288990,48015.0004
1791288992,48020.8776
1791288994,48018.7296
1791288996,48010.5718
1791288998,48014.4571
1791289000,48016.1584
1791289002,48018.164
1791289004,48012.5462
1791289006,48004.1163
1791289008,47997.6317
1791289010,47998.1933
1791289012,48000.4385
1791289014,47998.1702
1791289016,47987.5717
1791289018,47988.017
1791289020,47983.7151
1791289022,47993.1394
1791289024,48009.0611
1791289026,48012.2213
1791289028,48017.0536
1791289030,48034.3911
1791289032,48026.1989
1791289034,48003.5806
1791289036,48002.4839
1791289038,48011.1351
1791289040,48012.1673
1791289042,48018.5902
1791289044,48039.0753
1791289046,48048.7421
1791289048,48056.6782
1791289050,48060.8075
1791289052,48056.8741
1791289054,48065.4166
1791289056,48063.9927
1791289058,48050.5972
1791289060,48076.5759
1791289062,48076.7508
1791289064,48082.9237
1791289066,48094.8699
1791289068,48099.8646
1791289070,48096.1291
1791289072,48097.1386
1791289074,48089.2778
1791289076,48102.7876
1791289078,48100.2559
1791289080,48090.9102
1791289082,48097.2743
1791289084,48117.8745
1791289086,48122.9948
1791289088,48124.2934
1791289090,48136.4344
1791289092,48141.3141
1791289094,48141.227
1791289096,48150.2862
1791289098,48167.6504
1791289100,48170.3971
1791289102,48163.0502
1791289104,48164.7544
1791289106,48165.4584
1791289108,48177.1406
1791289110,48178.0273
1791289112,48188.9713
1791289114,48186.5704
1791289116,48181.8775
1791289118,48184.5461
1791289120,48189.0025
1791289122,48204.7269
1791289124,48191.3915
1791289126,48184.1712
1791289128,48198.2874
1791289130,48199.7808
1791289132,48213.8822
1791289134,48210.751
1791289136,48210.0491
1791289138,48212.3293
1791289140,48213.17
1791289142,48209.8539
1791289144,48224.0696
1791289146,48223.4708
1791289148,48219.0484
1791289150,48210.8465
1791289152,48213.9565
1791289154,48208.5729
1791289156,48213.0435
1791289158,48212.5013
1791289160,48213.4212
1791289162,48203.0187
1791289164,48197.7984
1791289166,48204.2285
1791289168,48197.0834
1791289170,48210.6489
1791289172,48211.9135
1791289174,48208.281
1791289176,48217.6461
1791289178,48229.4036
1791289180,48230.1598
1791289182,48241.7577
1791289184,48232.383
1791289186,48221.9269
1791289188,48224.0404
1791289190,48218.0322
1791289192,48230.299
1791289194,48213.1436
1791289196,48216.5105
1791289198,48221.219
1791289200,48220.0716
1791289202,48222.8429
1791289204,48211.9299
1791289206,48212.241
1791289208,48201.2792
1791289210,48205.887
1791289212,48223.7801
1791289214,48224.9406
1791289216,48217.8603
1791289218,48217.4913
1791289220,48203.5581
1791289222,48199.5817
1791289224,48197.4185
1791289226,48188.9055
1791289228,48186.4978
1791289230,48191.8655
1791289232,48192.6681
1791289234,48205.6069
1791289236,48203.844
1791289238,48192.492
1791289240,48192.7773
1791289242,48199.5211
1791289244,48191.9874
1791289246,48186.1175
1791289248,48178.7288
1791289250,48177.3271
1791289252,48175.1085
1791289254,48159.1795
1791289256,48159.8881
1791289258,48156.7301
1791289260,48159.9812
1791289262,48148.0776
1791289264,48151.6743
1791289266,48133.9565
1791289268,48124.1655
1791289270,48129.322
1791289272,48136.9677
1791289274,48131.5514
1791289276,48133.4872
1791289278,48120.8373
1791289280,48116.6813
1791289282,48127.8641
1791289284,48128.5672
1791289286,48111.4385
1791289288,48119.6638
1791289290,48133.8607
1791289292,48150.2627
1791289294,48149.2717
1791289296,48147.4931
1791289298,48162.9077
1791289300,48156.0209
1791289302,48160.1418
1791289304,48169.832
1791289306,48174.9024
1791289308,48176.0783
1791289310,48172.8243
1791289312,48160.7677
1791289314,48144.7662
1791289316,48146.8288
1791289318,48143.0432
1791289320,48141.9849
1791289322,48141.2935
1791289324,48135.0816
1791289326,48128.4389
1791289328,48129.5322
1791289330,48132.9698
1791289332,48126.1386
1791289334,48109.1453
1791289336,48110.112
1791289338,48123.5687
1791289340,48125.546
1791289342,48134.9991
1791289344,48127.8397
1791289346,48110.8765
1791289348,48119.4001
1791289350,48131.0603
1791289352,48131.7891
1791289354,48147.5689
1791289356,48145.8572
1791289358,48157.9445
1791289360,48146.2802
1791289362,48144.7181
1791289364,48131.9178
1791289366,48130.6696
1791289368,48122.0708
1791289370,48128.0314
1791289372,48134.3611
1791289374,48145.198
1791289376,48142.3666
1791289378,48147.6661
1791289380,48156.3662
1791289382,48169.5507
1791289384,48166.9041
1791289386,48163.4164
1791289388,48177.4464
1791289390,48179.4662
1791289392,48184.3594
1791289394,48182.7356
1791289396,48180.8185
1791289398,48188.6688
1791289400,48198.2165
1791289402,48206.0526
1791289404,48211.3491
1791289406,48202.1757
1791289408,48207.515
1791289410,48211.245
1791289412,48219.3388
1791289414,48233.7798
1791289416,48238.4194
1791289418,48234.5399
1791289420,48237.0299
1791289422,48243.5531
1791289424,48225.8995
1791289426,48220.7147
1791289428,48213.5019
1791289430,48220.5931
1791289432,48219.0141
1791289434,48213.021
1791289436,48221.8954
1791289438,48224.6276
1791289440,48232.4457
1791289442,48218.2472
1791289444,48225.6639
1791289446,48205.4201
1791289448,48215.1278
1791289450,48210.4811
1791289452,48216.3051
1791289454,48221.8326
1791289456,48206.7318
1791289458,48211.9543
1791289460,48199.0089
1791289462,48219.2763
1791289464,48201.6598
1791289466,48202.3489
1791289468,48201.913
1791289470,48200.7702
1791289472,48192.6885
1791289474,48201.1527
1791289476,48207.917
1791289478,48212.7542
1791289480,48212.3501
1791289482,48215.6351
1791289484,48228.8166
1791289486,48225.3479
1791289488,48225.155
1791289490,48212.2933
1791289492,48195.7916
1791289494,48184.4264
1791289496,48177.7843
1791289498,48173.4406
1791289500,48192.7101
1791289502,48202.7845
1791289504,48193.7652
1791289506,48191.4484
1791289508,48201.301
1791289510,48200.0843
1791289512,48208.2491
1791289514,48204.1956
1791289516,48205.552
1791289518,48197.0562
1791289520,48197.2512
1791289522,48204.5373
1791289524,48204.5288
1791289526,48188.6252
1791289528,48187.0238
1791289530,48192.8234
1791289532,48196.2559
1791289534,48189.0931
1791289536,48187.1415
1791289538,48197.1198
1791289540,48200.835
1791289542,48190.9219
1791289544,48190.6204
1791289546,48185.7188
1791289548,48209.7912
1791289550,48216.2423
1791289552,48232.6341
1791289554,48218.4987
1791289556,48222.1388
1791289558,48216.8952
1791289560,48219.2915
1791289562,48206.9694
1791289564,48210.0644
1791289566,48206.8631
1791289568,48199.7211
1791289570,48191.8891
1791289572,48180.3046
1791289574,48167.7023
1791289576,48181.9844
1791289578,48173.6525
1791289580,48172.5184
1791289582,48173.7453
1791289584,48178.8915
1791289586,48172.9358
1791289588,48175.7232
1791289590,48176.9693
1791289592,48178.5068
1791289594,48172.1152
1791289596,48185.3558
1791289598,48180.8369
1791289600,48187.8383
1791289602,48182.6649
1791289604,48180.8155
1791289606,48191.4467
1791289608,48179.3066
1791289610,48177.0181
1791289612,48179.5971
1791289614,48174.7119
1791289616,48181.7275
1791289618,48168.5849
1791289620,48176.4344
1791289622,48179.0609
1791289624,48193.8496
1791289626,48192.6099
1791289628,48205.6358
1791289630,48202.0317
1791289632,48204.3767
1791289634,48200.1314
1791289636,48213.4141
1791289638,48222.8199
1791289640,48226.5194
1791289642,48223.1429
1791289644,48213.6337
1791289646,48210.1667
1791289648,48209.052
1791289650,48200.8662
1791289652,48191.3572
1791289654,48194.3444
1791289656,48196.3703
1791289658,48217.5547
1791289660,48210.8179
1791289662,48208.4132
1791289664,48210.2471
1791289666,48222.5553
1791289668,48224.5446
1791289670,48213.9936
1791289672,48215.2508
1791289674,48207.7382
1791289676,48214.9136
1791289678,48217.8864
1791289680,48224.3847
1791289682,48221.2412
1791289684,48225.7933
1791289686,48236.5704
1791289688,48247.3415
1791289690,48244.8043
1791289692,48249.0907
1791289694,48245.8006
1791289696,48255.088
1791289698,48248.6295
1791289700,48260.6215
1791289702,48256.5506
1791289704,48233.9778
1791289706,48238.8306
1791289708,48234.1442
1791289710,48229.1541
1791289712,48214.4404
1791289714,48208.8737
1791289716,48186.7667
1791289718,48187.5983
1791289720,48199.5664
1791289722,48191.4968
1791289724,48192.177
1791289726,48194.0122
1791289728,48195.2348
1791289730,48213.565
1791289732,48217.8647
1791289734,48215.789
1791289736,48229.7209
1791289738,48233.9494
1791289740,48220.3414
1791289742,48220.4996
1791289744,48223.4212
1791289746,48218.5507
1791289748,48209.2108
1791289750,48206.8546
1791289752,48201.7266
1791289754,48197.2109
1791289756,48186.2747
1791289758,48190.8214
1791289760,48170.5131
1791289762,48167.6934
1791289764,48163.2761
1791289766,48159.915
1791289768,48159.792
1791289770,48156.574
1791289772,48159.0333
1791289774,48168.7595
1791289776,48177.0464
1791289778,48190.1979
1791289780,48182.2617
1791289782,48164.4373
1791289784,48157.6658
1791289786,48156.1289
1791289788,48158.1976
1791289790,48160.2663
1791289792,48170.5759
1791289794,48169.507
1791289796,48159.8276
1791289798,48148.3209
1791289800,48151.5169
1791289802,48152.0095
1791289804,48147.7171
1791289806,48152.3185
1791289808,48139.8203
1791289810,48152.2422
1791289812,48158.4367
1791289814,48161.7267
1791289816,48161.6037
1791289818,48172.1851
1791289820,48181.314
1791289822,48186.6393
1791289824,48176.8768
1791289826,48189.4535
1791289828,48180.2137
1791289830,48167.792
1791289832,48165.512
1791289834,48165.6024
1791289836,48157.6558
1791289838,48155.268
1791289840,48138.0333
1791289842,48136.1263
1791289844,48126.509
1791289846,48134.6625
1791289848,48121.6062
1791289850,48120.424
1791289852,48110.3509
1791289854,48089.2467
1791289856,48075.7388
1791289858,48071.2805
1791289860,48068.7956
1791289862,48063.6802
1791289864,48061.4828
1791289866,48062.0479
1791289868,48054.7613
1791289870,48050.4332
1791289872,48056.5475
1791289874,48069.9685
1791289876,48080.4104
1791289878,48075.713
1791289880,48071.9694
1791289882,48066.8799
1791289884,48061.0642
1791289886,48064.3706
1791289888,48077.3279
1791289890,48065.0786
1791289892,48053.6959
1791289894,48050.4441
1791289896,48052.6058
1791289898,48054.7094
1791289900,48057.6588
1791289902,48041.3684
1791289904,48040.7149
1791289906,48045.1851
1791289908,48049.4897
1791289910,48057.0876
1791289912,48059.6173
1791289914,48069.2668
1791289916,48075.155
1791289918,48084.2964
1791289920,48067.6637
1791289922,48079.9314
1791289924,48060.7818
1791289926,48047.5758
1791289928,48042.1233
1791289930,48058.9522
1791289932,48050.749
1791289934,48045.0292
1791289936,48043.8196
1791289938,48047.1975
1791289940,48031.9332
1791289942,48036.2881
1791289944,48045.0419
1791289946,48049.2315
1791289948,48029.6729
1791289950,48033.2406
1791289952,48047.915
1791289954,48081.3168
1791289956,48079.374
1791289958,48087.7645
1791289960,48101.7528
1791289962,48105.7562
1791289964,48109.24
1791289966,48106.9998
1791289968,48107.3575
1791289970,48109.4927
1791289972,48106.6254
1791289974,48107.0136
1791289976,48103.5384
1791289978,48117.7293
1791289980,48130.513
1791289982,48138.2929
1791289984,48152.7546
1791289986,48152.0807
1791289988,48147.955
1791289990,48141.2248
1791289992,48135.9848
1791289994,48130.1008
1791289996,48129.3488
1791289998,48115.2927
1791290000,48114.5284
1791290002,48119.7957
1791290004,48092.3898
1791290006,48084.4113
1791290008,48092.012
1791290010,48076.3917
1791290012,48075.7471
1791290014,48071.5656
1791290016,48051.1926
1791290018,48054.0604
1791290020,48048.4193
1791290022,48061.6443
1791290024,48069.7335
1791290026,48068.3315
1791290028,48063.4177
1791290030,48065.289
1791290032,48062.8413
1791290034,48055.5724
1791290036,48073.8465
1791290038,48071.4519
1791290040,48072.0775
1791290042,48064.2396
1791290044,48064.1683
1791290046,48064.1233
1791290048,48067.507
1791290050,48069.9806
1791290052,48088.05
1791290054,48098.4345
1791290056,48104.017
1791290058,48117.147
1791290060,48110.1705
1791290062,48108.7097
1791290064,48108.4018
1791290066,48102.3498
1791290068,48122.7833
1791290070,48121.2201
1791290072,48120.568
1791290074,48126.1855
1791290076,48132.0619
1791290078,48127.2442
1791290080,48115.9083
1791290082,48104.0955
1791290084,48098.4266
1791290086,48096.8391
1791290088,48099.5125
1791290090,48109.3225
1791290092,48098.3271
1791290094,48097.4252
1791290096,48096.6897
1791290098,48102.094
1791290100,48111.7216
1791290102,48109.5588
1791290104,48112.9613
1791290106,48113.5947
1791290108,48129.6773
1791290110,48114.2081
1791290112,48121.4017
1791290114,48117.4151
1791290116,48110.787
1791290118,48118.471
1791290120,48130.9403
1791290122,48129.6697
1791290124,48119.9794
1791290126,48112.4647
1791290128,48113.0336
1791290130,48099.6295
1791290132,48097.9584
1791290134,48093.6088
1791290136,48104.4145
1791290138,48101.3164
1791290140,48097.6013
1791290142,48100.175
1791290144,48105.9636
1791290146,48111.611
1791290148,48115.1948
1791290150,48122.6623
1791290152,48119.674
1791290154,48129.6138
1791290156,48132.6484
1791290158,48124.7421
1791290160,48139.6812
1791290162,48141.895
1791290164,48145.8003
1791290166,48140.7837
1791290168,48146.19
1791290170,48145.5256
1791290172,48147.7673
1791290174,48160.1194
1791290176,48169.7462
1791290178,48165.0
1791290180,48162.3098
1791290182,48148.0854
1791290184,48155.7223
1791290186,48164.7405
1791290188,48171.636
1791290190,48173.0818
1791290192,48176.2862
1791290194,48167.4809
1791290196,48166.7009
1791290198,48165.3022
1791290200,48147.6231
1791290202,48152.5324
1791290204,48151.5515
1791290206,48148.5998
1791290208,48136.5595
1791290210,48141.0668
1791290212,48136.5094
1791290214,48124.6012
1791290216,48131.9082
1791290218,48126.3633
1791290220,48121.6661
1791290222,48125.0576
1791290224,48126.0294
1791290226,48127.3125
1791290228,48111.1146
1791290230,48110.5079
1791290232,48099.1748
1791290234,48103.7895
1791290236,48097.2796
1791290238,48091.7177
1791290240,48106.0429
1791290242,48110.3027
1791290244,48112.3559
1791290246,48133.1347
1791290248,48133.6409
1791290250,48112.8632
1791290252,48110.6522
1791290254,48111.8246
1791290256,48130.5184
1791290258,48141.598
1791290260,48143.6692
1791290262,48152.73
1791290264,48139.5267
1791290266,48127.9989
1791290268,48131.4162
1791290270,48127.5058
1791290272,48133.4057
1791290274,48138.5785
1791290276,48132.1483
1791290278,48151.7847
1791290280,48162.9347
1791290282,48169.2177
1791290284,48172.9877
1791290286,48150.1062
1791290288,48145.6113
1791290290,48131.9019
1791290292,48132.1108
1791290294,48134.6554
1791290296,48129.1276
1791290298,48120.9523
1791290300,48118.9348
1791290302,48113.4399
1791290304,48126.8113
1791290306,48132.774
1791290308,48140.9728
1791290310,48150.1121
1791290312,48137.1039
1791290314,48134.0253
1791290316,48142.5591
1791290318,48152.4562
1791290320,48158.5565
1791290322,48160.4222
1791290324,48159.1893
1791290326,48155.7394
1791290328,48143.0482
1791290330,48140.3201
1791290332,48130.8151
1791290334,48128.7424
1791290336,48131.266
1791290338,48134.6955
1791290340,48135.2902
1791290342,48124.4441
1791290344,48106.0193
1791290346,48106.1146
1791290348,48105.1283
1791290350,48086.2709
1791290352,48103.0775
1791290354,48100.5163
1791290356,48084.1865
1791290358,48070.8325
1791290360,48068.7187
1791290362,48066.385
1791290364,48072.4913
1791290366,48074.8931
1791290368,48068.7844
1791290370,48074.8559
1791290372,48050.9088
1791290374,48074.1095
1791290376,48080.3023
1791290378,48075.8047
1791290380,48076.6643
1791290382,48095.1688
1791290384,48103.088
1791290386,48102.9643
1791290388,48105.0159
1791290390,48101.8165
1791290392,48107.2531
1791290394,48104.5167
1791290396,48121.3178
1791290398,48115.2364
1791290400,48117.5148
1791290402,48116.9686
1791290404,48111.2824
1791290406,48108.0617
1791290408,48107.062
1791290410,48113.0911
1791290412,48129.4642
1791290414,48118.8881
1791290416,48122.2308
1791290418,48118.0958
1791290420,48126.7537
1791290422,48122.0484
1791290424,48102.811
1791290426,48104.0569
1791290428,48094.5499
1791290430,48108.7716
1791290432,48107.3967
1791290434,48119.6538
1791290436,48112.9217
1791290438,48104.9878
1791290440,48106.7333
1791290442,48111.8111
1791290444,48107.8139
1791290446,48098.498
1791290448,48089.2917
1791290450,48079.3646
1791290452,48082.9439
1791290454,48079.8794
1791290456,48086.1108
1791290458,48079.4261
1791290460,48085.2771
1791290462,48094.6224
1791290464,48082.8711
1791290466,48092.471
1791290468,48085.2216
1791290470,48080.8349
1791290472,48082.4963
1791290474,48076.08
1791290476,48077.2139
1791290478,48089.1179
1791290480,48105.6892
1791290482,48104.0931
1791290484,48094.4111
1791290486,48093.3491
1791290488,48077.3305
1791290490,48093.3191
1791290492,48085.9036
1791290494,48089.1273
1791290496,48103.5073
1791290498,48085.8583
1791290500,48086.8563
1791290502,48077.5633
1791290504,48054.3589
1791290506,48048.0945
1791290508,48046.483
1791290510,48046.9643
1791290512,48033.1935
1791290514,48018.1947
1791290516,48012.1693
1791290518,48015.7049
1791290520,48027.2041
1791290522,48014.3295
1791290524,48019.7195
1791290526,48025.019
1791290528,48023.6051
1791290530,48033.6942
1791290532,48033.7644
1791290534,48025.3314
1791290536,48032.6719
1791290538,48024.0041
1791290540,48014.6836
1791290542,48012.2144
1791290544,48020.3804
1791290546,48024.2648
1791290548,48028.1698
1791290550,48045.0631
1791290552,48049.1215
1791290554,48053.8734
1791290556,48076.5141
1791290558,48092.0451
1791290560,48089.8224
1791290562,48088.2078
1791290564,48096.3696
1791290566,48110.6894
1791290568,48103.6349
1791290570,48080.0564
1791290572,48086.5865
1791290574,48081.3876
1791290576,48086.4717
1791290578,48062.3696
1791290580,48055.1498
1791290582,48044.3679
1791290584,48050.2207
1791290586,48062.7248
1791290588,48058.1695
1791290590,48062.7254
1791290592,48067.192
1791290594,48074.1416
1791290596,48075.0615
1791290598,48093.4796
1791290600,48087.2488
1791290602,48069.2055
1791290604,48049.5692
1791290606,48054.5669
1791290608,48070.3597
1791290610,48081.6579
1791290612,48082.0308
1791290614,48083.9644
1791290616,48088.8011
1791290618,48093.5808
1791290620,48088.629
1791290622,48083.1056
1791290624,48083.6583
1791290626,48105.1582
1791290628,48102.9606
1791290630,48111.3289
1791290632,48115.072
1791290634,48117.4526
1791290636,48139.5555
1791290638,48149.6504
1791290640,48152.0994
1791290642,48156.2696
1791290644,48150.6912
1791290646,48134.7738
1791290648,48140.0852
1791290650,48144.3506
1791290652,48135.762
1791290654,48144.588
1791290656,48147.4874
1791290658,48155.9132
1791290660,48147.8586
1791290662,48144.7636
1791290664,48139.6696
1791290666,48156.3777
1791290668,48152.105
1791290670,48158.2658
1791290672,48157.5741
1791290674,48154.4871
1791290676,48131.532
1791290678,48138.6757
1791290680,48134.1885
1791290682,48135.3517
1791290684,48136.2341
1791290686,48129.4934
1791290688,48124.1821
1791290690,48122.4204
1791290692,48120.3727
1791290694,48120.0875
1791290696,48124.0131
1791290698,48112.165
1791290700,48099.2678
1791290702,48083.954
1791290704,48098.7853
1791290706,48084.3098
1791290708,48072.7974
1791290710,48091.9705
1791290712,48103.8391
1791290714,48111.9458
1791290716,48103.1575
1791290718,48098.953
1791290720,48095.8535
1791290722,48085.7086
1791290724,48082.1422
1791290726,48085.4594
1791290728,48076.6606
1791290730,48080.1834
1791290732,48077.6554
1791290734,48101.7403
1791290736,48098.1017
1791290738,48099.9035
1791290740,48092.7167
1791290742,48082.8476
1791290744,48085.5052
1791290746,48085.7759
1791290748,48090.6229
1791290750,48091.1499
1791290752,48077.6102
1791290754,48071.5142
1791290756,48074.2096
1791290758,48079.2047
1791290760,48087.4987
1791290762,48093.943
1791290764,48086.8558
1791290766,48074.9007
1791290768,48079.9762
1791290770,48075.9644
1791290772,48083.377
1791290774,48079.1706
1791290776,48085.7875
1791290778,48097.7385
1791290780,48089.9471
1791290782,48078.4222
1791290784,48094.5618
1791290786,48089.7844
1791290788,48098.3298
1791290790,48111.6516
1791290792,48114.2325
1791290794,48121.2046
1791290796,48121.5881
1791290798,48126.9285
1791290800,48125.2942
1791290802,48108.1684
1791290804,48097.257
1791290806,48100.2948
1791290808,48094.6878
1791290810,48091.2679
1791290812,48094.002
1791290814,48085.9281
1791290816,48071.0554
1791290818,48066.7078
1791290820,48076.7037
1791290822,48081.2092
1791290824,48089.1745
1791290826,48075.3804
1791290828,48066.9159
1791290830,48042.8893
1791290832,48048.9189
1791290834,48055.076
1791290836,48033.5153
1791290838,48035.2014
1791290840,48046.0563
1791290842,48049.2734
1791290844,48051.4257
1791290846,48056.688
1791290848,48067.1747
1791290850,48059.4236
1791290852,48056.1401
1791290854,48052.2563
1791290856,48049.4167
1791290858,48055.7108
1791290860,48050.6481
1791290862,48050.4055
1791290864,48053.9926
1791290866,48039.2672
1791290868,48034.6533
1791290870,48035.8749
1791290872,48046.3039
1791290874,48038.8266
1791290876,48035.4041
1791290878,48035.8159
1791290880,48023.1272
1791290882,48023.5901
1791290884,48018.3826
1791290886,48031.1823
1791290888,48024.3093
1791290890,48030.8029
1791290892,48028.2078
1791290894,48029.6676
1791290896,48025.2295
1791290898,48010.5393
1791290900,48014.749
1791290902,48025.7617
1791290904,48024.094
1791290906,48026.2484
1791290908,48019.0681
1791290910,48006.3996
1791290912,48011.9088
1791290914,48016.2677
1791290916,48007.4407
1791290918,48019.3576
1791290920,48021.0202
1791290922,48024.3384
1791290924,48024.9662
1791290926,48018.6359
1791290928,48010.0957
1791290930,47985.216
1791290932,47991.9018
1791290934,48002.8409
1791290936,48006.3026
1791290938,48003.9387
1791290940,48004.1634
1791290942,48015.0657
1791290944,48015.4449
1791290946,48006.8538
1791290948,48019.3989
1791290950,48008.7885
1791290952,48003.5194
1791290954,48000.6182
1791290956,47994.5926
1791290958,47988.149
1791290960,47984.6168
1791290962,47983.7469
1791290964,47985.568
1791290966,47995.0659
1791290968,48004.2129
1791290970,47987.6276
1791290972,48004.2282
1791290974,48004.5085
1791290976,47994.3236
1791290978,48006.4938
1791290980,47999.7673
1791290982,47996.7774
1791290984,47995.6466
1791290986,48008.6017
1791290988,48004.172
1791290990,48011.6755
1791290992,48005.2206
1791290994,47988.9146
1791290996,47986.8065
1791290998,47975.7052
1791291000,47971.2946
1791291002,47964.033
1791291004,47967.9915
1791291006,47962.8247
1791291008,47960.4272
1791291010,47966.8413
1791291012,47975.1007
1791291014,47989.0321
1791291016,47989.8964
1791291018,47987.6694
1791291020,47986.8172
1791291022,47988.6637
1791291024,47970.2002
1791291026,47951.0999
1791291028,47950.6167
1791291030,47972.7257
1791291032,47967.4193
1791291034,47971.0616
1791291036,47971.2561
1791291038,47972.9969
1791291040,47968.1135
1791291042,47970.2558
1791291044,47963.3708
1791291046,47948.038
1791291048,47945.4303
1791291050,47941.1964
1791291052,47948.6346
1791291054,47978.6306
1791291056,47971.669
1791291058,47982.2401
1791291060,47992.4676
1791291062,47988.0904
1791291064,47999.7034
1791291066,47994.0756
1791291068,47996.31
1791291070,48011.306
1791291072,48010.9334
1791291074,47999.9307
1791291076,47998.4813
1791291078,47995.2139
1791291080,47982.4801
1791291082,47977.6987
1791291084,47961.4713
1791291086,47975.5907
1791291088,47974.7539
1791291090,47972.0525
1791291092,47962.1552
1791291094,47964.6476
1791291096,47972.9675
1791291098,47964.3248
1791291100,47975.6131
1791291102,47957.2257
1791291104,47956.085
1791291106,47948.367
1791291108,47936.3294
1791291110,47940.9757
1791291112,47930.8278
1791291114,47943.8189
1791291116,47951.2333
1791291118,47964.6557
1791291120,47959.531
1791291122,47965.522
1791291124,47957.3393
1791291126,47950.4125
1791291128,47948.9322
1791291130,47954.8986
1791291132,47951.3031
1791291134,47948.546
1791291136,47950.6998
1791291138,47960.0239
1791291140,47970.0743
1791291142,47954.1033
1791291144,47953.3179
1791291146,47934.1953
1791291148,47941.2961
1791291150,47918.8305
1791291152,47926.4621
1791291154,47921.0622
1791291156,47913.6271
1791291158,47920.4217
1791291160,47938.8084
1791291162,47947.4042
1791291164,47956.8146
1791291166,47963.5125
1791291168,47973.063
1791291170,47978.0839
1791291172,47976.7644
1791291174,47966.5707
1791291176,47974.1479
1791291178,47971.1486
1791291180,47956.9049
1791291182,47974.9436
1791291184,47980.0042
1791291186,47972.8128
1791291188,47973.9427
1791291190,47981.6914
1791291192,47968.3597
1791291194,47972.0325
1791291196,47967.4793
1791291198,47969.2092
1791291200,47969.0593
1791291202,47966.1411
1791291204,47974.5433
1791291206,47976.7418
1791291208,47970.8178
1791291210,47960.0832
1791291212,47970.7322
1791291214,47964.4605
1791291216,47976.3684
1791291218,47981.0728
1791291220,47993.648
1791291222,47981.8664
1791291224,47976.2146
1791291226,47980.5441
1791291228,47996.8087
1791291230,47989.237
1791291232,47987.9656
1791291234,47977.0407
1791291236,47984.8748
1791291238,47999.7226
1791291240,47990.5192
1791291242,47989.2909
1791291244,47982.6132
1791291246,47975.064
1791291248,47962.7585
1791291250,47951.1583
1791291252,47943.0607
1791291254,47941.1323
1791291256,47937.8337
1791291258,47925.2751
1791291260,47942.706
1791291262,47947.6299
1791291264,47936.5608
1791291266,47934.1393
1791291268,47952.1733
1791291270,47964.3748
1791291272,47973.9578
1791291274,47965.0821
1791291276,47965.5057
1791291278,47947.8105
1791291280,47935.7716
1791291282,47935.178
1791291284,47927.618
1791291286,47925.1232
1791291288,47932.0649
1791291290,47940.6774
1791291292,47934.0665
1791291294,47934.4266
1791291296,47935.2211
1791291298,47929.717
1791291300,47943.0718
1791291302,47925.5488
1791291304,47917.7342
1791291306,47910.984
1791291308,47915.4676
1791291310,47904.4487
1791291312,47898.0363
1791291314,47907.1534
1791291316,47910.9254
1791291318,47913.8463
1791291320,47906.9133
1791291322,47902.6107
1791291324,47902.9588
1791291326,47906.5947
1791291328,47912.8064
1791291330,47903.8579
1791291332,47900.7097
1791291334,47896.3372
1791291336,47900.9424
1791291338,47913.0148
1791291340,47924.9624
1791291342,47937.6014
1791291344,47924.7172
1791291346,47938.5925
1791291348,47941.4261
1791291350,47942.3562
1791291352,47940.8592
1791291354,47939.973
1791291356,47947.6167
1791291358,47949.2373
1791291360,47950.6875
1791291362,47945.1797
1791291364,47958.6646
1791291366,47953.6016
1791291368,47947.3595
1791291370,47931.5415
1791291372,47927.1694
1791291374,47933.2395
1791291376,47916.0039
1791291378,47918.1375
1791291380,47911.6858
1791291382,47914.0529
1791291384,47918.1684
1791291386,47929.4213
1791291388,47926.1815
1791291390,47947.9194
1791291392,47936.1739
1791291394,47938.7426
1791291396,47949.3866
1791291398,47946.259
1791291400,47936.1911
1791291402,47941.1158
1791291404,47951.1711
1791291406,47967.9901
1791291408,47970.3912
1791291410,47967.8164
1791291412,47970.273
1791291414,47984.5903
1791291416,47986.7125
1791291418,48002.0386
1791291420,48002.7488
1791291422,48018.923
1791291424,48023.6461
1791291426,48015.2702
1791291428,48024.2109
1791291430,48040.4749
1791291432,48068.2201
1791291434,48073.8332
1791291436,48094.689
1791291438,48104.7922
1791291440,48121.5009
1791291442,48112.7731
1791291444,48113.9163
1791291446,48117.469
1791291448,48127.7011
1791291450,48109.2819
1791291452,48114.7731
1791291454,48106.2866
1791291456,48101.0993
1791291458,48113.9718
1791291460,48125.2549
1791291462,48135.1111
1791291464,48133.757
1791291466,48141.1383
1791291468,48137.3882
1791291470,48130.5498
1791291472,48120.1495
1791291474,48122.588
1791291476,48117.7739
1791291478,48110.0152
1791291480,48120.7675
1791291482,48122.6353
1791291484,48132.2296
1791291486,48144.444
1791291488,48155.2618
1791291490,48158.6413
1791291492,48162.4429
1791291494,48174.5626
1791291496,48166.4924
1791291498,48158.7991
1791291500,48153.0938
1791291502,48146.0225
1791291504,48132.2601
1791291506,48135.1657
1791291508,48134.0296
1791291510,48134.9417
1791291512,48144.8876
1791291514,48148.6957
1791291516,48147.2259
1791291518,48133.6958
1791291520,48119.3628
1791291522,48124.6999
1791291524,48138.4619
1791291526,48138.1405
1791291528,48143.3725
1791291530,48147.2737
1791291532,48154.5235
1791291534,48148.7441
1791291536,48142.6434
1791291538,48146.4648
1791291540,48136.8796
1791291542,48121.2548
1791291544,48131.5965
1791291546,48141.3884
1791291548,48149.2842
1791291550,48157.893
1791291552,48166.8167
1791291554,48173.5118
1791291556,48175.9629
1791291558,48180.4772
1791291560,48157.3808
1791291562,48158.7766
1791291564,48160.1458
1791291566,48150.7494
1791291568,48165.8806
1791291570,48174.0126
1791291572,48173.1723
1791291574,48171.6232
1791291576,48178.3203
1791291578,48174.99
1791291580,48179.1331
1791291582,48167.0876
1791291584,48164.9412
1791291586,48166.5828
1791291588,48164.5626
1791291590,48160.3056
1791291592,48164.7776
1791291594,48179.802
1791291596,48193.5409
1791291598,48196.2075
1791291600,48208.1872
1791291602,48203.991
1791291604,48201.365
1791291606,48194.8879
1791291608,48205.2101
1791291610,48195.043
1791291612,48193.3868
1791291614,48188.1602
1791291616,48185.8315
1791291618,48179.6468
1791291620,48184.6942
1791291622,48159.7334
1791291624,48160.2817
1791291626,48159.5341
1791291628,48176.3207
1791291630,48178.5088
1791291632,48173.4757
1791291634,48170.8013
1791291636,48173.5008
1791291638,48175.4004
1791291640,48170.9692
1791291642,48161.4557
1791291644,48151.373
1791291646,48141.5744
1791291648,48148.0899
1791291650,48154.6311
1791291652,48142.8522
1791291654,48122.9577
1791291656,48105.7113
1791291658,48103.6987
1791291660,48099.2467
1791291662,48097.4862
1791291664,48107.7475
1791291666,48110.7512
1791291668,48112.0424
1791291670,48104.7423
1791291672,48092.6244
1791291674,48089.3825
1791291676,48085.4567
1791291678,48071.5102
1791291680,48055.5861
1791291682,48064.5147
1791291684,48080.5564
1791291686,48087.648
1791291688,48084.1926
1791291690,48077.4945
1791291692,48079.9275
1791291694,48063.5244
1791291696,48056.0789
1791291698,48052.6303
1791291700,48049.3386
1791291702,48063.6435
1791291704,48057.3127
1791291706,48047.3363
1791291708,48063.0173
1791291710,48071.4775
1791291712,48071.054
1791291714,48075.0498
1791291716,48070.3535
1791291718,48071.2379
1791291720,48062.8689
1791291722,48058.419
1791291724,48068.5731
1791291726,48074.5696
1791291728,48085.1022
1791291730,48101.5512
1791291732,48101.9958
1791291734,48109.2602
1791291736,48095.0771
1791291738,48087.4184
1791291740,48095.6768
1791291742,48100.8136
1791291744,48110.013
1791291746,48101.6685
1791291748,48084.2386
1791291750,48109.8
1791291752,48106.988
1791291754,48114.8479
1791291756,48122.1749
1791291758,48125.4921
1791291760,48128.7288
1791291762,48099.8279
1791291764,48097.9424
1791291766,48089.0977
1791291768,48074.0105
1791291770,48069.3589
1791291772,48073.3238
1791291774,48081.3514
1791291776,48089.0519
1791291778,48094.8161
1791291780,48106.8059
1791291782,48101.3935
1791291784,48103.6282
1791291786,48102.6619
1791291788,48090.9586
1791291790,48085.4147
1791291792,48074.9258
1791291794,48057.9139
1791291796,48063.3118
1791291798,48054.6044
1791291800,48041.8734
1791291802,48049.1266
1791291804,48036.4679
1791291806,48038.4091
1791291808,48038.7605
1791291810,48057.7045
1791291812,48056.7492
1791291814,48062.5209
1791291816,48063.7563
1791291818,48060.5538
1791291820,48069.8248
1791291822,48068.0296
1791291824,48060.4034
1791291826,48046.6639
1791291828,48046.4063
1791291830,48047.4213
1791291832,48036.9976
1791291834,48034.5263
1791291836,48038.9072
1791291838,48030.137
1791291840,48025.0673
1791291842,48026.8154
1791291844,48020.0427
1791291846,48009.0124
1791291848,48017.5152
1791291850,48020.3513
1791291852,48018.278
1791291854,48020.0748
1791291856,48005.5438
1791291858,48011.2081
1791291860,48018.335
1791291862,48017.0138
1791291864,48030.2839
1791291866,48028.3783
1791291868,48031.6217
1791291870,48016.9921
1791291872,48013.1897
1791291874,48005.6064
1791291876,48009.441
1791291878,48003.8842
1791291880,47995.3975
1791291882,48008.4759
1791291884,48026.2626
1791291886,48038.2956
1791291888,48028.9816
1791291890,48021.6938
1791291892,48017.9837
1791291894,48018.2167
1791291896,48009.2259
1791291898,48012.4661
1791291900,48002.6511
1791291902,47997.1233
1791291904,47996.1278
1791291906,47999.8426
1791291908,48001.3931
1791291910,48007.411
1791291912,48003.6209
1791291914,48014.5545
1791291916,48017.5605
1791291918,48018.7991
1791291920,48016.7909
1791291922,48018.8943
1791291924,48013.8042
1791291926,48011.3032
1791291928,48003.8351
1791291930,47990.711
1791291932,47996.2237
1791291934,48013.8016
1791291936,48003.1128
1791291938,47998.2367
1791291940,48004.7681
1791291942,48021.0599
1791291944,48022.8913
1791291946,48029.6536
1791291948,48036.2324
1791291950,48039.8652
1791291952,48040.3642
1791291954,48047.6782
1791291956,48056.0361
1791291958,48067.2986
1791291960,48071.6696
1791291962,48088.5243
1791291964,48101.3406
1791291966,48081.7932
1791291968,48073.8512
1791291970,48074.0513
1791291972,48056.9682
1791291974,48077.43
1791291976,48084.0961
1791291978,48082.7869
1791291980,48078.2902
1791291982,48068.7885
1791291984,48072.8801
1791291986,48069.8491
1791291988,48080.8837
1791291990,48080.2898
1791291992,48086.3099
1791291994,48082.0542
1791291996,48072.759
1791291998,48077.4524
1791292000,48084.8042
1791292002,48086.2757
1791292004,48079.7586
1791292006,48085.8178
1791292008,48099.8745
1791292010,48101.2549
1791292012,48098.6306
1791292014,48100.9816
1791292016,48106.6426
1791292018,48111.4942
1791292020,48124.7737
1791292022,48129.357
1791292024,48139.2526
1791292026,48131.7997
1791292028,48131.0009
1791292030,48128.5606
1791292032,48127.288
1791292034,48121.9291
1791292036,48110.3766
1791292038,48111.6267
1791292040,48110.6435
1791292042,48112.8952
1791292044,48117.2697
1791292046,48112.4765
1791292048,48112.2395
1791292050,48115.2055
1791292052,48118.142
1791292054,48110.7442
1791292056,48118.4297
1791292058,48119.8795
1791292060,48115.2687
1791292062,48107.4005
1791292064,48113.0071
1791292066,48107.8355
1791292068,48107.6352
1791292070,48103.8281
1791292072,48085.8595
1791292074,48064.7338
1791292076,48070.3657
1791292078,48055.5679
1791292080,48061.6674
1791292082,48049.3131
1791292084,48062.4548
1791292086,48062.0658
1791292088,48061.0777
1791292090,48061.4086
1791292092,48060.1247
1791292094,48061.0096
1791292096,48074.6792
1791292098,48060.1978
1791292100,48064.1399
1791292102,48048.9321
1791292104,48058.4533
1791292106,48070.156
1791292108,48065.7952
1791292110,48065.3621
1791292112,48075.2126
1791292114,48070.9339
1791292116,48072.2463
1791292118,48066.0008
1791292120,48071.0698
1791292122,48066.4292
1791292124,48065.9476
1791292126,48070.2731
1791292128,48089.2392
1791292130,48073.0305
1791292132,48080.1099
1791292134,48069.1752
1791292136,48067.1104
1791292138,48066.7428
1791292140,48075.1495
1791292142,48055.4369
1791292144,48068.4243
1791292146,48072.3196
1791292148,48077.0714
1791292150,48075.8977
1791292152,48080.1321
1791292154,48100.6917
1791292156,48081.1579
1791292158,48094.1612
1791292160,48102.93
1791292162,48107.4453
1791292164,48106.1441
1791292166,48114.8498
1791292168,48128.4027
1791292170,48142.791
1791292172,48154.668
1791292174,48161.7511
1791292176,48162.8427
1791292178,48136.4062
1791292180,48125.6347
1791292182,48128.5949
1791292184,48115.6298
1791292186,48117.0345
1791292188,48113.9127
1791292190,48122.1859
1791292192,48119.2281
1791292194,48104.2937
1791292196,48097.4705
1791292198,48111.3169
1791292200,48109.9781
1791292202,48111.4229
1791292204,48111.3577
1791292206,48092.9814
1791292208,48103.3109
1791292210,48103.6261
1791292212,48099.1788
1791292214,48088.4319
1791292216,48095.7761
1791292218,48086.6961
1791292220,48085.6273
1791292222,48092.8246
1791292224,48084.9551
1791292226,48091.249
1791292228,48108.1441
1791292230,48100.6192
1791292232,48109.1086
1791292234,48120.6568
1791292236,48124.6421
1791292238,48110.0049
1791292240,48100.4735
1791292242,48097.6697
1791292244,48090.631
1791292246,48089.9563
1791292248,48093.071
1791292250,48095.4541
1791292252,48113.4189
1791292254,48103.2876
1791292256,48114.4589
1791292258,48123.1613
1791292260,48129.0643
1791292262,48143.4121
1791292264,48137.8936
1791292266,48134.4018
1791292268,48148.6086
1791292270,48135.9357
1791292272,48137.6524
1791292274,48147.4355
1791292276,48145.8261
1791292278,48153.501
1791292280,48148.7895
1791292282,48150.6449
1791292284,48158.3444
1791292286,48150.3464
1791292288,48150.8421
1791292290,48166.3197
1791292292,48178.7799
1791292294,48190.1069
1791292296,48204.1537
1791292298,48190.9052
1791292300,48189.1391
1791292302,48200.9709
1791292304,48198.5656
1791292306,48189.6434
1791292308,48183.0632
1791292310,48180.9133
1791292312,48178.2728
1791292314,48179.8854
1791292316,48177.5515
1791292318,48176.363
1791292320,48174.5983
1791292322,48183.9997
1791292324,48182.8457
1791292326,48180.8927
1791292328,48176.7226
1791292330,48193.4908
1791292332,48198.1511
1791292334,48202.7028
1791292336,48207.1498
1791292338,48207.7732
1791292340,48229.1644
1791292342,48221.6271
1791292344,48215.7817
1791292346,48202.4465
1791292348,48203.9833
1791292350,48205.9951
1791292352,48210.4741
1791292354,48194.3234
1791292356,48196.3491
1791292358,48189.4859
1791292360,48191.8406
1791292362,48197.0397
1791292364,48204.1018
1791292366,48196.9188
1791292368,48201.182
1791292370,48186.8559
1791292372,48192.8346
1791292374,48174.6105
1791292376,48190.2903
1791292378,48198.3911
1791292380,48204.4347
1791292382,48198.9776
1791292384,48210.2653
1791292386,48194.4521
1791292388,48176.2197
1791292390,48168.7297
1791292392,48172.7208
1791292394,48161.8079
1791292396,48159.9806
1791292398,48155.7989
1791292400,48154.5226
1791292402,48170.4798
1791292404,48171.6772
1791292406,48180.4898
1791292408,48174.095
1791292410,48195.5699
1791292412,48194.6785
1791292414,48190.7495
1791292416,48181.2384
1791292418,48173.8072
1791292420,48171.897
1791292422,48170.7467
1791292424,48159.9273
1791292426,48148.8413
1791292428,48140.5843
1791292430,48135.2733
1791292432,48127.2098
1791292434,48129.3748
1791292436,48138.9785
1791292438,48141.5305
1791292440,48144.3322
1791292442,48134.5529
1791292444,48133.3033
1791292446,48151.4324
1791292448,48142.1766
1791292450,48129.1075
1791292452,48123.9171
1791292454,48121.4737
1791292456,48105.2383
1791292458,48099.9588
1791292460,48096.669
1791292462,48092.0522
1791292464,48088.359
1791292466,48092.9509
1791292468,48096.2171
1791292470,48089.6505
1791292472,48101.9235
1791292474,48093.7442
1791292476,48104.4815
1791292478,48110.5541
1791292480,48116.9634
1791292482,48124.2208
1791292484,48117.2705
1791292486,48105.7773
1791292488,48096.0404
1791292490,48096.4622
1791292492,48101.0044
1791292494,48106.5061
1791292496,48103.9474
1791292498,48093.7098
1791292500,48100.2399
1791292502,48106.3406
1791292504,48115.6178
1791292506,48115.844
1791292508,48113.0322
1791292510,48114.26
1791292512,48108.9829
1791292514,48088.5824
1791292516,48076.0698
1791292518,48059.2447
1791292520,48070.8032
1791292522,48060.8842
1791292524,48063.8927
1791292526,48060.0095
1791292528,48058.7411
1791292530,48048.0585
1791292532,48052.4556
1791292534,48041.4486
1791292536,48037.4263
1791292538,48039.9728
1791292540,48044.1347
1791292542,48039.9298
1791292544,48037.1466
1791292546,48021.2528
1791292548,48024.3157
1791292550,48032.2143
1791292552,48033.0432
1791292554,48031.912
1791292556,48030.3772
1791292558,48036.1891
1791292560,48036.9032
1791292562,48061.0462
1791292564,48061.0068
1791292566,48051.9737
1791292568,48060.0655
1791292570,48052.6785
1791292572,48048.5526
1791292574,48038.0429
1791292576,48023.4626
1791292578,48025.073
1791292580,48013.5653
1791292582,47995.9134
1791292584,47993.5629
1791292586,47997.7823
1791292588,48003.2926
1791292590,47981.6855
1791292592,47982.8443
1791292594,47987.7326
1791292596,47984.4998
1791292598,47979.8686
1791292600,47966.9971
1791292602,47959.9826
1791292604,47960.6315
1791292606,47953.3572
1791292608,47959.1068
1791292610,47971.8871
1791292612,47976.0834
1791292614,47982.048
1791292616,47981.6714
1791292618,47978.3563
1791292620,47983.8655
1791292622,47985.5441
1791292624,47971.4379
1791292626,47976.7846
1791292628,47979.8844
1791292630,47976.0315
1791292632,47986.6348
1791292634,47981.1805
1791292636,47978.824
1791292638,47990.6739
1791292640,47984.6803
1791292642,47978.6523
1791292644,47975.3773
1791292646,47971.9205
1791292648,47973.7557
1791292650,47970.8043
1791292652,47977.7273
1791292654,47985.9087
1791292656,47979.3699
1791292658,47965.1311
1791292660,47976.5174
1791292662,47966.7764
1791292664,47963.7802
1791292666,47967.1771
1791292668,47971.6368
1791292670,47981.4919
1791292672,47971.7444
1791292674,47969.3222
1791292676,47961.1567
1791292678,47966.3161
1791292680,47972.3846
1791292682,47966.2148
1791292684,47971.4207
1791292686,47958.2752
1791292688,47963.8679
1791292690,47958.8472
1791292692,47965.5565
1791292694,47938.9865
1791292696,47942.0723
1791292698,47936.7345
1791292700,47947.901
1791292702,47962.1383
1791292704,47957.0355
1791292706,47976.7944
1791292708,47978.0639
1791292710,47969.1498
1791292712,47973.1912
1791292714,47976.633
1791292716,47970.4409
1791292718,47964.809
1791292720,47960.0139
1791292722,47948.9916
1791292724,47945.4126
1791292726,47921.9575
1791292728,47921.6417
1791292730,47940.7924
1791292732,47953.0039
1791292734,47957.2399
1791292736,47958.1765
1791292738,47956.4552
1791292740,47943.9392
1791292742,47935.0872
1791292744,47924.4705
1791292746,47913.6296
1791292748,47891.0789
1791292750,47889.9596
1791292752,47901.1036
1791292754,47892.5168
1791292756,47906.0466
1791292758,47900.6801
1791292760,47900.5278
1791292762,47904.8948
1791292764,47905.1464
1791292766,47914.7266
1791292768,47929.9879
1791292770,47905.8373
1791292772,47905.7014
1791292774,47893.1862
1791292776,47896.6978
1791292778,47899.1363
1791292780,47904.522
1791292782,47912.7459
1791292784,47910.843
1791292786,47927.1788
1791292788,47924.5243
1791292790,47916.289
1791292792,47900.5078
1791292794,47912.5672
1791292796,47934.0093
1791292798,47932.3811
1791292800,47936.5555
1791292802,47936.6988
1791292804,47936.8069
1791292806,47951.1193
1791292808,47939.0495
1791292810,47948.6833
1791292812,47939.0302
1791292814,47932.732
1791292816,47943.6525
1791292818,47932.8819
1791292820,47923.5232
1791292822,47912.127
1791292824,47914.8421
1791292826,47917.5314
1791292828,47923.0316
1791292830,47927.4658
1791292832,47943.5365
1791292834,47945.6444
1791292836,47951.0516
1791292838,47953.4293
1791292840,47955.4077
1791292842,47961.3963
1791292844,47950.3873
1791292846,47948.0716
1791292848,47940.2258
1791292850,47948.1756
1791292852,47969.0175
1791292854,47974.5837
1791292856,47978.9192
1791292858,47990.6642
1791292860,47972.9762
1791292862,47992.7858
1791292864,48013.8296
1791292866,48017.4329
1791292868,48020.4548
1791292870,48016.0875
1791292872,48021.4662
1791292874,48037.101
1791292876,48028.8946
1791292878,48015.5248
1791292880,48014.1842
1791292882,48001.41
1791292884,48014.087
1791292886,48012.2236
1791292888,48016.7375
1791292890,48023.4584
1791292892,48019.4295
1791292894,48018.8932
1791292896,48024.1831
1791292898,48038.2277
1791292900,48030.8223
1791292902,48028.3845
1791292904,48035.8106
1791292906,48031.9354
1791292908,48045.8385
1791292910,48034.9079
1791292912,48025.4642
1791292914,48012.9253
1791292916,48019.4403
1791292918,48022.3118
1791292920,48017.7001
1791292922,48006.7323
1791292924,47984.2312
1791292926,47986.4484
1791292928,47980.9339
1791292930,47979.2005
1791292932,47972.8932
1791292934,47956.7964
1791292936,47963.4012
1791292938,47963.9065
1791292940,47955.8554
1791292942,47944.907
1791292944,47945.3517
1791292946,47948.3453
1791292948,47953.9865
1791292950,47941.4942
1791292952,47949.5425
1791292954,47949.6636
1791292956,47944.099
1791292958,47941.4123
1791292960,47931.93
1791292962,47931.1744
1791292964,47938.8786
1791292966,47950.5451
1791292968,47959.1572
1791292970,47962.0696
1791292972,47967.305
1791292974,47967.4003
1791292976,47973.1416
1791292978,47977.5408
1791292980,47972.9718
1791292982,47964.6747
1791292984,47948.3957
1791292986,47955.4023
1791292988,47948.2729
1791292990,47959.5417
1791292992,47947.0138
1791292994,47935.6885
1791292996,47935.3442
1791292998,47930.52
1791293000,47932.2618
1791293002,47925.4349
1791293004,47929.2049
1791293006,47928.9797
1791293008,47940.0671
1791293010,47946.9974
1791293012,47935.974
1791293014,47932.6018
1791293016,47938.225
1791293018,47931.0909
1791293020,47929.2153
1791293022,47932.1813
1791293024,47926.8045
1791293026,47941.3013
1791293028,47937.861
1791293030,47949.3399
1791293032,47942.7769
1791293034,47947.6067
1791293036,47938.4195
1791293038,47951.2187
1791293040,47960.3922
1791293042,47962.5841
1791293044,47967.5223
1791293046,47955.6121
1791293048,47964.6361
1791293050,47959.7272
1791293052,47954.3203
1791293054,47937.9466
1791293056,47929.2352
1791293058,47940.5983
1791293060,47946.3003
1791293062,47937.3128
1791293064,47915.3789
1791293066,47917.2681
1791293068,47915.5905
1791293070,47920.3875
1791293072,47917.1148
1791293074,47917.0048
1791293076,47921.4563
1791293078,47936.6529
1791293080,47922.5437
1791293082,47907.438
1791293084,47907.9243
1791293086,47891.0772
1791293088,47862.2815
1791293090,47875.0338
1791293092,47871.7279
1791293094,47869.7642
1791293096,47880.2812
1791293098,47874.9077
1791293100,47891.4956
1791293102,47886.7038
1791293104,47872.6628
1791293106,47879.7581
1791293108,47874.4232
1791293110,47870.3428
1791293112,47890.9005
1791293114,47883.4075
1791293116,47887.1412
1791293118,47888.8947
1791293120,47892.0975
1791293122,47903.4485
1791293124,47900.3183
1791293126,47906.3181
1791293128,47909.7346
1791293130,47910.5743
1791293132,47901.9362
1791293134,47889.9585
1791293136,47884.63
1791293138,47887.5546
1791293140,47893.703
1791293142,47871.7554
1791293144,47865.7887
1791293146,47867.4098
1791293148,47865.263
1791293150,47854.9323
1791293152,47854.606
1791293154,47873.2607
1791293156,47879.6026
1791293158,47867.0139
1791293160,47858.0801
1791293162,47845.974
1791293164,47859.3572
1791293166,47853.966
1791293168,47850.8929
1791293170,47866.9056
1791293172,47862.1842
1791293174,47864.0111
1791293176,47870.3552
1791293178,47867.0346
1791293180,47876.2856
1791293182,47879.0159
1791293184,47876.9026
1791293186,47871.6627
1791293188,47887.1874
1791293190,47894.5406
1791293192,47878.8752
1791293194,47868.8118
1791293196,47851.7589
1791293198,47842.9274
1791293200,47824.1578
1791293202,47826.9441
1791293204,47828.9309
1791293206,47825.153
1791293208,47824.9009
1791293210,47820.3765
1791293212,47811.5354
1791293214,47825.8329
1791293216,47808.4417
1791293218,47817.9622
1791293220,47815.2138
1791293222,47811.7078
1791293224,47815.8199
1791293226,47803.6012
1791293228,47811.2064
1791293230,47810.3461
1791293232,47808.1064
1791293234,47817.3432
1791293236,47825.4651
1791293238,47838.0695
1791293240,47853.0521
1791293242,47852.8162
1791293244,47839.858
1791293246,47848.9701
1791293248,47836.594
1791293250,47832.8559
1791293252,47840.8565
1791293254,47840.5991
1791293256,47829.8516
1791293258,47833.4639
1791293260,47834.3108
1791293262,47829.7608
1791293264,47825.905
1791293266,47838.378
1791293268,47839.5005
1791293270,47823.1422
1791293272,47804.5829
1791293274,47810.8603
1791293276,47823.0401
1791293278,47824.5508
1791293280,47816.2811
1791293282,47806.0815
1791293284,47787.8407
1791293286,47791.4004
1791293288,47780.4261
1791293290,47806.112
1791293292,47800.6023
1791293294,47787.2824
1791293296,47798.9131
1791293298,47797.1737
1791293300,47800.6082
1791293302,47797.3864
1791293304,47794.3213
1791293306,47796.1341
1791293308,47791.5472
1791293310,47802.4042
1791293312,47790.6237
1791293314,47792.711
1791293316,47792.9329
1791293318,47787.4374
1791293320,47795.8267
1791293322,47790.9402
1791293324,47787.3871
1791293326,47791.5956
1791293328,47796.9226
1791293330,47804.0366
1791293332,47808.2539
1791293334,47807.9434
1791293336,47810.4529
1791293338,47817.602
1791293340,47810.1305
1791293342,47806.4273
1791293344,47804.5885
1791293346,47799.9958
1791293348,47792.9717
1791293350,47786.5583
1791293352,47790.9803
1791293354,47797.0731
1791293356,47797.5491
1791293358,47788.118
1791293360,47795.4088
1791293362,47790.9355
1791293364,47799.1618
1791293366,47782.2142
1791293368,47776.117
1791293370,47783.2586
1791293372,47786.1398
1791293374,47784.7375
1791293376,47792.5442
1791293378,47776.7142
1791293380,47770.7834
1791293382,47780.7601
1791293384,47798.7944
1791293386,47788.8234
1791293388,47784.1266
1791293390,47794.4586
1791293392,47794.9422
1791293394,47796.698
1791293396,47798.4739
1791293398,47806.6943
1791293400,47793.1478
1791293402,47797.1838
1791293404,47782.8532
1791293406,47770.6824
1791293408,47781.0967
1791293410,47763.1157
1791293412,47771.4688
1791293414,47777.1403
1791293416,47762.6855
1791293418,47754.2754
1791293420,47755.9916
1791293422,47752.983
1791293424,47757.3671
1791293426,47751.5242
1791293428,47725.5786
1791293430,47745.9009
1791293432,47745.5695
1791293434,47762.8074
1791293436,47767.0586
1791293438,47774.4773
1791293440,47769.0578
1791293442,47774.6659
1791293444,47769.375
1791293446,47756.0694
1791293448,47757.8621
1791293450,47760.7168
1791293452,47764.3916
1791293454,47769.2284
1791293456,47786.943
1791293458,47783.1495
1791293460,47787.8411
1791293462,47794.5576
1791293464,47783.1891
1791293466,47785.7291
1791293468,47781.6946
1791293470,47780.2583
1791293472,47786.7858
1791293474,47779.7321
1791293476,47763.2684
1791293478,47766.0547
1791293480,47752.8124
1791293482,47752.0048
1791293484,47755.742
1791293486,47769.3011
1791293488,47774.0111
1791293490,47785.162
1791293492,47785.7752
1791293494,47784.7335
1791293496,47787.0028
1791293498,47787.5738
1791293500,47782.2175
1791293502,47779.151
1791293504,47779.5414
1791293506,47763.3252
1791293508,47764.3569
1791293510,47764.4038
1791293512,47767.3355
1791293514,47763.4294
1791293516,47759.3494
1791293518,47748.3797
1791293520,47760.0976
1791293522,47761.1184
1791293524,47760.1249
1791293526,47766.479
1791293528,47771.4712
1791293530,47758.6548
1791293532,47758.4138
1791293534,47763.4645
1791293536,47761.3412
1791293538,47762.8905
1791293540,47767.8892
1791293542,47781.5147
1791293544,47790.0131
1791293546,47797.531
1791293548,47794.2157
1791293550,47804.4644
1791293552,47793.8054
1791293554,47794.1252
1791293556,47788.7756
1791293558,47780.3166
1791293560,47796.4092
1791293562,47807.5338
1791293564,47811.0549
1791293566,47820.1274
1791293568,47814.4189
1791293570,47806.3708
1791293572,47801.9952
1791293574,47797.7861
1791293576,47796.1045
1791293578,47810.12
1791293580,47808.9998
1791293582,47818.4773
1791293584,47824.0447
1791293586,47819.3699
1791293588,47810.3991
1791293590,47817.0308
1791293592,47809.1283
1791293594,47805.096
1791293596,47811.3295
1791293598,47806.6291
1791293600,47797.0612
1791293602,47802.046
1791293604,47794.8981
1791293606,47792.2713
1791293608,47807.5515
1791293610,47811.6454
1791293612,47810.6096
1791293614,47820.9482
1791293616,47821.7057
1791293618,47821.9584
1791293620,47814.7527
1791293622,47814.1485
1791293624,47820.4305
1791293626,47829.738
1791293628,47836.3412
1791293630,47839.8296
1791293632,47842.8026
1791293634,47843.4619
1791293636,47831.2811
1791293638,47822.5846
1791293640,47835.7893
1791293642,47840.9877
1791293644,47831.5478
1791293646,47843.6154
1791293648,47822.8533
1791293650,47828.1313
1791293652,47838.4869
1791293654,47842.826
1791293656,47835.8393
1791293658,47826.4826
1791293660,47819.9953
1791293662,47817.9908
1791293664,47828.137
1791293666,47816.3219
1791293668,47791.0301
1791293670,47763.3605
1791293672,47758.4247
1791293674,47751.5693
1791293676,47754.1359
1791293678,47744.0716
1791293680,47738.2549
1791293682,47734.4347
1791293684,47734.8777
1791293686,47725.5191
1791293688,47725.8389
1791293690,47715.349
1791293692,47723.1438
1791293694,47720.6725
1791293696,47718.2262
1791293698,47718.6445
1791293700,47722.1582
1791293702,47727.2403
1791293704,47733.7744
1791293706,47744.061
1791293708,47734.2222
1791293710,47724.8926
1791293712,47721.3644
1791293714,47736.0068
1791293716,47736.5597
1791293718,47726.4953
1791293720,47736.6396
1791293722,47728.9962
1791293724,47742.5324
1791293726,47756.8119
1791293728,47743.2885
1791293730,47754.1278
1791293732,47764.0963
1791293734,47751.3868
1791293736,47747.7719
1791293738,47745.8555
1791293740,47740.5203
1791293742,47747.7606
1791293744,47721.3223
1791293746,47730.5396
1791293748,47733.9804
1791293750,47743.3625
1791293752,47745.1036
1791293754,47751.0286
1791293756,47767.3431
1791293758,47757.4589
1791293760,47749.0135
1791293762,47750.5943
1791293764,47755.9461
1791293766,47747.2402
1791293768,47751.6448
1791293770,47737.9623
1791293772,47731.4497
1791293774,47730.534
1791293776,47725.4821
1791293778,47719.1422
1791293780,47714.968
1791293782,47718.9759
1791293784,47720.5717
1791293786,47726.8012
1791293788,47726.5866
1791293790,47731.0098
1791293792,47748.1083
1791293794,47732.7082
1791293796,47721.466
1791293798,47733.4544
1791293800,47736.3009
1791293802,47736.9554
1791293804,47732.4165
1791293806,47742.5744
1791293808,47737.6935
1791293810,47736.3168
1791293812,47751.582
1791293814,47757.391
1791293816,47758.1762
1791293818,47759.5185
1791293820,47733.6755
1791293822,47710.9992
1791293824,47713.582
1791293826,47717.8217
1791293828,47716.9771
1791293830,47710.4106
1791293832,47707.8619
1791293834,47708.1259
1791293836,47715.4152
1791293838,47730.1248
1791293840,47745.1792
1791293842,47750.1856
1791293844,47760.2313
1791293846,47751.5041
1791293848,47760.3686
1791293850,47760.1967
1791293852,47758.7862
1791293854,47761.161
1791293856,47758.2737
1791293858,47774.1814
1791293860,47779.2056
1791293862,47763.0465
1791293864,47757.7691
1791293866,47763.1412
1791293868,47767.9022
1791293870,47768.999
1791293872,47777.5327
1791293874,47792.5095
1791293876,47792.7918
1791293878,47788.6227
1791293880,47804.8248
1791293882,47803.0908
1791293884,47795.5635
1791293886,47786.1593
1791293888,47791.1485
1791293890,47794.2267
1791293892,47787.4026
1791293894,47796.2559
1791293896,47796.7223
1791293898,47802.9226
1791293900,47794.9175
1791293902,47773.123
1791293904,47762.1235
1791293906,47757.523
1791293908,47764.5522
1791293910,47767.0034
1791293912,47763.2763
1791293914,47774.5432
1791293916,47770.6027
1791293918,47771.2636
1791293920,47785.3164
1791293922,47775.7305
1791293924,47778.5663
1791293926,47771.9309
1791293928,47770.9909
1791293930,47777.71
1791293932,47777.2893
1791293934,47779.4581
1791293936,47794.4876
1791293938,47799.0548
1791293940,47794.3597
1791293942,47793.5346
1791293944,47794.2796
1791293946,47793.3784
1791293948,47787.445
1791293950,47787.2279
1791293952,47785.4204
1791293954,47809.3479
1791293956,47807.2783
1791293958,47803.2093
1791293960,47786.9751
1791293962,47776.0898
1791293964,47769.6273
1791293966,47769.5512
1791293968,47775.857
1791293970,47766.0609
1791293972,47770.425
1791293974,47767.6533
1791293976,47744.5612
1791293978,47757.5098
1791293980,47750.715
1791293982,47755.6819
1791293984,47762.389
1791293986,47748.4261
1791293988,47753.2903
1791293990,47755.9847
1791293992,47774.3526
1791293994,47787.5247
1791293996,47793.3284
1791293998,47786.4709
1791294000,47792.2282
1791294002,47796.8674
1791294004,47803.1222
1791294006,47787.7494
1791294008,47783.5974
1791294010,47779.266
1791294012,47771.2298
1791294014,47775.0703
1791294016,47768.2802
1791294018,47771.778
1791294020,47765.6526
1791294022,47771.8679
1791294024,47775.8586
1791294026,47769.4792
1791294028,47786.3859
1791294030,47785.3984
1791294032,47791.9098
1791294034,47789.6401
1791294036,47774.8124
1791294038,47774.8522
1791294040,47789.1603
1791294042,47788.898
1791294044,47788.6827
1791294046,47790.2094
1791294048,47796.0593
1791294050,47799.8884
1791294052,47808.0278
1791294054,47817.4925
1791294056,47815.7479
1791294058,47814.7141
1791294060,47792.5636
1791294062,47785.3753
1791294064,47775.8942
1791294066,47763.7757
1791294068,47762.0205
1791294070,47758.5133
1791294072,47755.4166
1791294074,47758.1438
1791294076,47765.1122
1791294078,47767.5601
1791294080,47750.5918
1791294082,47753.335
1791294084,47754.104
1791294086,47757.6821
1791294088,47755.2145
1791294090,47756.1862
1791294092,47758.2072
1791294094,47761.0089
1791294096,47764.2408
1791294098,47771.4502
1791294100,47769.4945
1791294102,47768.378
1791294104,47757.9017
1791294106,47758.2295
1791294108,47751.097
1791294110,47746.8384
1791294112,47745.9136
1791294114,47756.8722
1791294116,47747.4024
1791294118,47738.8116
1791294120,47737.452
1791294122,47735.1227
1791294124,47717.997
1791294126,47723.424
1791294128,47715.016
1791294130,47719.9334
1791294132,47709.2693
1791294134,47711.8448
1791294136,47717.8728
1791294138,47724.3677
1791294140,47728.5826
1791294142,47722.9786
1791294144,47719.2263
1791294146,47732.3041
1791294148,47715.647
1791294150,47719.6941
1791294152,47716.5469
1791294154,47721.6094
1791294156,47718.5901
1791294158,47713.9107
1791294160,47716.752
1791294162,47721.4887
1791294164,47739.4267
1791294166,47751.7044
1791294168,47744.9962
1791294170,47735.1279
1791294172,47735.5525
1791294174,47731.6728
1791294176,47743.2578
1791294178,47745.9317
1791294180,47728.5449
1791294182,47717.4731
1791294184,47710.113
1791294186,47713.3157
1791294188,47726.933
1791294190,47730.0777
1791294192,47728.0591
1791294194,47715.4964
1791294196,47702.1882
1791294198,47701.3638
1791294200,47699.7437
1791294202,47704.4817
1791294204,47689.2962
1791294206,47699.0066
1791294208,47689.9384
1791294210,47674.2473
1791294212,47672.3991
1791294214,47673.0454
1791294216,47674.1344
1791294218,47676.2418
1791294220,47672.1364
1791294222,47664.2565
1791294224,47655.6112
1791294226,47648.7997
1791294228,47652.1382
1791294230,47662.7102
1791294232,47651.7451
1791294234,47651.9301
1791294236,47648.1503
1791294238,47665.5332
1791294240,47656.8111
1791294242,47653.1568
1791294244,47643.8306
1791294246,47635.25
1791294248,47639.8547
1791294250,47649.9006
1791294252,47628.2568
1791294254,47618.4143
1791294256,47610.2383
1791294258,47614.6556
1791294260,47621.5846
1791294262,47625.5211
1791294264,47614.9705
1791294266,47622.8571
1791294268,47625.6689
1791294270,47619.8618
1791294272,47619.2215
1791294274,47626.7924
1791294276,47618.0598
1791294278,47587.1226
1791294280,47576.724
1791294282,47578.8003
1791294284,47586.0041
1791294286,47575.3539
1791294288,47566.0356
1791294290,47558.7091
1791294292,47573.3592
1791294294,47579.8197
1791294296,47561.436
1791294298,47559.6555
1791294300,47573.1027
1791294302,47585.4935
1791294304,47588.8085
1791294306,47600.5866
1791294308,47602.9919
1791294310,47604.5461
1791294312,47611.3669
1791294314,47603.6118
1791294316,47598.0801
1791294318,47600.0877
1791294320,47594.5226
1791294322,47591.2043
1791294324,47583.358
1791294326,47582.0836
1791294328,47573.8465
1791294330,47579.7016
1791294332,47586.7903
1791294334,47592.8783
1791294336,47594.1233
1791294338,47593.029
1791294340,47587.7345
1791294342,47591.416
1791294344,47584.8627
1791294346,47575.709
1791294348,47588.817
1791294350,47576.7465
1791294352,47588.6503
1791294354,47597.4784
1791294356,47603.1377
1791294358,47587.4007
1791294360,47587.145
1791294362,47586.3162
1791294364,47570.097
1791294366,47570.4075
1791294368,47568.1565
1791294370,47561.9213
1791294372,47570.7441
1791294374,47580.8089
1791294376,47597.7768
1791294378,47607.465
1791294380,47607.0545
1791294382,47603.3581
1791294384,47597.3009
1791294386,47587.361
1791294388,47600.1451
1791294390,47592.3039
1791294392,47588.4428
1791294394,47593.1796
1791294396,47608.3844
1791294398,47600.5201
1791294400,47611.1256
1791294402,47596.7474
1791294404,47590.8511
1791294406,47570.5744
1791294408,47564.6714
1791294410,47565.7626
1791294412,47580.2286
1791294414,47577.5176
1791294416,47560.0317
1791294418,47559.9963
1791294420,47557.707
1791294422,47549.8048
1791294424,47538.9049
1791294426,47531.639
1791294428,47537.4532
1791294430,47540.0282
1791294432,47553.6525
1791294434,47558.2507
1791294436,47561.1424
1791294438,47558.318
1791294440,47542.1695
1791294442,47540.3106
1791294444,47534.3704
1791294446,47539.9377
1791294448,47540.4956
1791294450,47535.5456
1791294452,47537.146
1791294454,47538.0364
1791294456,47531.7753
1791294458,47529.3435
1791294460,47523.8372
1791294462,47529.5803
1791294464,47531.4412
1791294466,47537.8639
1791294468,47527.4128
1791294470,47522.3205
1791294472,47526.2373
1791294474,47540.6823
1791294476,47549.7481
1791294478,47540.5301
1791294480,47525.7915
1791294482,47535.6363
1791294484,47553.354
1791294486,47558.1773
1791294488,47551.2646
1791294490,47560.8457
1791294492,47544.4727
1791294494,47556.1037
1791294496,47563.5651
1791294498,47565.4092
1791294500,47559.0311
1791294502,47559.6159
1791294504,47556.9331
1791294506,47565.972
1791294508,47566.0326
1791294510,47585.6098
1791294512,47586.2249
1791294514,47576.3095
1791294516,47577.0336
1791294518,47564.2764
1791294520,47548.1794
1791294522,47558.4691
1791294524,47554.2099
1791294526,47555.1686
1791294528,47540.9378
1791294530,47545.8057
1791294532,47562.4973
1791294534,47566.8751
1791294536,47563.9499
1791294538,47564.2865
1791294540,47560.7163
1791294542,47559.2371
1791294544,47571.8189
1791294546,47565.7157
1791294548,47545.1574
1791294550,47524.5762
1791294552,47521.8469
1791294554,47528.1339
1791294556,47523.6035
1791294558,47512.6257
1791294560,47512.2747
1791294562,47518.0615
1791294564,47517.4363
1791294566,47522.7249
1791294568,47538.7099
1791294570,47543.0863
1791294572,47543.9586
1791294574,47556.9112
1791294576,47564.4153
1791294578,47554.3855
1791294580,47558.5259
1791294582,47565.4834
1791294584,47554.1748
1791294586,47547.706
1791294588,47556.6193
1791294590,47560.237
1791294592,47572.1097
1791294594,47572.3808
1791294596,47573.2683
1791294598,47573.3226
1791294600,47568.7737
1791294602,47578.8466
1791294604,47582.428
1791294606,47582.5069
1791294608,47574.1371
1791294610,47590.6009
1791294612,47573.4079
1791294614,47585.2637
1791294616,47580.9022
1791294618,47572.1949
1791294620,47588.5918
1791294622,47597.8338
1791294624,47598.9354
1791294626,47597.8656
1791294628,47610.7061
1791294630,47598.9946
1791294632,47588.5434
1791294634,47602.3228
1791294636,47604.0121
1791294638,47586.126
1791294640,47587.5872
1791294642,47584.8889
1791294644,47578.5744
1791294646,47561.2334
1791294648,47559.6069
1791294650,47567.6024
1791294652,47569.7769
1791294654,47573.0365
1791294656,47589.6324
1791294658,47585.497
1791294660,47583.6003
1791294662,47573.6344
1791294664,47561.8102
1791294666,47565.4878
1791294668,47577.1305
1791294670,47578.7927
1791294672,47572.9262
1791294674,47575.529
1791294676,47588.8492
1791294678,47577.5086
1791294680,47586.2147
1791294682,47579.6259
1791294684,47566.589
1791294686,47598.5008
1791294688,47587.298
1791294690,47588.8257
1791294692,47577.5444
1791294694,47586.9622
1791294696,47601.7525
1791294698,47605.3814
1791294700,47592.1577
1791294702,47602.7234
1791294704,47607.3817
1791294706,47604.4226
1791294708,47609.8932
1791294710,47617.3271
1791294712,47608.0707
1791294714,47607.343
1791294716,47594.3034
1791294718,47593.5108
1791294720,47591.0319
1791294722,47587.3902
1791294724,47590.414
1791294726,47585.8205
1791294728,47587.8964
1791294730,47591.7425
1791294732,47592.3612
1791294734,47598.7886
1791294736,47588.4163
1791294738,47582.3504
1791294740,47575.6246
1791294742,47579.7279
1791294744,47582.2385
1791294746,47579.5245
1791294748,47573.1096
1791294750,47560.8354
1791294752,47558.368
1791294754,47565.627
1791294756,47558.0147
1791294758,47558.0462
1791294760,47551.784
1791294762,47556.7148
1791294764,47570.9478
1791294766,47581.7923
1791294768,47576.0228
1791294770,47577.4895
1791294772,47579.674
1791294774,47580.7929
1791294776,47566.0722
1791294778,47567.8629
1791294780,47574.7063
1791294782,47569.404
1791294784,47593.6248
1791294786,47589.2985
1791294788,47573.418
1791294790,47560.7253
1791294792,47571.4731
1791294794,47563.0623
1791294796,47580.3421
1791294798,47573.0407
1791294800,47564.8837
1791294802,47569.1598
1791294804,47571.658
1791294806,47578.2322
1791294808,47565.1759
1791294810,47544.8857
1791294812,47534.5833
1791294814,47545.2162
1791294816,47551.1683
1791294818,47549.6536
1791294820,47541.3575
1791294822,47527.9067
1791294824,47542.8103
1791294826,47536.9802
1791294828,47533.3417
1791294830,47542.6971
1791294832,47536.4528
1791294834,47550.6296
1791294836,47545.1905
1791294838,47541.6657
1791294840,47534.7229
1791294842,47529.963
1791294844,47537.7388
1791294846,47525.1468
1791294848,47519.7423
1791294850,47522.7386
1791294852,47525.9264
1791294854,47516.2715
1791294856,47508.7316
1791294858,47510.0494
1791294860,47517.9329
1791294862,47515.1535
1791294864,47516.0614
1791294866,47514.4392
1791294868,47511.5019
1791294870,47520.9035
1791294872,47523.8867
1791294874,47537.7538
1791294876,47528.2139
1791294878,47522.5541
1791294880,47522.928
1791294882,47527.9878
1791294884,47531.9922
1791294886,47533.3689
1791294888,47518.2555
1791294890,47513.3532
1791294892,47513.7945
1791294894,47504.0811
1791294896,47498.986
1791294898,47497.3383
1791294900,47490.2899
1791294902,47482.6377
1791294904,47475.8888
1791294906,47477.5988
1791294908,47466.975
1791294910,47477.4459
1791294912,47481.4972
1791294914,47464.8281
1791294916,47460.6085
1791294918,47461.2352
1791294920,47465.629
1791294922,47468.2076
1791294924,47464.2612
1791294926,47472.7311
1791294928,47464.9127
1791294930,47459.1745
1791294932,47440.8904
1791294934,47431.7004
1791294936,47424.402
1791294938,47413.2079
1791294940,47413.7295
1791294942,47404.6185
1791294944,47403.0584
1791294946,47415.7298
1791294948,47416.0589
1791294950,47411.1476
1791294952,47405.3937
1791294954,47399.4855
1791294956,47413.5474
1791294958,47423.1331
1791294960,47414.9222
1791294962,47421.5349
1791294964,47430.7235
1791294966,47437.4527
1791294968,47444.0002
1791294970,47443.1647
1791294972,47460.7282
1791294974,47450.051
1791294976,47455.9377
1791294978,47455.5898
1791294980,47450.1238
1791294982,47454.4891
1791294984,47452.0483
1791294986,47451.4572
1791294988,47450.046
1791294990,47441.2555
1791294992,47432.566
1791294994,47438.9177
1791294996,47434.6774
1791294998,47443.2912
1791295000,47451.5973
1791295002,47455.9169
1791295004,47441.9456
1791295006,47441.0879
1791295008,47447.891
1791295010,47437.7192
1791295012,47449.6111
1791295014,47450.6853
1791295016,47455.6702
1791295018,47445.0645
1791295020,47434.4048
1791295022,47428.8957
1791295024,47402.7132
1791295026,47413.7408
1791295028,47409.6675
1791295030,47407.5433
1791295032,47416.8072
1791295034,47412.6696
1791295036,47411.8137
1791295038,47408.8628
1791295040,47414.5615
1791295042,47411.009
1791295044,47410.834
1791295046,47423.8872
1791295048,47429.1634
1791295050,47436.4654
1791295052,47450.1636
1791295054,47452.328
1791295056,47458.4933
1791295058,47457.8645
1791295060,47454.0835
1791295062,47455.156
1791295064,47455.041
1791295066,47439.4047
1791295068,47438.4807
1791295070,47444.5334
1791295072,47461.9472
1791295074,47451.1853
1791295076,47446.4296
1791295078,47432.1424
1791295080,47437.5776
1791295082,47434.3209
1791295084,47422.366
1791295086,47419.6245
1791295088,47413.3114
1791295090,47415.0424
1791295092,47407.9686
1791295094,47414.2082
1791295096,47419.9042
1791295098,47440.1394
1791295100,47454.8492
1791295102,47461.2324
1791295104,47468.552
1791295106,47441.0964
1791295108,47446.6263
1791295110,47439.613
1791295112,47447.1918
1791295114,47442.7018
1791295116,47438.9639
1791295118,47459.85
1791295120,47453.6952
1791295122,47439.7083
1791295124,47424.8109
1791295126,47410.7357
1791295128,47400.1398
1791295130,47409.7401
1791295132,47418.0931
1791295134,47411.7927
1791295136,47399.5449
1791295138,47374.8463
1791295140,47365.115
1791295142,47368.1166
1791295144,47358.6818
1791295146,47365.8817
1791295148,47359.5337
1791295150,47348.1901
1791295152,47332.3206
1791295154,47343.8576
1791295156,47340.5185
1791295158,47340.9262
1791295160,47349.9618
1791295162,47355.6188
1791295164,47359.6341
1791295166,47370.0344
1791295168,47398.6101
1791295170,47391.76
1791295172,47399.9184
1791295174,47401.4022
1791295176,47398.4488
1791295178,47401.2245
1791295180,47413.044
1791295182,47417.5464
1791295184,47414.9284
1791295186,47390.5986
1791295188,47392.1318
1791295190,47400.5877
1791295192,47385.9889
1791295194,47381.9256
1791295196,47369.9238
1791295198,47373.2733
1791295200,47359.9515
1791295202,47354.3248
1791295204,47371.1575
1791295206,47359.4077
1791295208,47359.6895
1791295210,47377.4561
1791295212,47378.547
1791295214,47380.8585
1791295216,47379.205
1791295218,47381.8551
1791295220,47392.7193
1791295222,47391.4003
1791295224,47392.6759
1791295226,47390.6326
1791295228,47381.2053
1791295230,47385.741
1791295232,47392.2425
1791295234,47402.6465
1791295236,47393.1973
1791295238,47401.7429
1791295240,47398.6345
1791295242,47409.5628
1791295244,47410.6393
1791295246,47421.9224
1791295248,47428.2429
1791295250,47417.8726
1791295252,47416.2065
1791295254,47426.5551
1791295256,47449.2492
1791295258,47437.6356
1791295260,47425.6113
1791295262,47412.8316
1791295264,47397.2833
1791295266,47387.1527
1791295268,47399.102
1791295270,47389.6373
1791295272,47382.5764
1791295274,47370.9813
1791295276,47360.0777
1791295278,47357.0803
1791295280,47352.936
1791295282,47351.7954
1791295284,47362.1893
1791295286,47366.4957
1791295288,47364.7994
1791295290,47369.3123
1791295292,47356.868
1791295294,47354.1824
1791295296,47363.4085
1791295298,47368.7666
1791295300,47390.8872
1791295302,47395.9663
1791295304,47400.6842
1791295306,47394.1358
1791295308,47389.332
1791295310,47393.7267
1791295312,47394.3591
1791295314,47400.5819
1791295316,47389.0106
1791295318,47381.9643
1791295320,47373.5326
1791295322,47375.0716
1791295324,47369.8823
1791295326,47381.5771
1791295328,47380.7759
1791295330,47384.1769
1791295332,47394.212
1791295334,47388.2003
1791295336,47373.9202
1791295338,47365.5981
1791295340,47360.1121
1791295342,47365.4243
1791295344,47368.4114
1791295346,47367.9855
1791295348,47362.5141
1791295350,47376.2853
1791295352,47371.9786
1791295354,47385.5765
1791295356,47384.5156
1791295358,47386.4238
1791295360,47391.7219
1791295362,47390.6989
1791295364,47385.2715
1791295366,47374.2719
1791295368,47376.1213
1791295370,47384.3218
1791295372,47383.3615
1791295374,47379.6771
1791295376,47392.5828
1791295378,47387.0454
1791295380,47398.0929
1791295382,47397.6111
1791295384,47399.3635
1791295386,47402.5497
1791295388,47392.6136
1791295390,47382.599
1791295392,47383.6067
1791295394,47376.732
1791295396,47382.6796
1791295398,47381.1236
1791295400,47378.4961
1791295402,47361.6136
1791295404,47376.4434
1791295406,47380.0619
1791295408,47376.5992
1791295410,47379.182
1791295412,47382.8097
1791295414,47386.1471
1791295416,47383.2952
1791295418,47384.8623
1791295420,47392.5717
1791295422,47388.9752
1791295424,47399.5285
1791295426,47402.9235
1791295428,47403.6554
1791295430,47401.7132
1791295432,47409.4941
1791295434,47404.1836
1791295436,47410.4373
1791295438,47398.2664
1791295440,47393.9729
1791295442,47384.284
1791295444,47389.7596
1791295446,47395.1879
1791295448,47396.8149
1791295450,47382.7501
1791295452,47384.8568
1791295454,47375.9425
1791295456,47369.2797
1791295458,47364.6355
1791295460,47348.3014
1791295462,47364.1051
1791295464,47363.0488
1791295466,47376.5947
1791295468,47377.7304
1791295470,47375.2877
1791295472,47369.1648
1791295474,47370.143
1791295476,47360.426
1791295478,47367.0498
1791295480,47344.1991
1791295482,47345.0251
1791295484,47350.42
1791295486,47351.7135
1791295488,47353.901
1791295490,47359.3185
1791295492,47357.9487
1791295494,47356.0539
1791295496,47360.1215
1791295498,47357.841
1791295500,47357.1896
1791295502,47367.9902
1791295504,47365.0768
1791295506,47355.0359
1791295508,47355.3378
1791295510,47359.0626
1791295512,47355.868
1791295514,47338.7269
1791295516,47340.8263
1791295518,47356.1388
1791295520,47351.5379
1791295522,47347.3619
1791295524,47372.3747
1791295526,47383.7437
1791295528,47389.1484
1791295530,47392.4313
1791295532,47395.3112
1791295534,47406.6463
1791295536,47397.4158
1791295538,47389.6044
1791295540,47408.777
1791295542,47412.7945
1791295544,47408.4898
1791295546,47426.3148
1791295548,47426.9188
1791295550,47423.9626
1791295552,47415.4497
1791295554,47423.5877
1791295556,47434.859
1791295558,47428.9594
1791295560,47443.5728
1791295562,47433.262
1791295564,47435.1689
1791295566,47426.0475
1791295568,47430.3599
1791295570,47435.656
1791295572,47421.3621
1791295574,47422.2274
1791295576,47431.1802
1791295578,47424.4806
1791295580,47426.6925
1791295582,47437.4767
1791295584,47439.681
1791295586,47456.4363
1791295588,47448.1536
1791295590,47445.9086
1791295592,47458.901
1791295594,47457.3042
1791295596,47462.5964
1791295598,47471.0114
1791295600,47463.5412
1791295602,47454.2116
1791295604,47453.0729
1791295606,47455.4178
1791295608,47442.6062
1791295610,47457.1413
1791295612,47462.4861
1791295614,47456.6424
1791295616,47444.5049
1791295618,47453.258
1791295620,47451.4344
1791295622,47445.3151
1791295624,47434.1045
1791295626,47439.4229
1791295628,47436.3565
1791295630,47449.8393
1791295632,47436.0109
1791295634,47415.5587
1791295636,47411.7637
1791295638,47400.7221
1791295640,47412.9661
1791295642,47400.9154
1791295644,47400.6324
1791295646,47396.2177
1791295648,47392.4927
1791295650,47381.4381
1791295652,47383.2133
1791295654,47375.0938
1791295656,47382.3848
1791295658,47379.4465
1791295660,47385.9724
1791295662,47382.0574
1791295664,47387.9924
1791295666,47392.1625
1791295668,47399.3499
1791295670,47392.4889
1791295672,47397.6728
1791295674,47390.9978
1791295676,47379.3363
1791295678,47372.6711
1791295680,47376.1141
1791295682,47376.4443
1791295684,47367.674
1791295686,47362.0767
1791295688,47352.0972
1791295690,47349.1776
1791295692,47360.0291
1791295694,47347.1264
1791295696,47349.2576
1791295698,47346.8441
1791295700,47347.8356
1791295702,47361.5702
1791295704,47366.3985
1791295706,47364.8623
1791295708,47366.3417
1791295710,47381.3962
1791295712,47386.6506
1791295714,47391.7657
1791295716,47387.227
1791295718,47381.9616
1791295720,47389.7548
1791295722,47382.5216
1791295724,47380.4436
1791295726,47381.918
1791295728,47367.9985
1791295730,47356.3914
1791295732,47353.4565
1791295734,47348.3221
1791295736,47338.8397
1791295738,47352.7557
1791295740,47343.2468
1791295742,47338.4909
1791295744,47310.8843
1791295746,47293.0059
1791295748,47310.8452
1791295750,47303.239
1791295752,47301.0339
1791295754,47295.3064
1791295756,47304.051
1791295758,47301.2798
1791295760,47300.2467
1791295762,47279.0656
1791295764,47284.8553
1791295766,47274.877
1791295768,47267.215
1791295770,47261.2036
1791295772,47242.4739
1791295774,47248.1927
1791295776,47233.5405
1791295778,47252.6749
1791295780,47239.2597
1791295782,47254.3628
1791295784,47257.3239
1791295786,47268.9945
1791295788,47265.2503
1791295790,47266.8634
1791295792,47260.718
1791295794,47258.0741
1791295796,47244.4865
1791295798,47244.6541
1791295800,47240.1199
1791295802,47225.787
1791295804,47237.8792
1791295806,47218.8147
1791295808,47218.6695
1791295810,47200.819
1791295812,47210.5445
1791295814,47201.2823
1791295816,47189.0194
1791295818,47182.4843
1791295820,47171.6092
1791295822,47167.5866
1791295824,47152.2278
1791295826,47175.1446
1791295828,47170.8296
1791295830,47168.9896
1791295832,47167.8743
1791295834,47160.0519
1791295836,47156.9954
1791295838,47164.0814
1791295840,47164.6738
1791295842,47163.2118
1791295844,47164.0737
1791295846,47168.1037
1791295848,47168.6018
1791295850,47163.8211
1791295852,47151.519
1791295854,47145.4272
1791295856,47129.9256
1791295858,47146.1992
1791295860,47157.0893
1791295862,47170.5436
1791295864,47156.9937
1791295866,47155.3945
1791295868,47161.7217
1791295870,47150.0608
1791295872,47142.3792
1791295874,47152.831
1791295876,47141.4866
1791295878,47143.6861
1791295880,47151.9235
1791295882,47170.2807
1791295884,47174.6965
1791295886,47172.4217
1791295888,47178.9356
1791295890,47182.3817
1791295892,47172.1811
1791295894,47185.3537
1791295896,47203.4379
1791295898,47222.6406
1791295900,47219.4641
1791295902,47239.6236
1791295904,47245.1858
1791295906,47251.2705
1791295908,47237.9079
1791295910,47221.6237
1791295912,47224.8007
1791295914,47232.8033
1791295916,47244.4211
1791295918,47240.6676
1791295920,47224.1275
1791295922,47225.9605
1791295924,47222.3206
1791295926,47221.0129
1791295928,47222.1101
1791295930,47221.2688
1791295932,47216.2254
1791295934,47211.9166
1791295936,47207.5861
1791295938,47213.247
1791295940,47226.0246
1791295942,47231.4889
1791295944,47242.0246
1791295946,47239.1757
1791295948,47254.0364
1791295950,47254.8516
1791295952,47256.5293
1791295954,47266.3879
1791295956,47253.6125
1791295958,47258.2699
1791295960,47263.649
1791295962,47278.1737
1791295964,47272.2436
1791295966,47265.9198
1791295968,47256.8798
1791295970,47259.0094
1791295972,47253.1471
1791295974,47256.618
1791295976,47256.0428
1791295978,47266.8299
1791295980,47252.4683
1791295982,47261.0871
1791295984,47268.5049
1791295986,47274.0905
1791295988,47258.5529
1791295990,47269.2891
1791295992,47280.0653
1791295994,47279.2717
1791295996,47275.6254
1791295998,47283.2481
1791296000,47288.5753
1791296002,47278.9187
1791296004,47276.9006
1791296006,47268.3905
1791296008,47265.458
1791296010,47249.5753
1791296012,47248.6957
1791296014,47265.1981
1791296016,47270.3359
1791296018,47251.8338
1791296020,47250.9754
1791296022,47246.3102
1791296024,47236.1432
1791296026,47228.7066
1791296028,47245.5965
1791296030,47257.2736
1791296032,47253.176
1791296034,47274.5342
1791296036,47280.5373
1791296038,47285.6811
1791296040,47287.5756
1791296042,47285.0635
1791296044,47286.8062
1791296046,47283.4487
1791296048,47279.024
1791296050,47274.9296
1791296052,47282.7003
1791296054,47269.2845
1791296056,47259.4087
1791296058,47267.7089
1791296060,47270.8655
1791296062,47253.9827
1791296064,47253.0282
1791296066,47246.9043
1791296068,47255.3251
1791296070,47241.8155
1791296072,47236.7694
1791296074,47230.9521
1791296076,47222.1471
1791296078,47218.4721
1791296080,47214.7353
1791296082,47228.9416
1791296084,47217.6205
1791296086,47204.1426
1791296088,47217.6189
1791296090,47226.1017
1791296092,47223.6083
1791296094,47231.0923
1791296096,47229.5728
1791296098,47235.3668
1791296100,47256.248
1791296102,47267.1866
1791296104,47263.4397
1791296106,47271.5377
1791296108,47299.372
1791296110,47287.459
1791296112,47294.7329
1791296114,47301.3133
1791296116,47289.8461
1791296118,47283.2423
1791296120,47269.5606
1791296122,47271.3303
1791296124,47257.1582
1791296126,47251.2882
1791296128,47256.5615
1791296130,47252.4922
1791296132,47260.5829
1791296134,47258.8973
1791296136,47259.6855
1791296138,47260.1097
1791296140,47243.4709
1791296142,47253.557
1791296144,47249.7143
1791296146,47248.2957
1791296148,47255.6732
1791296150,47267.9369
1791296152,47270.2199
1791296154,47272.6657
1791296156,47274.6597
1791296158,47279.7418
1791296160,47289.5899
1791296162,47288.2344
1791296164,47287.7088
1791296166,47295.2312
1791296168,47306.3183
1791296170,47311.6788
1791296172,47317.1015
1791296174,47324.3725
1791296176,47321.3926
1791296178,47328.2817
1791296180,47339.4104
1791296182,47331.9998
1791296184,47341.9914
1791296186,47345.4979
1791296188,47347.5274
1791296190,47344.8109
1791296192,47335.0465
1791296194,47337.5516
1791296196,47344.0339
1791296198,47337.7409
1791296200,47337.4328
1791296202,47323.9741
1791296204,47342.3058
1791296206,47343.1129
1791296208,47358.5467
1791296210,47357.316
1791296212,47358.8905
1791296214,47354.4193
1791296216,47344.2899
1791296218,47337.3278
1791296220,47344.8456
1791296222,47343.2242
1791296224,47317.0701
1791296226,47308.289
1791296228,47290.9686
1791296230,47303.4784
1791296232,47300.1937
1791296234,47282.1491
1791296236,47285.0875
1791296238,47296.4011
1791296240,47311.3591
1791296242,47312.7844
1791296244,47321.6457
1791296246,47312.3021
1791296248,47308.7345
1791296250,47301.5715
1791296252,47312.6367
1791296254,47306.8688
1791296256,47322.7475
1791296258,47333.6509
1791296260,47345.8619
1791296262,47336.2649
1791296264,47337.9954
1791296266,47342.5534
1791296268,47356.9794
1791296270,47352.8648
1791296272,47361.4647
1791296274,47358.1395
1791296276,47362.1781
1791296278,47364.6858
1791296280,47360.4896
1791296282,47358.4376
1791296284,47364.733
1791296286,47352.9979
1791296288,47349.3167
1791296290,47352.011
1791296292,47363.2961
1791296294,47373.0107
1791296296,47356.8828
1791296298,47372.9317
1791296300,47370.6697
1791296302,47385.7368
1791296304,47378.7
1791296306,47381.088
1791296308,47378.4853
1791296310,47376.8054
1791296312,47373.8655
1791296314,47359.9696
1791296316,47368.8812
1791296318,47371.2049
1791296320,47360.5625
1791296322,47367.8516
1791296324,47381.5962
1791296326,47382.3225
1791296328,47385.6114
1791296330,47375.4173
1791296332,47387.4979
1791296334,47390.5295
1791296336,47375.2102
1791296338,47378.2283
1791296340,47375.8509
1791296342,47395.6414
1791296344,47399.5854
1791296346,47386.3571
1791296348,47383.6993
1791296350,47382.6413
1791296352,47383.9655
1791296354,47369.3071
1791296356,47395.8144
1791296358,47399.1447
1791296360,47403.1353
1791296362,47404.2839
1791296364,47397.9792
1791296366,47378.3553
1791296368,47375.4063
1791296370,47371.6672
1791296372,47359.8001
1791296374,47365.0654
1791296376,47359.1877
1791296378,47366.5216
1791296380,47359.4438
1791296382,47362.0668
1791296384,47369.3062
1791296386,47360.7273
1791296388,47375.1363
1791296390,47379.7675
1791296392,47378.3373
1791296394,47384.9098
1791296396,47397.2083
1791296398,47409.7735
1791296400,47407.4694
1791296402,47408.5813
1791296404,47411.1234
1791296406,47424.3745
1791296408,47423.0844
1791296410,47428.8192
1791296412,47441.4352
1791296414,47451.2316
1791296416,47454.0263
1791296418,47449.9816
1791296420,47450.9266
1791296422,47456.6454
1791296424,47459.1065
1791296426,47463.7258
1791296428,47461.5865
1791296430,47465.9499
1791296432,47462.8848
1791296434,47451.0408
1791296436,47443.0159
1791296438,47451.9927
1791296440,47471.4491
1791296442,47471.3538
1791296444,47475.4447
1791296446,47467.2687
1791296448,47465.4908
1791296450,47453.8034
1791296452,47455.9209
1791296454,47462.8099
1791296456,47462.5558
1791296458,47463.5047
1791296460,47464.5168
1791296462,47472.3653
1791296464,47461.1378
1791296466,47453.5827
1791296468,47453.0216
1791296470,47452.4373
1791296472,47448.0364
1791296474,47441.9219
1791296476,47432.0307
1791296478,47430.8596
1791296480,47423.7875
1791296482,47416.3628
1791296484,47430.5899
1791296486,47427.6323
1791296488,47428.766
1791296490,47429.5211
1791296492,47416.3607
1791296494,47417.9284
1791296496,47429.138
1791296498,47440.1128
1791296500,47436.6054
1791296502,47416.9103
1791296504,47421.574
1791296506,47426.7027
1791296508,47430.0084
1791296510,47424.6854
1791296512,47419.5086
1791296514,47413.3495
1791296516,47401.873
1791296518,47393.9755
1791296520,47394.0964
1791296522,47405.814
1791296524,47415.4328
1791296526,47408.8134
1791296528,47415.4517
1791296530,47413.0513
1791296532,47401.8093
1791296534,47400.8416
1791296536,47387.1406
1791296538,47373.6962
1791296540,47369.2235
1791296542,47371.1973
1791296544,47345.1422
1791296546,47339.1724
1791296548,47341.5991
1791296550,47344.9541
1791296552,47358.0293
1791296554,47359.0754
1791296556,47339.1878
1791296558,47325.5622
1791296560,47329.7249
1791296562,47328.2217
1791296564,47324.2339
1791296566,47319.2288
1791296568,47307.0521
1791296570,47300.1735
1791296572,47302.5582
1791296574,47291.5761
1791296576,47313.9494
1791296578,47303.8218
1791296580,47301.9502
1791296582,47321.8613
1791296584,47299.2704
1791296586,47304.9282
1791296588,47297.9781
1791296590,47280.587
1791296592,47293.0903
1791296594,47298.5303
1791296596,47289.5779
1791296598,47290.5065
1791296600,47290.8878
1791296602,47294.4933
1791296604,47308.4038
1791296606,47327.5323
1791296608,47341.6897
1791296610,47344.8602
1791296612,47359.5791
1791296614,47347.3858
1791296616,47344.4342
1791296618,47344.8045
1791296620,47334.526
1791296622,47349.0336
1791296624,47359.284
1791296626,47355.9384
1791296628,47354.4345
1791296630,47351.4142
1791296632,47362.6204
1791296634,47349.1137
1791296636,47350.9383
1791296638,47352.1404
1791296640,47361.4777
1791296642,47367.3497
1791296644,47373.6397
1791296646,47358.9627
1791296648,47360.5507
1791296650,47361.2198
1791296652,47365.8954
1791296654,47370.8904
1791296656,47380.5617
1791296658,47372.7269
1791296660,47366.9875
1791296662,47371.6113
1791296664,47371.7955
1791296666,47370.1136
1791296668,47374.3318
1791296670,47393.6871
1791296672,47401.8198
1791296674,47400.8066
1791296676,47418.0757
1791296678,47418.3891
1791296680,47417.5927
1791296682,47425.2397
1791296684,47430.9639
1791296686,47427.4052
1791296688,47417.3414
1791296690,47414.437
1791296692,47418.6782
1791296694,47433.7151
1791296696,47427.9251
1791296698,47419.5506
1791296700,47407.7697
1791296702,47418.3596
1791296704,47405.2671
1791296706,47404.0415
1791296708,47389.9454
1791296710,47395.087
1791296712,47402.7464
1791296714,47400.8693
1791296716,47402.0298
1791296718,47395.7375
1791296720,47402.804
1791296722,47396.6835
1791296724,47396.5146
1791296726,47372.5606
1791296728,47371.1879
1791296730,47370.9078
1791296732,47368.6218
1791296734,47373.0026
1791296736,47381.911
1791296738,47388.6545
1791296740,47372.7365
1791296742,47373.7844
1791296744,47380.7634
1791296746,47386.3067
1791296748,47373.8351
1791296750,47376.0404
1791296752,47375.0844
1791296754,47385.908
1791296756,47391.1631
1791296758,47399.4963
1791296760,47409.9276
1791296762,47409.1286
1791296764,47429.3241
1791296766,47425.4851
1791296768,47416.4209
1791296770,47413.4206
1791296772,47414.6754
1791296774,47416.9974
1791296776,47422.3675
1791296778,47417.9078
1791296780,47407.9533
1791296782,47399.5426
1791296784,47413.9551
1791296786,47400.8005
1791296788,47405.2899
1791296790,47412.0193
1791296792,47404.7502
1791296794,47417.3247
1791296796,47416.7382
1791296798,47416.2865
1791296800,47426.2707
1791296802,47437.1264
1791296804,47449.4165
1791296806,47445.3112
1791296808,47439.4863
1791296810,47452.7521
1791296812,47447.5225
1791296814,47447.1373
1791296816,47448.4809
1791296818,47458.9723
1791296820,47441.9488
1791296822,47447.6015
1791296824,47452.684
1791296826,47457.4913
1791296828,47470.6908
1791296830,47475.5382
1791296832,47486.1333
1791296834,47487.5405
1791296836,47488.2051
1791296838,47484.9716
1791296840,47474.9149
1791296842,47475.5637
1791296844,47469.0055
1791296846,47470.8928
1791296848,47481.5049
1791296850,47479.7143
1791296852,47487.372
1791296854,47486.76
1791296856,47470.882
1791296858,47456.3743
1791296860,47461.2493
1791296862,47484.9112
1791296864,47464.3749
1791296866,47453.9134
1791296868,47445.2229
1791296870,47437.5255
1791296872,47421.4726
1791296874,47412.1342
1791296876,47421.8065
1791296878,47417.495
1791296880,47403.7629
1791296882,47416.2532
1791296884,47415.0244
1791296886,47417.1724
1791296888,47420.6469
1791296890,47419.6031
1791296892,47404.7633
1791296894,47411.4724
1791296896,47395.9824
1791296898,47384.8457
1791296900,47381.2278
1791296902,47377.7188
1791296904,47384.4022
1791296906,47391.9145
1791296908,47398.8928
1791296910,47399.7541
1791296912,47392.4268
1791296914,47420.2334
1791296916,47433.7967
1791296918,47430.7275
1791296920,47431.4179
1791296922,47426.1621
1791296924,47436.6779
1791296926,47435.44
1791296928,47432.1352
1791296930,47410.8523
1791296932,47393.4059
1791296934,47402.2992
1791296936,47398.3876
1791296938,47378.7015
1791296940,47390.7067
1791296942,47402.8113
1791296944,47384.9488
1791296946,47388.8028
1791296948,47385.9249
1791296950,47374.4168
1791296952,47384.6471
1791296954,47381.9516
1791296956,47379.3533
1791296958,47370.1303
1791296960,47369.5562
1791296962,47359.1692
1791296964,47355.3999
1791296966,47350.431
1791296968,47348.7345
1791296970,47349.3268
1791296972,47338.2786
1791296974,47351.9314
1791296976,47348.3647
1791296978,47340.4607
1791296980,47344.7326
1791296982,47347.0171
1791296984,47360.8407
1791296986,47376.4434
1791296988,47374.6858
1791296990,47367.1763
1791296992,47371.6446
1791296994,47364.2705
1791296996,47362.0332
1791296998,47357.2724
1791297000,47360.9037
1791297002,47360.1504
1791297004,47363.9046
1791297006,47356.7161
1791297008,47354.7895
1791297010,47353.3922
1791297012,47345.8295
1791297014,47356.343
1791297016,47340.6736
1791297018,47348.5056
1791297020,47354.3134
1791297022,47351.6649
1791297024,47350.0929
1791297026,47359.4055
1791297028,47355.0187
1791297030,47363.4803
1791297032,47379.0541
1791297034,47372.385
1791297036,47374.1415
1791297038,47360.1155
1791297040,47351.9212
1791297042,47355.2814
1791297044,47361.0169
1791297046,47354.6865
1791297048,47343.2588
1791297050,47336.7142
1791297052,47335.4204
1791297054,47333.9219
1791297056,47320.085
1791297058,47314.6517
1791297060,47307.6107
1791297062,47303.8266
1791297064,47316.2797
1791297066,47322.7746
1791297068,47331.4273
1791297070,47349.3216
1791297072,47368.5056
1791297074,47378.9489
1791297076,47382.7967
1791297078,47384.38
1791297080,47387.9976
1791297082,47382.3244
1791297084,47380.8363
1791297086,47372.6899
1791297088,47365.1327
1791297090,47352.2398
1791297092,47354.1072
1791297094,47350.3518
1791297096,47342.554
1791297098,47354.1844
1791297100,47358.8672
1791297102,47360.3997
1791297104,47350.6871
1791297106,47361.6743
1791297108,47373.5214
1791297110,47379.7887
1791297112,47365.6181
1791297114,47362.6395
1791297116,47375.6985
1791297118,47398.3731
1791297120,47410.6555
1791297122,47411.1572
1791297124,47416.7121
1791297126,47415.1094
1791297128,47409.696
1791297130,47419.7282
1791297132,47412.9756
1791297134,47403.7472
1791297136,47383.6557
1791297138,47384.7976
1791297140,47380.5291
1791297142,47380.9456
1791297144,47395.5847
1791297146,47400.8497
1791297148,47404.0575
1791297150,47399.2419
1791297152,47404.6083
1791297154,47416.7347
1791297156,47417.6973
1791297158,47421.5117
1791297160,47429.0478
1791297162,47431.9676
1791297164,47433.2483
1791297166,47416.1843
1791297168,47418.0609
1791297170,47420.658
1791297172,47407.1762
1791297174,47404.61
1791297176,47395.325
1791297178,47392.1357
1791297180,47411.0794
1791297182,47412.5782
1791297184,47419.0791
1791297186,47409.9074
1791297188,47414.6833
1791297190,47419.9268
1791297192,47423.5498
1791297194,47416.9433
1791297196,47425.6457
1791297198,47434.0936
1791297200,47433.9301
1791297202,47440.9199
1791297204,47439.5673
1791297206,47442.8296
1791297208,47453.0904
1791297210,47450.3364
1791297212,47437.4183
1791297214,47440.7976
1791297216,47446.5615
1791297218,47448.5193
1791297220,47450.6307
1791297222,47463.4763
1791297224,47469.2703
1791297226,47474.7393
1791297228,47483.4566
1791297230,47481.7027
1791297232,47483.5779
1791297234,47488.2897
1791297236,47487.6285
1791297238,47498.4986
1791297240,47506.8839
1791297242,47509.367
1791297244,47513.0446
1791297246,47513.6823
1791297248,47527.4068
1791297250,47531.3905
1791297252,47529.9931
1791297254,47528.4158
1791297256,47529.1898
1791297258,47535.9206
1791297260,47527.2227
1791297262,47528.9733
1791297264,47524.8696
1791297266,47518.4808
1791297268,47509.6611
1791297270,47530.9009
1791297272,47512.2311
1791297274,47531.3047
1791297276,47541.941
1791297278,47537.4493
1791297280,47529.9575
1791297282,47511.0169
1791297284,47503.2847
1791297286,47499.5605
1791297288,47506.4237
1791297290,47501.3316
1791297292,47505.734
1791297294,47511.092
1791297296,47498.6688
1791297298,47506.1538
1791297300,47514.3691
1791297302,47515.7503
1791297304,47517.6786
1791297306,47516.9821
1791297308,47511.4243
1791297310,47506.3619
1791297312,47495.5571
1791297314,47476.2871
1791297316,47478.366
1791297318,47467.0572
1791297320,47483.4881
1791297322,47482.3064
1791297324,47473.5467
1791297326,47473.7213
1791297328,47459.8297
1791297330,47468.8987
1791297332,47478.2136
1791297334,47486.9716
1791297336,47472.9062
1791297338,47467.8943
1791297340,47469.7781
1791297342,47476.0968
1791297344,47482.9238
1791297346,47485.7934
1791297348,47482.9648
1791297350,47492.1208
1791297352,47492.3173
1791297354,47485.5086
1791297356,47498.5465
1791297358,47500.5907
1791297360,47500.275
1791297362,47486.5518
1791297364,47488.6365
1791297366,47503.8935
1791297368,47526.2443
1791297370,47538.2856
1791297372,47527.4265
1791297374,47541.8306
1791297376,47554.1305
1791297378,47547.4731
1791297380,47575.1206
1791297382,47575.8121
1791297384,47565.7324
1791297386,47568.403
1791297388,47562.1733
1791297390,47577.7859
1791297392,47577.6511
1791297394,47590.3186
1791297396,47582.9314
1791297398,47582.8186
1791297400,47590.6969
1791297402,47593.6545
1791297404,47601.8094
1791297406,47598.92
1791297408,47600.1942
1791297410,47598.9306
1791297412,47607.5365
1791297414,47602.2081
1791297416,47603.3435
1791297418,47601.7559
1791297420,47591.796
1791297422,47583.8079
1791297424,47590.4962
1791297426,47576.2659
1791297428,47588.4784
1791297430,47592.6399
1791297432,47616.1195
1791297434,47611.3035
1791297436,47623.7616
1791297438,47618.883
1791297440,47605.5547
1791297442,47617.8995
1791297444,47622.4374
1791297446,47636.3051
1791297448,47618.3483
1791297450,47622.6095
1791297452,47637.7645
1791297454,47637.5928
1791297456,47645.6402
1791297458,47637.436
1791297460,47647.226
1791297462,47659.316
1791297464,47669.2167
1791297466,47662.789
1791297468,47644.1797
1791297470,47634.3288
1791297472,47632.9914
1791297474,47645.2942
1791297476,47644.5496
1791297478,47667.6446
1791297480,47678.8358
1791297482,47684.5515
1791297484,47679.6643
1791297486,47693.215
1791297488,47680.7768
1791297490,47671.9334
1791297492,47663.0011
1791297494,47658.938
1791297496,47650.7134
1791297498,47661.6692
1791297500,47668.9631
1791297502,47669.0119
1791297504,47676.6586
1791297506,47679.9122
1791297508,47683.6723
1791297510,47680.6526
1791297512,47680.6154
1791297514,47682.8372
1791297516,47688.3426
1791297518,47679.8254
1791297520,47681.1995
1791297522,47665.3065
1791297524,47652.5604
1791297526,47648.2738
1791297528,47648.6681
1791297530,47632.2548
1791297532,47635.3431
1791297534,47641.0238
1791297536,47636.9086
1791297538,47642.004
1791297540,47639.3583
1791297542,47649.2457
1791297544,47646.4889
1791297546,47640.0333
1791297548,47640.9471
1791297550,47639.169
1791297552,47644.0469
1791297554,47648.0899
1791297556,47660.3908
1791297558,47662.2335
1791297560,47653.45
1791297562,47668.5071
1791297564,47670.3541
1791297566,47673.8947
1791297568,47674.8544
1791297570,47662.3825
1791297572,47664.2952
1791297574,47653.1765
1791297576,47652.3981
1791297578,47638.8419
1791297580,47634.3364
1791297582,47649.0837
1791297584,47649.2561
1791297586,47654.8856
1791297588,47652.5849
1791297590,47649.8472
1791297592,47663.758
1791297594,47657.0531
1791297596,47658.5451
1791297598,47657.3159
1791297600,47641.1937
1791297602,47637.9569
1791297604,47652.7904
1791297606,47664.9624
1791297608,47664.8614
1791297610,47659.6717
1791297612,47649.846
1791297614,47633.7131
1791297616,47612.9039
1791297618,47622.1908
1791297620,47638.1675
1791297622,47646.9269
1791297624,47638.848
1791297626,47650.3872
1791297628,47648.958
1791297630,47652.0884
1791297632,47645.7535
1791297634,47642.8498
1791297636,47643.1217
1791297638,47637.5845
1791297640,47643.4027
1791297642,47626.4792
1791297644,47618.5618
1791297646,47597.4715
1791297648,47593.2419
1791297650,47602.1609
1791297652,47610.3169
1791297654,47617.1551
1791297656,47623.5974
1791297658,47624.321
1791297660,47626.8374
1791297662,47638.0551
1791297664,47632.4895
1791297666,47625.6708
1791297668,47621.3345
1791297670,47622.4275
1791297672,47632.3496
1791297674,47636.4994
1791297676,47621.7374
1791297678,47621.3066
1791297680,47623.8703
1791297682,47635.5129
1791297684,47644.1755
1791297686,47643.6769
1791297688,47647.4034
1791297690,47650.5327
1791297692,47655.0652
1791297694,47648.6131
1791297696,47647.2905
1791297698,47656.94
1791297700,47658.33
1791297702,47651.4035
1791297704,47663.8918
1791297706,47665.5627
1791297708,47687.6393
1791297710,47687.0888
1791297712,47695.6389
1791297714,47697.5967
1791297716,47703.5585
1791297718,47698.689
1791297720,47705.6471
1791297722,47699.3235
1791297724,47699.2406
1791297726,47710.6459
1791297728,47713.8847
1791297730,47718.1505
1791297732,47700.8368
1791297734,47692.8798
1791297736,47699.4027
1791297738,47693.0909
1791297740,47684.6891
1791297742,47680.2956
1791297744,47676.0691
1791297746,47666.0887
1791297748,47647.2555
1791297750,47650.632
1791297752,47642.7347
1791297754,47637.7145
1791297756,47638.0774
1791297758,47629.1189
1791297760,47622.0798
1791297762,47609.6946
1791297764,47599.3402
1791297766,47601.8264
1791297768,47591.3815
1791297770,47599.603
1791297772,47591.8447
1791297774,47589.906
1791297776,47592.8346
1791297778,47588.8711
1791297780,47576.1144
1791297782,47566.0553
1791297784,47572.4709
1791297786,47567.1257
1791297788,47551.0475
1791297790,47539.414
1791297792,47535.8668
1791297794,47537.7993
1791297796,47534.7949
1791297798,47545.9984
1791297800,47547.0733
1791297802,47538.1181
1791297804,47550.9498
1791297806,47545.5229
1791297808,47538.7233
1791297810,47555.3436
1791297812,47538.5414
1791297814,47522.4637
1791297816,47509.1425
1791297818,47514.9549
1791297820,47518.7348
1791297822,47507.5922
1791297824,47516.3883
1791297826,47513.0729
1791297828,47505.4969
1791297830,47517.4423
1791297832,47529.5422
1791297834,47532.0286
1791297836,47526.7983
1791297838,47513.2775
1791297840,47512.2822
1791297842,47520.6614
1791297844,47522.4656
1791297846,47524.1814
1791297848,47542.037
1791297850,47559.1287
1791297852,47551.9801
1791297854,47565.4183
1791297856,47561.6656
1791297858,47558.1873
1791297860,47542.103
1791297862,47546.1036
1791297864,47536.4635
1791297866,47545.673
1791297868,47530.957
1791297870,47537.5556
1791297872,47523.4225
1791297874,47534.8364
1791297876,47544.6664
1791297878,47530.8456
1791297880,47542.7577
1791297882,47554.8764
1791297884,47564.0317
1791297886,47570.7384
1791297888,47572.6614
1791297890,47563.744
1791297892,47563.9233
1791297894,47572.1317
1791297896,47589.0038
1791297898,47586.4756
1791297900,47582.7443
1791297902,47581.6495
1791297904,47574.1006
1791297906,47571.4823
1791297908,47572.6004
1791297910,47584.1965
1791297912,47586.1543
1791297914,47600.3307
1791297916,47591.8683
1791297918,47589.5277
1791297920,47585.533
1791297922,47575.7995
1791297924,47587.346
1791297926,47590.9857
1791297928,47594.4904
1791297930,47599.4739
1791297932,47600.4065
1791297934,47589.8978
1791297936,47598.5348
1791297938,47590.2786
1791297940,47605.2037
1791297942,47605.5484
1791297944,47595.9325
1791297946,47607.1104
1791297948,47598.5572
1791297950,47612.384
1791297952,47616.9331
1791297954,47611.2988
1791297956,47616.6723
1791297958,47625.8141
1791297960,47640.3969
1791297962,47633.5024
1791297964,47636.8688
1791297966,47641.2436
1791297968,47627.2868
1791297970,47639.268
1791297972,47634.9826
1791297974,47632.3667
1791297976,47616.9929
1791297978,47622.1101
1791297980,47625.9083
1791297982,47621.1947
1791297984,47621.6583
1791297986,47624.2785
1791297988,47626.1444
1791297990,47611.6288
1791297992,47606.6768
1791297994,47612.5884
1791297996,47603.4505
1791297998,47597.5775
1791298000,47612.9025
1791298002,47619.1239
1791298004,47633.5592
1791298006,47627.5015
1791298008,47625.4546
1791298010,47617.7598
1791298012,47618.4009
1791298014,47614.5734
1791298016,47618.4785
1791298018,47607.6641
1791298020,47602.6415
1791298022,47588.2417
1791298024,47584.8074
1791298026,47588.4411
1791298028,47603.4711
1791298030,47616.0297
1791298032,47609.1328
1791298034,47608.4892
1791298036,47608.6354
1791298038,47614.6248
1791298040,47612.0157
1791298042,47612.6071
1791298044,47621.0756
1791298046,47613.7967
1791298048,47606.1417
1791298050,47600.5529
1791298052,47602.2974
1791298054,47587.0424
1791298056,47588.7851
1791298058,47591.2642
1791298060,47582.7167
1791298062,47575.3638
1791298064,47568.1369
1791298066,47563.387
1791298068,47561.3961
1791298070,47553.6221
1791298072,47538.5935
1791298074,47534.7579
1791298076,47523.1446
1791298078,47528.8864
1791298080,47516.5017
1791298082,47503.5381
1791298084,47512.556
1791298086,47513.3613
1791298088,47520.474
1791298090,47522.0859
1791298092,47516.22
1791298094,47514.2777
1791298096,47517.2329
1791298098,47513.6267
1791298100,47500.9843
1791298102,47510.9072
1791298104,47513.7417
1791298106,47516.1461
1791298108,47516.6962
1791298110,47503.9564
1791298112,47506.9715
1791298114,47516.8743
1791298116,47524.8885
1791298118,47531.9707
1791298120,47533.6462
1791298122,47527.6391
1791298124,47522.9505
1791298126,47520.2949
1791298128,47519.7689
1791298130,47519.1603
1791298132,47526.4467
1791298134,47524.8562
1791298136,47540.69
1791298138,47543.4991
1791298140,47533.9287
1791298142,47529.0715
1791298144,47531.2784
1791298146,47533.0726
1791298148,47530.6735
1791298150,47539.9461
1791298152,47531.3059
1791298154,47547.0909
1791298156,47535.4134
1791298158,47535.2561
1791298160,47529.9802
1791298162,47531.2623
1791298164,47545.5489
1791298166,47541.6746
1791298168,47538.2009
1791298170,47526.2419
1791298172,47541.3955
1791298174,47533.1856
1791298176,47543.2673
1791298178,47533.0401
1791298180,47528.7046
1791298182,47545.1764
1791298184,47542.2393
1791298186,47542.5319
1791298188,47541.0988
1791298190,47537.3061
1791298192,47527.9521
1791298194,47530.5931
1791298196,47523.4996
1791298198,47525.124
1791298200,47527.7975
1791298202,47522.228
1791298204,47536.598
1791298206,47528.4874
1791298208,47538.5017
1791298210,47533.1168
1791298212,47547.6153
1791298214,47540.0979
1791298216,47540.0211
1791298218,47549.5801
1791298220,47565.249
1791298222,47562.1524
1791298224,47555.5021
1791298226,47556.3077
1791298228,47565.8107
1791298230,47580.6854
1791298232,47560.8526
1791298234,47561.5061
1791298236,47556.9364
1791298238,47556.2136
1791298240,47538.016
1791298242,47551.8064
1791298244,47560.6294
1791298246,47548.5997
1791298248,47560.8227
1791298250,47587.7871
1791298252,47579.8165
1791298254,47583.1561
1791298256,47592.2285
1791298258,47585.5107
1791298260,47564.7682
1791298262,47560.7891
1791298264,47564.8211
1791298266,47550.9941
1791298268,47543.6421
1791298270,47529.1241
1791298272,47525.7556
1791298274,47517.9166
1791298276,47511.8455
1791298278,47523.4374
1791298280,47517.7462
1791298282,47505.4448
1791298284,47512.1647
1791298286,47509.7517
1791298288,47495.8181
1791298290,47508.8353
1791298292,47521.7774
1791298294,47530.153
1791298296,47532.4169
1791298298,47523.1515
1791298300,47527.8816
1791298302,47528.8447
1791298304,47544.8215
1791298306,47538.1637
1791298308,47540.1311
1791298310,47539.8224
1791298312,47545.0457
1791298314,47528.9606
1791298316,47527.2814
1791298318,47526.5745
1791298320,47525.5509
1791298322,47527.6958
1791298324,47535.3601
1791298326,47524.6259
1791298328,47522.7839
1791298330,47526.1734
1791298332,47530.7569
1791298334,47533.7162
1791298336,47538.5081
1791298338,47538.5532
1791298340,47529.2461
1791298342,47516.6221
1791298344,47515.507
1791298346,47505.1091
1791298348,47515.4773
1791298350,47515.5301
1791298352,47520.5058
1791298354,47531.0134
1791298356,47529.4849
1791298358,47516.3597
1791298360,47534.1476
1791298362,47528.2633
1791298364,47528.5607
1791298366,47521.6348
1791298368,47539.1713
1791298370,47539.3627
1791298372,47551.2369
1791298374,47542.3667
1791298376,47530.6359
1791298378,47533.1474
1791298380,47527.6287
1791298382,47517.951
1791298384,47526.0419
1791298386,47549.9589
1791298388,47539.4463
1791298390,47543.8453
1791298392,47544.1829
1791298394,47544.6348
1791298396,47542.0727
1791298398,47544.0562
1791298400,47546.6509
1791298402,47539.7059
1791298404,47548.017
1791298406,47538.3477
1791298408,47527.6379
1791298410,47527.6128
1791298412,47535.9008
1791298414,47539.6342
1791298416,47553.701
1791298418,47552.6803
1791298420,47546.3265
1791298422,47542.8564
1791298424,47529.0815
1791298426,47536.7682
1791298428,47527.6897
1791298430,47526.5632
1791298432,47513.7123
1791298434,47495.1102
1791298436,47501.4513
1791298438,47503.9104
1791298440,47517.4669
1791298442,47512.2135
1791298444,47520.9046
1791298446,47528.8942
1791298448,47525.6265
1791298450,47541.5968
1791298452,47529.043
1791298454,47522.1512
1791298456,47510.403
1791298458,47507.5184
1791298460,47512.833
1791298462,47517.138
1791298464,47519.6502
1791298466,47515.7975
1791298468,47505.7502
1791298470,47501.05
1791298472,47497.0919
1791298474,47494.2823
1791298476,47489.7448
1791298478,47496.0992
1791298480,47490.9968
1791298482,47504.4924
1791298484,47507.8521
1791298486,47512.5497
1791298488,47508.112
1791298490,47508.4879
1791298492,47495.9712
1791298494,47483.9786
1791298496,47483.5751
1791298498,47483.4595
1791298500,47500.2006
1791298502,47497.8548
1791298504,47493.2095
1791298506,47481.2564
1791298508,47479.0971
1791298510,47484.5893
1791298512,47481.9915
1791298514,47485.5271
1791298516,47494.6912
1791298518,47505.1269
1791298520,47500.0005
1791298522,47484.858
1791298524,47496.0149
1791298526,47506.2023
1791298528,47500.6698
1791298530,47499.1665
1791298532,47494.3783
1791298534,47491.241
1791298536,47497.18
1791298538,47495.3767
1791298540,47497.2331
1791298542,47505.0891
1791298544,47510.31
1791298546,47511.0862
1791298548,47516.126
1791298550,47519.8748
1791298552,47524.2065
1791298554,47521.5966
1791298556,47525.4619
1791298558,47519.1832
1791298560,47511.2424
1791298562,47504.0094
1791298564,47508.5564
1791298566,47510.9206
1791298568,47529.0947
1791298570,47539.766
1791298572,47539.0919
1791298574,47540.5376
1791298576,47545.5602
1791298578,47555.7045
1791298580,47555.1339
1791298582,47550.8878
1791298584,47548.8683
1791298586,47557.5043
1791298588,47555.6003
1791298590,47565.7158
1791298592,47577.3622
1791298594,47584.0001
1791298596,47591.0268
1791298598,47604.2872
1791298600,47619.0263
1791298602,47621.9253
1791298604,47620.0709
1791298606,47618.1872
1791298608,47624.6528
1791298610,47629.716
1791298612,47623.7728
1791298614,47626.2408
1791298616,47649.3714
1791298618,47657.2567
1791298620,47646.1098
1791298622,47664.9039
1791298624,47659.3916
1791298626,47635.7003
1791298628,47632.7749
1791298630,47639.5141
1791298632,47632.8406
1791298634,47645.9809
1791298636,47646.1758
1791298638,47646.4958
1791298640,47634.6266
1791298642,47623.9633
1791298644,47609.5029
1791298646,47598.3187
1791298648,47620.1525
1791298650,47621.4902
1791298652,47623.9041
1791298654,47604.6437
1791298656,47594.2037
1791298658,47610.8639
1791298660,47612.8854
1791298662,47620.4587
1791298664,47625.668
1791298666,47619.5652
1791298668,47634.782
1791298670,47622.3139
1791298672,47622.7451
1791298674,47609.3688
1791298676,47624.71
1791298678,47600.839
1791298680,47606.8151
1791298682,47591.7504
1791298684,47601.2232
1791298686,47587.7113
1791298688,47589.371
1791298690,47587.3317
1791298692,47594.0532
1791298694,47584.4705
1791298696,47585.6821
1791298698,47594.5135
1791298700,47583.0493
1791298702,47586.7858
1791298704,47567.2647
1791298706,47570.1892
1791298708,47576.2711
1791298710,47583.203
1791298712,47583.2945
1791298714,47585.3418
1791298716,47598.2936
1791298718,47602.0375
1791298720,47591.8064
1791298722,47590.0906
1791298724,47593.8566
1791298726,47597.5061
1791298728,47601.6666
1791298730,47603.2695
1791298732,47607.4365
1791298734,47600.6653
1791298736,47612.3325
1791298738,47631.8658
1791298740,47634.5271
1791298742,47627.9231
1791298744,47613.2781
1791298746,47617.0416
1791298748,47611.1627
1791298750,47623.7592
1791298752,47631.1496
1791298754,47626.1025
1791298756,47616.6584
1791298758,47628.1538
1791298760,47627.916
1791298762,47632.3273
1791298764,47637.0382
1791298766,47633.0343
1791298768,47624.9955
1791298770,47637.1456
1791298772,47645.0347
1791298774,47644.0873
1791298776,47645.0372
1791298778,47648.1495
1791298780,47639.9389
1791298782,47643.9962
1791298784,47657.2018
1791298786,47666.281
1791298788,47660.3701
1791298790,47660.6156
1791298792,47663.4777
1791298794,47663.9912
1791298796,47656.4738
1791298798,47655.2877
1791298800,47635.1242
1791298802,47651.7746
1791298804,47659.6677
1791298806,47656.0856
1791298808,47652.8027
1791298810,47655.679
1791298812,47657.1797
1791298814,47658.1396
1791298816,47655.2554
1791298818,47651.2324
1791298820,47635.3277
1791298822,47622.4896
1791298824,47626.9053
1791298826,47634.5405
1791298828,47626.3244
1791298830,47632.9863
1791298832,47622.0923
1791298834,47607.7211
1791298836,47610.5661
1791298838,47615.6359
1791298840,47609.5522
1791298842,47612.7428
1791298844,47624.823
1791298846,47618.1454
1791298848,47620.1451
1791298850,47619.0681
1791298852,47625.4492
1791298854,47624.799
1791298856,47642.0367
1791298858,47647.8034
1791298860,47632.744
1791298862,47624.2977
1791298864,47615.4904
1791298866,47621.8814
1791298868,47619.1114
1791298870,47626.0585
1791298872,47618.5119
1791298874,47622.0332
1791298876,47631.9427
1791298878,47615.8173
1791298880,47607.0376
1791298882,47607.2532
1791298884,47592.9132
1791298886,47575.0421
1791298888,47573.8864
1791298890,47568.6906
1791298892,47570.9627
1791298894,47574.8191
1791298896,47576.7063
1791298898,47581.3208
1791298900,47584.7867
1791298902,47577.379
1791298904,47565.9987
1791298906,47551.0761
1791298908,47561.2537
1791298910,47557.6975
1791298912,47566.6175
1791298914,47566.4376
1791298916,47568.1294
1791298918,47566.0683
1791298920,47563.9118
1791298922,47564.6355
1791298924,47556.4168
1791298926,47572.79
1791298928,47581.9186
1791298930,47581.4608
1791298932,47581.5278
1791298934,47579.7131
1791298936,47584.0054
1791298938,47572.1573
1791298940,47577.7081
1791298942,47572.3767
1791298944,47573.9206
1791298946,47571.3535
1791298948,47568.3406
1791298950,47568.4326
1791298952,47573.293
1791298954,47560.908
1791298956,47552.37
1791298958,47563.274
1791298960,47561.7714
1791298962,47558.2674
1791298964,47544.9476
1791298966,47558.0882
1791298968,47563.2758
1791298970,47579.1562
1791298972,47570.8619
1791298974,47562.6947
1791298976,47562.4712
1791298978,47564.6199
1791298980,47557.7938
1791298982,47575.7442
1791298984,47575.1043
1791298986,47577.2552
1791298988,47587.5993
1791298990,47594.636
1791298992,47608.9715
1791298994,47614.6865
1791298996,47620.9607
1791298998,47621.2156
1791299000,47608.9059
1791299002,47612.6699
1791299004,47618.0713
1791299006,47620.0387
1791299008,47622.5434
1791299010,47637.2864
1791299012,47648.264
1791299014,47641.4289
1791299016,47637.6995
1791299018,47630.0994
1791299020,47624.4773
1791299022,47617.9713
1791299024,47635.8593
1791299026,47642.6588
1791299028,47634.9691
1791299030,47631.2867
1791299032,47631.8074
1791299034,47637.2122
1791299036,47637.6122
1791299038,47628.6909
1791299040,47629.58
1791299042,47624.8313
1791299044,47623.3049
1791299046,47624.0393
1791299048,47609.6926
1791299050,47607.6277
1791299052,47597.3236
1791299054,47600.159
1791299056,47585.3042
1791299058,47595.6908
1791299060,47580.3087
1791299062,47568.3664
1791299064,47570.3591
1791299066,47570.5971
1791299068,47567.0105
1791299070,47573.4252
1791299072,47574.9694
1791299074,47565.7892
1791299076,47567.2841
1791299078,47562.0811
1791299080,47558.4172
1791299082,47567.1292
1791299084,47583.3768
1791299086,47573.1724
1791299088,47571.0084
1791299090,47559.8816
1791299092,47552.2354
1791299094,47548.0032
1791299096,47538.8607
1791299098,47539.7609
1791299100,47543.7509
1791299102,47557.2356
1791299104,47560.7805
1791299106,47541.8396
1791299108,47532.5197
1791299110,47535.1028
1791299112,47525.0457
1791299114,47516.4163
1791299116,47535.9972
1791299118,47522.5266
1791299120,47539.2373
1791299122,47537.8112
1791299124,47553.1022
1791299126,47554.9389
1791299128,47560.2168
1791299130,47558.5862
1791299132,47558.8076
1791299134,47550.8257
1791299136,47526.9816
1791299138,47515.6214
1791299140,47519.8668
1791299142,47515.5624
1791299144,47522.5757
1791299146,47522.588
1791299148,47513.5231
1791299150,47498.6892
1791299152,47486.9833
1791299154,47478.0942
1791299156,47497.2413
1791299158,47493.2647
1791299160,47488.7666
1791299162,47479.6418
1791299164,47475.765
1791299166,47455.9239
1791299168,47451.012
1791299170,47448.0499
1791299172,47444.1813
1791299174,47437.4215
1791299176,47418.2311
1791299178,47412.8747
1791299180,47416.5096
1791299182,47437.5957
1791299184,47439.5754
1791299186,47427.4594
1791299188,47421.1673
1791299190,47418.1135
1791299192,47412.1701
1791299194,47411.8441
1791299196,47424.5318
1791299198,47424.6734
1791299200,47431.8053
1791299202,47430.1951
1791299204,47425.0287
1791299206,47421.2597
1791299208,47412.1931
1791299210,47411.654
1791299212,47426.1206
1791299214,47429.7516
1791299216,47447.1098
1791299218,47445.7787
1791299220,47430.07
1791299222,47432.3541
1791299224,47436.6984
1791299226,47447.9113
1791299228,47448.8835
1791299230,47440.8902
1791299232,47438.1302
1791299234,47433.1421
1791299236,47442.9388
1791299238,47442.0835
1791299240,47441.9826
1791299242,47450.1837
1791299244,47461.2583
1791299246,47461.5486
1791299248,47456.4323
1791299250,47468.3341
1791299252,47467.4386
1791299254,47452.3884
1791299256,47452.2514
1791299258,47463.9278
1791299260,47458.1892
1791299262,47467.0009
1791299264,47470.7586
1791299266,47461.2981
1791299268,47464.7603
1791299270,47459.9329
1791299272,47449.219
1791299274,47452.2661
1791299276,47467.7174
1791299278,47458.6886
1791299280,47442.6964
1791299282,47429.6619
1791299284,47437.7259
1791299286,47437.7527
1791299288,47432.1751
1791299290,47437.1594
1791299292,47435.9601
1791299294,47435.3485
1791299296,47448.343
1791299298,47435.5703
1791299300,47439.0924
1791299302,47435.876
1791299304,47433.0328
1791299306,47426.8758
1791299308,47432.5999
1791299310,47426.8612
1791299312,47450.7573
1791299314,47453.5246
1791299316,47458.0523
1791299318,47452.6524
1791299320,47460.0337
1791299322,47466.7285
1791299324,47477.1748
1791299326,47476.3136
1791299328,47482.0479
1791299330,47487.3042
1791299332,47481.6452
1791299334,47493.471
1791299336,47493.0328
1791299338,47488.1614
1791299340,47476.2357
1791299342,47479.8662
1791299344,47479.0138
1791299346,47481.4623
1791299348,47492.6823
1791299350,47483.644
1791299352,47489.1948
1791299354,47507.3064
1791299356,47514.4981
1791299358,47518.4124
1791299360,47518.9074
1791299362,47516.4596
1791299364,47513.2337
1791299366,47505.3584
1791299368,47516.9614
1791299370,47516.1671
1791299372,47528.9618
1791299374,47532.1327
1791299376,47535.936
1791299378,47531.709
1791299380,47539.8074
1791299382,47550.8709
1791299384,47533.6453
1791299386,47540.7626
1791299388,47539.129
1791299390,47553.7991
1791299392,47553.4992
1791299394,47551.6917
1791299396,47566.7128
1791299398,47578.3497
1791299400,47592.0621
1791299402,47586.6534
1791299404,47584.3722
1791299406,47581.2041
1791299408,47587.9734
1791299410,47587.9659
1791299412,47590.8474
1791299414,47587.3234
1791299416,47584.2214
1791299418,47577.4168
1791299420,47582.8302
1791299422,47592.2627
1791299424,47593.0935
1791299426,47601.3851
1791299428,47596.4648
1791299430,47602.5058
1791299432,47606.0102
1791299434,47610.1378
1791299436,47609.942
1791299438,47605.3796
1791299440,47610.1091
1791299442,47587.752
1791299444,47591.0635
1791299446,47603.3104
1791299448,47613.8401
1791299450,47624.4946
1791299452,47610.9769
1791299454,47592.9935
1791299456,47594.3584
1791299458,47590.8976
1791299460,47586.9495
1791299462,47605.4801
1791299464,47604.9765
1791299466,47601.8179
1791299468,47600.9144
1791299470,47608.9806
1791299472,47602.7573
1791299474,47615.2904
1791299476,47608.1361
1791299478,47629.281
1791299480,47638.908
1791299482,47646.8976
1791299484,47642.8704
1791299486,47652.0668
1791299488,47662.8903
1791299490,47657.6207
1791299492,47654.9302
1791299494,47658.265
1791299496,47650.7986
1791299498,47656.361
1791299500,47645.8168
1791299502,47650.4816
1791299504,47666.575
1791299506,47668.439
1791299508,47665.3789
1791299510,47683.4063
1791299512,47673.3772
1791299514,47666.4204
1791299516,47656.0783
1791299518,47650.43
1791299520,47652.385
1791299522,47652.4417
1791299524,47621.0922
1791299526,47622.5159
1791299528,47608.9406
1791299530,47606.4091
1791299532,47610.0001
1791299534,47609.9114
1791299536,47605.0684
1791299538,47595.1641
1791299540,47584.2321
1791299542,47585.9738
1791299544,47600.3087
1791299546,47602.7809
1791299548,47591.9538
1791299550,47585.9979
1791299552,47576.5182
1791299554,47562.8804
1791299556,47572.3549
1791299558,47563.9337
1791299560,47575.1242
1791299562,47572.7247
1791299564,47582.0909
1791299566,47576.3252
1791299568,47556.6946
1791299570,47540.4441
1791299572,47527.4402
1791299574,47529.1997
1791299576,47519.2635
1791299578,47519.3209
1791299580,47520.1773
1791299582,47501.2155
1791299584,47501.9884
1791299586,47484.7433
1791299588,47495.5142
1791299590,47488.0521
1791299592,47476.731
1791299594,47481.63
1791299596,47483.1745
1791299598,47485.7049
1791299600,47484.8885
1791299602,47476.6835
1791299604,47472.0463
1791299606,47466.999
1791299608,47476.0143
1791299610,47469.9012
1791299612,47474.2527
1791299614,47468.1969
1791299616,47482.1779
1791299618,47473.5258
1791299620,47470.0019
1791299622,47467.1326
1791299624,47465.72
1791299626,47472.649
1791299628,47479.1332
1791299630,47475.1547
1791299632,47469.6782
1791299634,47466.0788
1791299636,47469.3951
1791299638,47452.8585
1791299640,47454.5969
1791299642,47450.0128
1791299644,47451.5366
1791299646,47444.0946
1791299648,47458.1259
1791299650,47460.2946
1791299652,47482.1019
1791299654,47474.8346
1791299656,47468.7433
1791299658,47473.8499
1791299660,47479.8297
1791299662,47487.4945
1791299664,47482.0607
1791299666,47485.2961
1791299668,47476.7158
1791299670,47473.649
1791299672,47476.3695
1791299674,47493.1472
1791299676,47491.5605
1791299678,47486.734
1791299680,47475.7303
1791299682,47473.584
1791299684,47479.3958
1791299686,47482.767
1791299688,47469.7203
1791299690,47450.3484
1791299692,47444.2371
1791299694,47450.485
1791299696,47464.6682
1791299698,47463.7224
1791299700,47468.4885
1791299702,47469.1068
1791299704,47470.658
1791299706,47458.6591
1791299708,47464.0258
1791299710,47470.4505
1791299712,47470.4647
1791299714,47468.9794
1791299716,47462.9109
1791299718,47461.6601
1791299720,47466.1156
1791299722,47476.363
1791299724,47448.0364
1791299726,47444.8612
1791299728,47444.7748
1791299730,47444.502
1791299732,47451.1303
1791299734,47454.2421
1791299736,47457.5299
1791299738,47472.2042
1791299740,47479.8807
1791299742,47476.2899
1791299744,47472.1122
1791299746,47476.793
1791299748,47476.0843
1791299750,47480.5833
1791299752,47492.6763
1791299754,47481.4796
1791299756,47489.5665
1791299758,47491.4366
1791299760,47492.4151
1791299762,47493.201
1791299764,47498.8976
1791299766,47504.432
1791299768,47515.5175
1791299770,47508.5859
1791299772,47508.6945
1791299774,47500.8735
1791299776,47504.0199
1791299778,47504.2304
1791299780,47481.9722
1791299782,47481.4146
1791299784,47484.7794
1791299786,47488.4055
1791299788,47488.7069
1791299790,47487.2061
1791299792,47485.981
1791299794,47494.9156
1791299796,47496.9405
1791299798,47494.8779
1791299800,47487.9183
1791299802,47483.7251
1791299804,47491.1904
1791299806,47490.7688
1791299808,47493.8262
1791299810,47485.9333
1791299812,47482.2757
1791299814,47487.4571
1791299816,47484.9279
1791299818,47480.3398
1791299820,47460.8187
1791299822,47459.3645
1791299824,47471.2772
1791299826,47469.7685
1791299828,47459.6615
1791299830,47475.4333
1791299832,47464.0157
1791299834,47456.1502
1791299836,47454.1196
1791299838,47447.7496
1791299840,47442.6667
1791299842,47444.6549
1791299844,47443.2548
1791299846,47431.9373
1791299848,47430.6124
1791299850,47427.993
1791299852,47439.8823
1791299854,47443.9847
1791299856,47443.1924
1791299858,47442.1179
1791299860,47429.476
1791299862,47423.8924
1791299864,47436.5208
1791299866,47450.1235
1791299868,47454.428
1791299870,47456.9388
1791299872,47450.4599
1791299874,47464.9701
1791299876,47450.9613
1791299878,47446.9998
1791299880,47445.1029
1791299882,47454.3825
1791299884,47450.5466
1791299886,47447.9849
1791299888,47451.9539
1791299890,47448.3605
1791299892,47462.3801
1791299894,47453.4945
1791299896,47448.8101
1791299898,47455.1051
1791299900,47453.3758
1791299902,47463.8659
1791299904,47458.3708
1791299906,47466.5172
1791299908,47477.1601
1791299910,47481.8201
1791299912,47472.8414
1791299914,47475.8289
1791299916,47471.8258
1791299918,47473.1939
1791299920,47463.2351
1791299922,47463.9153
1791299924,47473.5003
1791299926,47481.0682
1791299928,47484.7973
1791299930,47489.317
1791299932,47488.7624
1791299934,47479.9971
1791299936,47479.5087
1791299938,47480.7164
1791299940,47485.4998
1791299942,47484.2171
1791299944,47484.5766
1791299946,47482.2323
1791299948,47480.0942
1791299950,47476.0937
1791299952,47470.2849
1791299954,47465.7321
1791299956,47452.4056
1791299958,47442.8192
1791299960,47447.7983
1791299962,47430.7112
1791299964,47459.7859
1791299966,47444.1367
1791299968,47455.2549
1791299970,47469.6122
1791299972,47472.3536
1791299974,47468.2667
1791299976,47448.4709
1791299978,47427.1464
1791299980,47446.4025
1791299982,47436.7732
1791299984,47436.5995
1791299986,47441.7449
1791299988,47442.6744
1791299990,47442.3457
1791299992,47441.3992
1791299994,47435.0283
1791299996,47435.4781
1791299998,47444.1834
1791300000,47467.5468
1791300002,47466.2536
1791300004,47459.9835
1791300006,47476.8035
1791300008,47482.1698
1791300010,47487.0069
1791300012,47488.8764
1791300014,47477.9615
1791300016,47478.0941
1791300018,47469.1637
1791300020,47465.4839
1791300022,47481.6341
1791300024,47476.7233
1791300026,47485.8212
1791300028,47488.3739
1791300030,47489.8098
1791300032,47497.184
1791300034,47504.5441
1791300036,47518.3317
1791300038,47505.4045
1791300040,47518.2457
1791300042,47506.9088
1791300044,47521.3005
1791300046,47530.4791
1791300048,47532.027
1791300050,47547.3588
1791300052,47546.4671
1791300054,47554.8028
1791300056,47537.0457
1791300058,47543.1521
1791300060,47542.0876
1791300062,47540.8819
1791300064,47556.1501
1791300066,47553.1231
1791300068,47552.4273
1791300070,47550.8553
1791300072,47575.9608
1791300074,47572.0769
1791300076,47586.6597
1791300078,47593.4627
1791300080,47618.0962
1791300082,47616.9435
1791300084,47617.0747
1791300086,47617.738
1791300088,47629.4922
1791300090,47616.0092
1791300092,47609.963
1791300094,47609.1887
1791300096,47600.0976
1791300098,47607.6614
1791300100,47601.1631
1791300102,47619.4592
1791300104,47628.4206
1791300106,47630.2457
1791300108,47629.2949
1791300110,47640.5443
1791300112,47643.8426
1791300114,47657.644
1791300116,47648.439
1791300118,47652.8743
1791300120,47654.4232
1791300122,47660.3445
1791300124,47659.2311
1791300126,47662.7309
1791300128,47662.3826
1791300130,47663.4428
1791300132,47651.0213
1791300134,47650.5321
1791300136,47662.2137
1791300138,47687.113
1791300140,47682.2887
1791300142,47675.7905
1791300144,47694.8368
1791300146,47694.9556
1791300148,47700.8781
1791300150,47701.5565
1791300152,47705.6844
1791300154,47713.9186
1791300156,47714.3201
1791300158,47715.8291
1791300160,47711.4352
1791300162,47714.8865
1791300164,47707.121
1791300166,47703.1932
1791300168,47699.8777
1791300170,47705.1376
1791300172,47694.9245
1791300174,47695.4366
1791300176,47700.0763
1791300178,47693.0664
1791300180,47709.5436
1791300182,47709.9842
1791300184,47699.9688
1791300186,47688.1694
1791300188,47690.3398
1791300190,47679.0433
1791300192,47670.8989
1791300194,47665.4235
1791300196,47661.883
1791300198,47654.6934
1791300200,47664.2254
1791300202,47659.7419
1791300204,47674.9776
1791300206,47683.5323
1791300208,47692.0127
1791300210,47687.5108
1791300212,47706.1218
1791300214,47690.8829
1791300216,47665.342
1791300218,47673.6765
1791300220,47688.6984
1791300222,47683.1276
1791300224,47674.1668
1791300226,47666.5766
1791300228,47666.2586
1791300230,47659.9773
1791300232,47657.8209
1791300234,47648.9471
1791300236,47636.7387
1791300238,47642.5139
1791300240,47634.1598
1791300242,47648.3639
1791300244,47659.2019
1791300246,47663.5717
1791300248,47663.133
1791300250,47652.4928
1791300252,47631.0102
1791300254,47626.6944
1791300256,47623.4201
1791300258,47619.6629
1791300260,47613.5763
1791300262,47603.5454
1791300264,47600.2038
1791300266,47606.1097
1791300268,47607.967
1791300270,47605.9641
1791300272,47613.796
1791300274,47625.0359
1791300276,47623.2381
1791300278,47615.481
1791300280,47628.7004
1791300282,47626.6279
1791300284,47620.1257
1791300286,47627.658
1791300288,47633.8672
1791300290,47638.3154
1791300292,47636.0486
1791300294,47637.0474
1791300296,47630.5777
1791300298,47641.2029
1791300300,47643.0824
1791300302,47641.2524
1791300304,47642.0103
1791300306,47649.4942
1791300308,47647.9822
1791300310,47657.1877
1791300312,47649.0089
1791300314,47643.5521
1791300316,47635.0231
1791300318,47623.9556
1791300320,47636.2994
1791300322,47638.307
1791300324,47633.5974
1791300326,47627.0035
1791300328,47634.1298
1791300330,47624.4579
1791300332,47627.5987
1791300334,47625.2938
1791300336,47628.7475
1791300338,47621.6289
1791300340,47624.9531
1791300342,47635.275
1791300344,47648.6054
1791300346,47658.5533
1791300348,47662.2349
1791300350,47657.4688
1791300352,47665.7524
1791300354,47657.2691
1791300356,47665.9905
1791300358,47672.7389
1791300360,47658.5349
1791300362,47659.024
1791300364,47679.8145
1791300366,47670.6759
1791300368,47655.8908
1791300370,47669.2075
1791300372,47672.9518
1791300374,47666.0198
1791300376,47681.2395
1791300378,47696.3271
1791300380,47693.0136
1791300382,47687.2536
1791300384,47691.6745
1791300386,47686.6815
1791300388,47680.4772
1791300390,47680.8583
1791300392,47663.438
1791300394,47673.5192
1791300396,47679.1388
1791300398,47675.6141
1791300400,47679.3807
1791300402,47681.6869
1791300404,47680.8198
1791300406,47653.6268
1791300408,47648.9613
1791300410,47638.0404
1791300412,47639.9147
1791300414,47632.3346
1791300416,47632.2258
1791300418,47648.6279
1791300420,47647.8683
1791300422,47650.2628
1791300424,47646.9369
1791300426,47635.0282
1791300428,47633.4248
1791300430,47628.734
1791300432,47629.4627
1791300434,47622.6345
1791300436,47624.2552
1791300438,47632.8997
1791300440,47618.4772
1791300442,47618.5502
1791300444,47618.966
1791300446,47607.9391
1791300448,47611.9586
1791300450,47611.5784
1791300452,47620.9715
1791300454,47612.466
1791300456,47592.7366
1791300458,47599.9385
1791300460,47610.193
1791300462,47610.6242
1791300464,47621.2509
1791300466,47615.368
1791300468,47614.3292
1791300470,47598.4402
1791300472,47605.1336
1791300474,47624.0659
1791300476,47631.4407
1791300478,47640.3116
1791300480,47624.5349
1791300482,47629.6389
1791300484,47626.2325
1791300486,47617.9548
1791300488,47633.1927
1791300490,47628.0013
1791300492,47621.737
1791300494,47624.4783
1791300496,47622.3727
1791300498,47610.7331
1791300500,47593.5611
1791300502,47597.7558
1791300504,47605.1596
1791300506,47611.8788
1791300508,47608.5304
1791300510,47611.4149
1791300512,47601.2507
1791300514,47603.9139
1791300516,47598.5585
1791300518,47583.2855
1791300520,47579.3943
1791300522,47562.3971
1791300524,47571.7371
1791300526,47565.7105
1791300528,47561.6121
1791300530,47561.9275
1791300532,47559.7225
1791300534,47568.2784
1791300536,47572.8725
1791300538,47565.757
1791300540,47570.0718
1791300542,47568.7523
1791300544,47568.0008
1791300546,47566.2125
1791300548,47560.3235
1791300550,47578.2294
1791300552,47575.5247
1791300554,47573.3041
1791300556,47569.4447
1791300558,47556.0461
1791300560,47548.4658
1791300562,47558.7621
1791300564,47547.0966
1791300566,47544.4962
1791300568,47539.4923
1791300570,47549.5188
1791300572,47565.6661
1791300574,47563.3063
1791300576,47553.5856
1791300578,47556.64
1791300580,47561.9876
1791300582,47549.5752
1791300584,47566.5477
1791300586,47562.8326
1791300588,47553.4809
1791300590,47553.9967
1791300592,47548.1886
1791300594,47552.0066
1791300596,47562.9557
1791300598,47562.3223
1791300600,47564.5318
1791300602,47565.46
1791300604,47569.2738
1791300606,47576.8462
1791300608,47571.8775
1791300610,47575.7461
1791300612,47580.8351
1791300614,47584.8553
1791300616,47577.4104
1791300618,47582.3729
1791300620,47578.1603
1791300622,47573.6939
1791300624,47561.6249
1791300626,47570.3659
1791300628,47561.6407
1791300630,47556.7251
1791300632,47554.8023
1791300634,47553.8155
1791300636,47542.4539
1791300638,47538.2429
1791300640,47526.8596
1791300642,47532.6801
1791300644,47528.5121
1791300646,47508.7831
1791300648,47507.0724
1791300650,47510.2146
1791300652,47510.2871
1791300654,47510.5724
1791300656,47512.4536
1791300658,47516.6783
1791300660,47509.8998
1791300662,47522.6176
1791300664,47526.4969
1791300666,47541.6738
1791300668,47557.7211
1791300670,47555.1771
1791300672,47560.2308
1791300674,47545.2938
1791300676,47531.2171
1791300678,47516.9093
1791300680,47523.9701
1791300682,47527.234
1791300684,47519.4377
1791300686,47509.6464
1791300688,47502.2317
1791300690,47505.9268
1791300692,47517.7146
1791300694,47503.3804
1791300696,47522.7882
1791300698,47518.4911
1791300700,47518.2009
1791300702,47519.7613
1791300704,47521.2544
1791300706,47509.1376
1791300708,47497.106
1791300710,47496.1846
1791300712,47499.4812
1791300714,47498.6745
1791300716,47486.567
1791300718,47488.8957
1791300720,47491.3404
1791300722,47493.0955
1791300724,47509.1858
1791300726,47519.3426
1791300728,47530.6796
1791300730,47525.8245
1791300732,47536.6491
1791300734,47536.8485
1791300736,47533.4675
1791300738,47535.0015
1791300740,47548.3718
1791300742,47573.7404
1791300744,47579.3166
1791300746,47573.9484
1791300748,47560.7866
1791300750,47558.8358
1791300752,47567.4059
1791300754,47563.4036
1791300756,47561.546
1791300758,47564.1173
1791300760,47554.622
1791300762,47552.5174
1791300764,47547.8282
1791300766,47556.8715
1791300768,47548.916
1791300770,47550.064
1791300772,47544.1108
1791300774,47550.1338
1791300776,47556.8127
1791300778,47555.8433
1791300780,47557.1293
1791300782,47560.3449
1791300784,47566.1429
1791300786,47567.8586
1791300788,47557.3044
1791300790,47553.2077
1791300792,47558.6981
1791300794,47554.7507
1791300796,47542.5145
1791300798,47547.9582
1791300800,47551.7279
1791300802,47536.5492
1791300804,47549.0774
1791300806,47557.3448
1791300808,47554.0683
1791300810,47550.2671
1791300812,47541.2505
1791300814,47541.8832
1791300816,47560.3248
1791300818,47562.7626
1791300820,47554.9823
1791300822,47548.0733
1791300824,47545.9603
1791300826,47543.1948
1791300828,47551.409
1791300830,47546.5522
1791300832,47541.7908
1791300834,47544.293
1791300836,47540.4812
1791300838,47520.1886
1791300840,47527.6293
1791300842,47523.4286
1791300844,47520.0934
1791300846,47527.8374
1791300848,47522.3712
1791300850,47519.2463
1791300852,47520.4781
1791300854,47506.9363
1791300856,47512.7067
1791300858,47513.93
1791300860,47511.2443
1791300862,47516.7919
1791300864,47525.7105
1791300866,47527.4846
1791300868,47528.0565
1791300870,47551.4795
1791300872,47539.0671
1791300874,47551.7756
1791300876,47555.7737
1791300878,47540.4011
1791300880,47548.3015
1791300882,47561.604
1791300884,47564.5553
1791300886,47572.8712
1791300888,47581.3709
1791300890,47589.3528
1791300892,47592.3055
1791300894,47587.5062
1791300896,47583.818
1791300898,47593.7321
1791300900,47583.6358
1791300902,47580.2722
1791300904,47586.8769
1791300906,47596.8008
1791300908,47616.133
1791300910,47625.2664
1791300912,47619.4587
1791300914,47630.9919
1791300916,47621.1227
1791300918,47619.2494
1791300920,47614.716
1791300922,47620.8465
1791300924,47628.4992
1791300926,47614.6162
1791300928,47609.391
1791300930,47612.8857
1791300932,47603.8837
1791300934,47600.2269
1791300936,47602.4562
1791300938,47594.2237
1791300940,47583.6353
1791300942,47577.3155
1791300944,47566.7147
1791300946,47569.8255
1791300948,47576.4277
1791300950,47584.895
1791300952,47596.9422
1791300954,47582.3944
1791300956,47573.6478
1791300958,47568.3495
1791300960,47571.6108
1791300962,47575.8743
1791300964,47573.2439
1791300966,47562.0687
1791300968,47560.6578
1791300970,47568.4831
1791300972,47549.6298
1791300974,47546.1254
1791300976,47553.1388
1791300978,47554.1833
1791300980,47555.8639
1791300982,47554.5618
1791300984,47548.0723
1791300986,47542.4302
1791300988,47545.0686
1791300990,47541.8732
1791300992,47550.07
1791300994,47546.5101
1791300996,47554.4674
1791300998,47548.7985
1791301000,47547.8027
1791301002,47550.4768
1791301004,47556.0253
1791301006,47552.9924
1791301008,47566.4161
1791301010,47558.9516
1791301012,47573.3359
1791301014,47573.6992
1791301016,47576.52
1791301018,47571.3958
1791301020,47573.1387
1791301022,47571.1371
1791301024,47562.2185
1791301026,47576.2361
1791301028,47578.4786
1791301030,47571.5059
1791301032,47568.2318
1791301034,47573.4382
1791301036,47572.4418
1791301038,47574.4836
1791301040,47579.369
1791301042,47579.2534
1791301044,47577.2146
1791301046,47570.4201
1791301048,47565.3776
1791301050,47563.3149
1791301052,47566.4341
1791301054,47552.4136
1791301056,47550.5723
1791301058,47547.2898
1791301060,47540.2171
1791301062,47549.3648
1791301064,47539.8302
1791301066,47547.4095
1791301068,47534.0658
1791301070,47525.7215
1791301072,47541.353
1791301074,47531.2124
1791301076,47530.7911
1791301078,47514.5862
1791301080,47513.5853
1791301082,47514.7733
1791301084,47524.4423
1791301086,47513.3203
1791301088,47528.99
1791301090,47539.4301
1791301092,47545.9266
1791301094,47550.6358
1791301096,47560.5508
1791301098,47568.6015
1791301100,47559.2933
1791301102,47568.3415
1791301104,47566.4796
1791301106,47574.7827
1791301108,47576.1283
1791301110,47558.7496
1791301112,47551.3422
1791301114,47562.0029
1791301116,47550.7141
1791301118,47537.9835
1791301120,47524.2166
1791301122,47516.3471
1791301124,47509.6462
1791301126,47522.7766
1791301128,47531.6109
1791301130,47527.0096
1791301132,47523.0341
1791301134,47525.4914
1791301136,47526.179
1791301138,47544.3621
1791301140,47541.808
1791301142,47539.8989
1791301144,47530.986
1791301146,47533.9817
1791301148,47535.3878
1791301150,47525.2635
1791301152,47523.8811
1791301154,47524.5059
1791301156,47533.3818
1791301158,47535.4042
1791301160,47536.8186
1791301162,47527.1571
1791301164,47526.0294
1791301166,47515.0797
1791301168,47512.023
1791301170,47507.4929
1791301172,47492.4856
1791301174,47497.6078
1791301176,47503.6956
1791301178,47497.6031
1791301180,47480.1141
1791301182,47471.2481
1791301184,47474.4618
1791301186,47467.2932
1791301188,47474.1531
1791301190,47472.844
1791301192,47483.4683
1791301194,47481.152
1791301196,47472.7578
1791301198,47474.8815
1791301200,47481.6297
1791301202,47482.9916
1791301204,47491.5712
1791301206,47480.3523
1791301208,47475.9678
1791301210,47479.6704
1791301212,47474.3545
1791301214,47468.3306
1791301216,47482.2336
1791301218,47489.9315
1791301220,47469.7285
1791301222,47478.4201
1791301224,47462.4768
1791301226,47464.899
1791301228,47460.8851
1791301230,47456.324
1791301232,47436.4806
1791301234,47445.7632
1791301236,47423.8085
1791301238,47412.3473
1791301240,47405.2392
1791301242,47408.3095
1791301244,47423.3472
1791301246,47424.7348
1791301248,47424.4773
1791301250,47428.3363
1791301252,47423.8804
1791301254,47418.596
1791301256,47415.4938
1791301258,47398.0479
1791301260,47395.3203
1791301262,47399.814
1791301264,47384.3356
1791301266,47381.4568
1791301268,47386.1332
1791301270,47386.295
1791301272,47400.948
1791301274,47394.6616
1791301276,47402.2296
1791301278,47399.8254
1791301280,47404.4776
1791301282,47412.0341
1791301284,47402.7462
1791301286,47407.5243
1791301288,47399.2701
1791301290,47413.1725
1791301292,47405.153
1791301294,47396.5199
1791301296,47406.3749
1791301298,47405.2455
1791301300,47407.6258
1791301302,47413.0108
1791301304,47408.1755
1791301306,47395.9353
1791301308,47396.1519
1791301310,47406.4453
1791301312,47390.9441
1791301314,47387.7006
1791301316,47383.5101
1791301318,47387.6573
1791301320,47377.5313
1791301322,47361.9715
1791301324,47373.4654
1791301326,47375.3125
1791301328,47376.5255
1791301330,47390.3907
1791301332,47406.1128
1791301334,47394.5542
1791301336,47405.3907
1791301338,47411.0552
1791301340,47393.8043
1791301342,47394.9627
1791301344,47388.911
1791301346,47389.9318
1791301348,47393.5556
1791301350,47384.2601
1791301352,47385.3127
1791301354,47384.1076
1791301356,47382.2027
1791301358,47393.6238
1791301360,47394.1173
1791301362,47393.8429
1791301364,47383.6679
1791301366,47393.5811
1791301368,47380.5016
1791301370,47375.9354
1791301372,47370.506
1791301374,47364.1779
1791301376,47363.7819
1791301378,47364.8367
1791301380,47362.06
1791301382,47348.0879
1791301384,47340.5299
1791301386,47340.7048
1791301388,47353.1563
1791301390,47366.2738
1791301392,47355.1972
1791301394,47347.8866
1791301396,47349.4901
1791301398,47338.2689
1791301400,47348.1493
1791301402,47342.3195
1791301404,47350.2516
1791301406,47340.2141
1791301408,47353.3113
1791301410,47347.0863
1791301412,47362.9132
1791301414,47357.6082
1791301416,47357.88
1791301418,47362.6789
1791301420,47358.7059
1791301422,47363.3711
1791301424,47354.2758
1791301426,47369.5065
1791301428,47364.3652
1791301430,47359.5256
1791301432,47376.6437
1791301434,47378.8763
1791301436,47383.6956
1791301438,47379.8341
1791301440,47388.5783
1791301442,47385.8387
1791301444,47376.5469
1791301446,47392.1501
1791301448,47380.9388
1791301450,47388.2312
1791301452,47395.6726
1791301454,47394.5494
1791301456,47383.336
1791301458,47383.3991
1791301460,47370.1355
1791301462,47367.5041
1791301464,47364.3109
1791301466,47369.3914
1791301468,47367.6772
1791301470,47375.8817
1791301472,47367.6936
1791301474,47363.2932
1791301476,47348.8121
1791301478,47342.3312
1791301480,47345.7629
1791301482,47370.1651
1791301484,47368.3991
1791301486,47371.1257
1791301488,47377.7566
1791301490,47381.2206
1791301492,47376.7802
1791301494,47369.6113
1791301496,47371.2536
1791301498,47372.7176
1791301500,47364.213
1791301502,47363.7449
1791301504,47361.1253
1791301506,47361.6086
1791301508,47359.2776
1791301510,47364.3898
1791301512,47358.7538
1791301514,47363.0084
1791301516,47378.9309
1791301518,47368.8731
1791301520,47371.4734
1791301522,47376.6501
1791301524,47385.004
1791301526,47377.5855
1791301528,47379.6951
1791301530,47390.9352
1791301532,47393.7302
1791301534,47407.1796
1791301536,47399.9705
1791301538,47416.4478
1791301540,47410.9174
1791301542,47415.6678
1791301544,47409.3034
1791301546,47420.2079
1791301548,47413.7473
1791301550,47420.2593
1791301552,47424.2021
1791301554,47413.8081
1791301556,47402.9916
1791301558,47405.8585
1791301560,47396.8474
1791301562,47399.2379
1791301564,47397.121
1791301566,47374.2167
1791301568,47371.5368
1791301570,47364.5128
1791301572,47364.4098
1791301574,47360.5611
1791301576,47358.7774
1791301578,47368.9372
1791301580,47388.5287
1791301582,47384.3853
1791301584,47386.2968
1791301586,47386.1323
1791301588,47379.2613
1791301590,47386.1239
1791301592,47398.503
1791301594,47394.6902
1791301596,47403.3767
1791301598,47406.593
1791301600,47415.0065
1791301602,47417.6844
1791301604,47417.1472
1791301606,47416.9243
1791301608,47409.0967
1791301610,47395.8423
1791301612,47404.6098
1791301614,47388.2337
1791301616,47393.132
1791301618,47391.8786
1791301620,47399.4172
1791301622,47410.2662
1791301624,47410.512
1791301626,47413.0033
1791301628,47439.7889
1791301630,47436.8252
1791301632,47439.821
1791301634,47440.4399
1791301636,47448.6775
1791301638,47452.3893
1791301640,47451.9736
1791301642,47442.0006
1791301644,47437.8466
1791301646,47431.0545
1791301648,47429.7932
1791301650,47423.7991
1791301652,47427.8689
1791301654,47414.8047
1791301656,47413.7115
1791301658,47427.9326
1791301660,47431.301
1791301662,47421.8105
1791301664,47430.0145
1791301666,47431.8434
1791301668,47435.2539
1791301670,47421.8846
1791301672,47421.5835
1791301674,47417.5104
1791301676,47429.1565
1791301678,47419.4989
1791301680,47422.9009
1791301682,47432.2517
1791301684,47428.6962
1791301686,47425.8975
1791301688,47414.7788
1791301690,47407.6448
1791301692,47406.2896
1791301694,47425.981
1791301696,47442.1913
1791301698,47430.6713
1791301700,47422.0349
1791301702,47416.8992
1791301704,47428.1684
1791301706,47431.1271
1791301708,47434.1794
1791301710,47432.0874
1791301712,47427.294
1791301714,47417.04
1791301716,47400.8537
1791301718,47404.2301
1791301720,47420.6304
1791301722,47421.1104
1791301724,47420.5295
1791301726,47420.8293
1791301728,47422.9836
1791301730,47423.1948
1791301732,47424.3136
1791301734,47422.3418
1791301736,47422.2926
1791301738,47430.429
1791301740,47427.7743
1791301742,47430.6742
1791301744,47448.5981
1791301746,47447.0307
1791301748,47448.0884
1791301750,47437.2948
1791301752,47450.8159
1791301754,47454.6573
1791301756,47441.248
1791301758,47433.9238
1791301760,47440.1764
1791301762,47430.0909
1791301764,47426.7859
1791301766,47422.3136
1791301768,47418.5937
1791301770,47409.5104
1791301772,47410.9985
1791301774,47411.5094
1791301776,47419.6847
1791301778,47416.5993
1791301780,47403.6829
1791301782,47404.1258
1791301784,47402.6526
1791301786,47405.9396
1791301788,47421.4379
1791301790,47425.4692
1791301792,47436.2851
1791301794,47442.1737
1791301796,47445.5063
1791301798,47441.6594
1791301800,47431.0869
1791301802,47436.5424
1791301804,47429.9077
1791301806,47435.0229
1791301808,47441.9585
1791301810,47445.3954
1791301812,47435.2457
1791301814,47425.7753
1791301816,47430.9748
1791301818,47424.1062
1791301820,47432.3957
1791301822,47449.7638
1791301824,47447.9074
1791301826,47447.8243
1791301828,47450.7843
1791301830,47446.9997
1791301832,47458.2981
1791301834,47475.3455
1791301836,47475.9112
1791301838,47477.5642
1791301840,47482.3331
1791301842,47472.4033
1791301844,47465.4079
1791301846,47475.432
1791301848,47464.1603
1791301850,47468.2959
1791301852,47464.1852
1791301854,47456.8122
1791301856,47471.1114
1791301858,47497.39
1791301860,47504.0024
1791301862,47513.9402
1791301864,47505.3154
1791301866,47510.7146
1791301868,47518.1182
1791301870,47522.8047
1791301872,47514.5453
1791301874,47509.7805
1791301876,47507.7738
1791301878,47518.9193
1791301880,47522.0085
1791301882,47511.4814
1791301884,47521.0881
1791301886,47528.1148
1791301888,47533.355
1791301890,47540.8471
1791301892,47542.7117
1791301894,47535.3072
1791301896,47534.1809
1791301898,47525.2945
1791301900,47520.2393
1791301902,47515.7759
1791301904,47524.0091
1791301906,47515.2131
1791301908,47531.5101
1791301910,47531.3852
1791301912,47516.7634
1791301914,47515.7362
1791301916,47499.6133
1791301918,47500.4715
1791301920,47502.6466
1791301922,47497.8743
1791301924,47494.6996
1791301926,47504.0947
1791301928,47498.9291
1791301930,47507.6135
1791301932,47500.6418
1791301934,47501.3833
1791301936,47508.7464
1791301938,47508.8781
1791301940,47500.2847
1791301942,47473.5393
1791301944,47479.4818
1791301946,47477.7398
1791301948,47479.1613
1791301950,47468.7064
1791301952,47467.8439
1791301954,47466.7387
1791301956,47464.5407
1791301958,47466.0584
1791301960,47469.1003
1791301962,47466.5605
1791301964,47464.3566
1791301966,47463.4997
1791301968,47475.6183
1791301970,47489.3402
1791301972,47510.3455
1791301974,47530.615
1791301976,47507.3007
1791301978,47513.2317
1791301980,47506.9407
1791301982,47507.2975
1791301984,47501.2089
1791301986,47485.6651
1791301988,47485.1718
1791301990,47485.4066
1791301992,47494.8873
1791301994,47499.8053
1791301996,47504.5927
1791301998,47499.6919
1791302000,47493.9592
1791302002,47502.6039
1791302004,47486.4957
1791302006,47480.7621
1791302008,47492.8038
1791302010,47486.3655
1791302012,47483.4031
1791302014,47486.8615
1791302016,47493.0239
1791302018,47499.7637
1791302020,47489.5398
1791302022,47483.0832
1791302024,47480.3661
1791302026,47475.6989
1791302028,47474.0939
1791302030,47465.5353
1791302032,47457.9678
1791302034,47453.7705
1791302036,47452.9336
1791302038,47451.076
1791302040,47462.0885
1791302042,47452.526
1791302044,47459.8491
1791302046,47456.7105
1791302048,47451.5253
1791302050,47440.7661
1791302052,47441.2361
1791302054,47431.657
1791302056,47427.5977
1791302058,47420.3534
1791302060,47424.879
1791302062,47420.367
1791302064,47417.0071
1791302066,47413.3148
1791302068,47407.0003
1791302070,47410.4605
1791302072,47392.5342
1791302074,47387.1067
1791302076,47392.1502
1791302078,47395.5727
1791302080,47387.9474
1791302082,47388.3385
1791302084,47379.2069
1791302086,47388.2535
1791302088,47388.073
1791302090,47393.5632
1791302092,47399.8376
1791302094,47396.7974
1791302096,47395.2403
1791302098,47393.2036
1791302100,47381.373
1791302102,47371.924
1791302104,47373.9842
1791302106,47368.286
1791302108,47364.0792
1791302110,47365.6398
1791302112,47373.5264
1791302114,47365.0676
1791302116,47363.1917
1791302118,47362.5962
1791302120,47364.6604
1791302122,47361.9832
1791302124,47358.2374
1791302126,47349.1807
1791302128,47364.595
1791302130,47369.0244
1791302132,47378.8333
1791302134,47370.747
1791302136,47374.7796
1791302138,47354.8606
1791302140,47358.5721
1791302142,47372.3659
1791302144,47371.6836
1791302146,47385.935
1791302148,47358.3334
1791302150,47348.9452
1791302152,47343.5506
1791302154,47342.2611
1791302156,47356.141
1791302158,47336.5898
1791302160,47337.0588
1791302162,47323.4221
1791302164,47329.3052
1791302166,47328.6551
1791302168,47321.2047
1791302170,47311.6241
1791302172,47302.4368
1791302174,47300.7479
1791302176,47287.0173
1791302178,47299.8868
1791302180,47300.9869
1791302182,47306.54
1791302184,47305.5269
1791302186,47302.221
1791302188,47296.4303
1791302190,47292.0645
1791302192,47302.8706
1791302194,47296.3304
1791302196,47303.7624
1791302198,47308.8052
1791302200,47306.4555
1791302202,47313.5507
1791302204,47325.913
1791302206,47321.7682
1791302208,47316.5385
1791302210,47312.4562
1791302212,47300.4059
1791302214,47289.9278
1791302216,47295.2479
1791302218,47288.0323
1791302220,47285.7868
1791302222,47278.5532
1791302224,47279.6186
1791302226,47297.4223
1791302228,47292.1088
1791302230,47280.3758
1791302232,47279.3302
1791302234,47273.1741
1791302236,47276.2623
1791302238,47285.0718
1791302240,47298.5745
1791302242,47308.4105
1791302244,47308.0461
1791302246,47312.7749
1791302248,47310.0297
1791302250,47303.9127
1791302252,47296.8812
1791302254,47306.4782
1791302256,47311.4808
1791302258,47312.2806
1791302260,47315.679
1791302262,47310.1451
1791302264,47313.8617
1791302266,47330.2605
1791302268,47326.5099
1791302270,47314.5657
1791302272,47305.3272
1791302274,47304.0338
1791302276,47308.6829
1791302278,47300.0826
1791302280,47307.934
1791302282,47321.1352
1791302284,47331.8638
1791302286,47324.7055
1791302288,47320.2542
1791302290,47319.431
1791302292,47315.9214
1791302294,47322.0909
1791302296,47309.8498
1791302298,47320.9015
1791302300,47323.6875
1791302302,47329.3515
1791302304,47325.633
1791302306,47331.3515
1791302308,47325.3865
1791302310,47318.5941
1791302312,47315.459
1791302314,47320.4116
1791302316,47312.3926
1791302318,47310.8936
1791302320,47313.7735
1791302322,47325.4292
1791302324,47330.9098
1791302326,47326.9534
1791302328,47330.1217
1791302330,47338.2227
1791302332,47336.2013
1791302334,47341.3193
1791302336,47340.1518
1791302338,47344.5794
1791302340,47345.8494
1791302342,47344.7135
1791302344,47341.4696
1791302346,47348.6502
1791302348,47346.1962
1791302350,47356.4381
1791302352,47375.6781
1791302354,47372.0902
1791302356,47371.2248
1791302358,47391.9005
1791302360,47379.2107
1791302362,47376.8712
1791302364,47376.5338
1791302366,47376.1709
1791302368,47390.9521
1791302370,47400.6551
1791302372,47389.2191
1791302374,47388.0857
1791302376,47394.1979
1791302378,47398.7118
1791302380,47395.3425
1791302382,47400.4206
1791302384,47402.8766
1791302386,47403.0074
1791302388,47407.3385
1791302390,47394.6153
1791302392,47394.8118
1791302394,47405.5916
1791302396,47417.0426
1791302398,47412.646
1791302400,47389.6621
1791302402,47400.7411
1791302404,47421.1952
1791302406,47431.3161
1791302408,47424.3292
1791302410,47429.7849
1791302412,47419.2117
1791302414,47408.7682
1791302416,47406.7911
1791302418,47402.7386
1791302420,47389.7005
1791302422,47376.5303
1791302424,47382.896
1791302426,47378.8296
1791302428,47390.142
1791302430,47390.0613
1791302432,47395.6237
1791302434,47389.3586
1791302436,47386.4811
1791302438,47397.6785
1791302440,47413.9735
1791302442,47412.586
1791302444,47404.7123
1791302446,47392.3576
1791302448,47382.0816
1791302450,47368.0648
1791302452,47372.035
1791302454,47376.6314
1791302456,47381.8922
1791302458,47396.8717
1791302460,47408.3491
1791302462,47388.3584
1791302464,47383.8948
1791302466,47390.5154
1791302468,47396.3572
1791302470,47393.1966
1791302472,47396.6563
1791302474,47394.894
1791302476,47401.7919
1791302478,47396.1749
1791302480,47387.296
1791302482,47423.0498
1791302484,47435.4502
1791302486,47436.5664
1791302488,47442.0613
1791302490,47444.9449
1791302492,47440.2683
1791302494,47451.4826
1791302496,47458.7567
1791302498,47462.065
1791302500,47465.6317
1791302502,47462.8962
1791302504,47482.7015
1791302506,47494.5295
1791302508,47495.3001
1791302510,47490.9315
1791302512,47500.2499
1791302514,47509.3494
1791302516,47506.3813
1791302518,47521.0925
1791302520,47526.3999
1791302522,47532.6102
1791302524,47544.6196
1791302526,47547.9835
1791302528,47546.8019
1791302530,47546.5549
1791302532,47555.5436
1791302534,47563.5504
1791302536,47555.9384
1791302538,47570.3381
1791302540,47564.5157
1791302542,47562.0689
1791302544,47549.844
1791302546,47549.9558
1791302548,47546.4282
1791302550,47541.23
1791302552,47533.9007
1791302554,47549.5318
1791302556,47565.5677
1791302558,47576.5488
1791302560,47585.7405
1791302562,47587.1005
1791302564,47591.9561
1791302566,47588.7382
1791302568,47596.1412
1791302570,47590.2537
1791302572,47578.7622
1791302574,47585.6872
1791302576,47588.771
1791302578,47586.3767
1791302580,47582.3548
1791302582,47576.36
1791302584,47563.5262
1791302586,47558.8123
1791302588,47561.9426
1791302590,47556.0685
1791302592,47546.6717
1791302594,47539.2171
1791302596,47530.0681
1791302598,47532.4738
1791302600,47526.2529
1791302602,47522.9682
1791302604,47521.4202
1791302606,47521.2631
1791302608,47521.6442
1791302610,47516.4102
1791302612,47505.2424
1791302614,47508.9914
1791302616,47506.5772
1791302618,47512.805
1791302620,47496.6748
1791302622,47476.6471
1791302624,47482.6964
1791302626,47470.5451
1791302628,47474.6572
1791302630,47462.0684
1791302632,47459.0961
1791302634,47465.5109
1791302636,47453.0857
1791302638,47471.1005
1791302640,47462.7005
1791302642,47442.1329
1791302644,47427.7109
1791302646,47408.2045
1791302648,47423.1026
1791302650,47425.8739
1791302652,47430.3493
1791302654,47431.6692
1791302656,47421.4183
1791302658,47425.7901
1791302660,47421.783
1791302662,47430.8997
1791302664,47436.9638
1791302666,47436.2174
1791302668,47435.0352
1791302670,47449.9581
1791302672,47460.7288
1791302674,47459.0736
1791302676,47449.1756
1791302678,47459.0017
1791302680,47445.0246
1791302682,47442.1727
1791302684,47446.136
1791302686,47453.238
1791302688,47429.8742
1791302690,47429.8529
1791302692,47424.2674
1791302694,47427.1251
1791302696,47431.1926
1791302698,47424.5108
1791302700,47417.8253
1791302702,47407.7828
1791302704,47415.8974
1791302706,47418.1945
1791302708,47413.5908
1791302710,47424.1014
1791302712,47425.3204
1791302714,47410.896
1791302716,47431.3531
1791302718,47428.188
1791302720,47426.5963
1791302722,47408.3849
1791302724,47402.715
1791302726,47394.3828
1791302728,47393.6997
1791302730,47393.0857
1791302732,47386.4394
1791302734,47395.5601
1791302736,47408.5508
1791302738,47415.5625
1791302740,47398.603
1791302742,47400.7433
1791302744,47399.603
1791302746,47396.4613
1791302748,47381.958
1791302750,47390.2113
1791302752,47383.8524
1791302754,47373.5755
1791302756,47374.3678
1791302758,47378.2913
1791302760,47372.0382
1791302762,47389.8857
1791302764,47392.8312
1791302766,47384.6885
1791302768,47394.8778
1791302770,47382.8036
1791302772,47380.9449
1791302774,47375.9037
1791302776,47369.5732
1791302778,47359.6789
1791302780,47363.661
1791302782,47358.1343
1791302784,47361.5963
1791302786,47373.8215
1791302788,47377.9162
1791302790,47386.2248
1791302792,47390.2753
1791302794,47386.1547
1791302796,47380.9993
1791302798,47386.1649
1791302800,47380.8356
1791302802,47378.8038
1791302804,47379.4302
1791302806,47370.251
1791302808,47381.512
1791302810,47378.1302
1791302812,47391.5183
1791302814,47404.9347
1791302816,47402.1902
1791302818,47396.9114
1791302820,47389.1175
1791302822,47390.6586
1791302824,47410.9726
1791302826,47419.7182
1791302828,47425.2561
1791302830,47429.1598
1791302832,47440.8727
1791302834,47426.5065
1791302836,47432.8735
1791302838,47435.957
1791302840,47435.611
1791302842,47441.6989
1791302844,47427.8532
1791302846,47429.6286
1791302848,47430.0442
1791302850,47439.0489
1791302852,47428.7486
1791302854,47416.8492
1791302856,47411.3459
1791302858,47398.5136
1791302860,47412.9775
1791302862,47408.9664
1791302864,47397.7548
1791302866,47410.1017
1791302868,47397.9618
1791302870,47384.9536
1791302872,47370.3289
1791302874,47377.0428
1791302876,47371.0372
1791302878,47375.3806
1791302880,47379.8676
1791302882,47378.4074
1791302884,47374.62
1791302886,47375.5441
1791302888,47376.8902
1791302890,47375.0475
1791302892,47359.3061
1791302894,47356.9924
1791302896,47359.4087
1791302898,47367.1439
1791302900,47361.4056
1791302902,47369.3879
1791302904,47365.0108
1791302906,47366.6418
1791302908,47381.8733
1791302910,47386.6607
1791302912,47389.0686
1791302914,47391.0657
1791302916,47390.7984
1791302918,47392.1106
1791302920,47399.3839
1791302922,47388.906
1791302924,47390.8442
1791302926,47401.5309
1791302928,47406.5501
1791302930,47407.6593
1791302932,47412.5799
1791302934,47408.3357
1791302936,47416.3841
1791302938,47412.1327
1791302940,47416.7206
1791302942,47423.1756
1791302944,47426.6749
1791302946,47436.3838
1791302948,47448.4613
1791302950,47441.0087
1791302952,47425.7979
1791302954,47424.17
1791302956,47408.2854
1791302958,47415.4587
1791302960,47423.3258
1791302962,47432.8781
1791302964,47437.9788
1791302966,47435.9659
1791302968,47443.6021
1791302970,47428.6865
1791302972,47423.6146
1791302974,47420.7412
1791302976,47434.2498
1791302978,47431.2856
1791302980,47438.7531
1791302982,47446.7581
1791302984,47435.3891
1791302986,47436.4568
1791302988,47426.741
1791302990,47418.8561
1791302992,47427.1664
1791302994,47435.1288
1791302996,47434.3779
1791302998,47422.8826
1791303000,47410.0102
1791303002,47405.6181
1791303004,47405.7991
1791303006,47403.2442
1791303008,47413.9808
1791303010,47412.1011
1791303012,47402.872
1791303014,47414.2106
1791303016,47415.4324
1791303018,47403.2287
1791303020,47405.7701
1791303022,47402.025
1791303024,47403.2865
1791303026,47392.317
1791303028,47390.8451
1791303030,47400.4536
1791303032,47403.6696
1791303034,47393.539
1791303036,47394.6036
1791303038,47396.8054
1791303040,47404.86
1791303042,47398.6245
1791303044,47399.1303
1791303046,47390.4532
1791303048,47394.8902
1791303050,47382.6547
1791303052,47384.5755
1791303054,47389.238
1791303056,47395.7911
1791303058,47382.532
1791303060,47385.4095
1791303062,47375.8858
1791303064,47376.675
1791303066,47392.0694
1791303068,47402.6467
1791303070,47402.8787
1791303072,47418.559
1791303074,47432.2238
1791303076,47438.6892
1791303078,47451.0439
1791303080,47451.2264
1791303082,47445.2319
1791303084,47449.2528
1791303086,47450.4723
1791303088,47446.3389
1791303090,47436.209
1791303092,47430.4189
1791303094,47434.127
1791303096,47436.7234
1791303098,47436.3308
1791303100,47441.0241
1791303102,47437.0298
1791303104,47434.6516
1791303106,47445.8961
1791303108,47447.3745
1791303110,47457.7252
1791303112,47459.9993
1791303114,47455.3729
1791303116,47453.1419
1791303118,47454.2666
1791303120,47444.7491
1791303122,47444.1271
1791303124,47436.9798
1791303126,47432.0123
1791303128,47434.515
1791303130,47433.6769
1791303132,47434.9993
1791303134,47456.5883
1791303136,47442.3998
1791303138,47434.8469
1791303140,47428.7298
1791303142,47425.2056
1791303144,47429.1975
1791303146,47440.2858
1791303148,47446.6874
1791303150,47438.5122
1791303152,47447.9027
1791303154,47449.6449
1791303156,47458.5028
1791303158,47450.9139
1791303160,47441.3099
1791303162,47437.3903
1791303164,47417.0979
1791303166,47408.6858
1791303168,47396.9368
1791303170,47399.054
1791303172,47389.081
1791303174,47390.894
1791303176,47377.9589
1791303178,47376.7294
1791303180,47357.6192
1791303182,47362.38
1791303184,47366.3801
1791303186,47354.2459
1791303188,47349.2008
1791303190,47326.3192
1791303192,47327.8507
1791303194,47322.8633
1791303196,47338.4532
1791303198,47337.5202
1791303200,47345.4163
1791303202,47340.8298
1791303204,47335.044
1791303206,47341.3859
1791303208,47338.8813
1791303210,47355.2626
1791303212,47364.9227
1791303214,47356.821
1791303216,47352.5355
1791303218,47348.7338
1791303220,47353.3844
1791303222,47359.5202
1791303224,47351.7578
1791303226,47368.1297
1791303228,47380.6403
1791303230,47372.6577
1791303232,47386.7763
1791303234,47387.976
1791303236,47400.774
1791303238,47397.889
1791303240,47385.6004
1791303242,47384.0063
1791303244,47383.0124
1791303246,47390.8662
1791303248,47383.5453
1791303250,47361.0015
1791303252,47356.6098
1791303254,47351.316
1791303256,47349.4364
1791303258,47351.1805
1791303260,47352.8194
1791303262,47351.6478
1791303264,47341.9933
1791303266,47337.663
1791303268,47335.2266
1791303270,47325.0862
1791303272,47333.5327
1791303274,47336.6071
1791303276,47326.9344
1791303278,47315.5388
1791303280,47308.5906
1791303282,47297.0024
1791303284,47299.4725
1791303286,47294.3525
1791303288,47299.8899
1791303290,47295.037
1791303292,47301.9107
1791303294,47306.7456
1791303296,47310.2865
1791303298,47303.3212
1791303300,47301.1714
1791303302,47295.1879
1791303304,47289.2148
1791303306,47282.4844
1791303308,47272.2172
1791303310,47282.1118
1791303312,47280.161
1791303314,47267.2801
1791303316,47278.4778
1791303318,47270.8838
1791303320,47264.6373
1791303322,47264.543
1791303324,47255.1491
1791303326,47237.4761
1791303328,47229.289
1791303330,47243.1064
1791303332,47252.3285
1791303334,47247.6484
1791303336,47250.0129
1791303338,47245.9519
1791303340,47245.9341
1791303342,47241.4558
1791303344,47248.269
1791303346,47257.2641
1791303348,47250.1833
1791303350,47243.0179
1791303352,47254.0197
1791303354,47259.4292
1791303356,47262.2876
1791303358,47258.7788
1791303360,47251.9202
1791303362,47247.0264
1791303364,47245.2545
1791303366,47249.2633
1791303368,47248.0185
1791303370,47238.1873
1791303372,47244.6621
1791303374,47239.9455
1791303376,47242.3658
1791303378,47249.2837
1791303380,47245.1266
1791303382,47238.5428
1791303384,47243.9992
1791303386,47253.3843
1791303388,47243.2425
1791303390,47231.4426
1791303392,47225.1629
1791303394,47212.8673
1791303396,47208.2779
1791303398,47198.3454
1791303400,47195.3589
1791303402,47195.6226
1791303404,47194.2662
1791303406,47200.0496
1791303408,47191.0462
1791303410,47192.5816
1791303412,47186.2915
1791303414,47194.3804
1791303416,47192.8571
1791303418,47196.6875
1791303420,47205.2002
1791303422,47213.4737
1791303424,47191.1593
1791303426,47182.4459
1791303428,47179.1432
1791303430,47195.4759
1791303432,47179.2827
1791303434,47186.3138
1791303436,47182.4282
1791303438,47175.5829
1791303440,47163.7388
1791303442,47156.0629
1791303444,47156.2693
1791303446,47156.4294
1791303448,47155.9922
1791303450,47158.7488
1791303452,47170.2503
1791303454,47171.0452
1791303456,47158.9713
1791303458,47170.7049
1791303460,47154.9705
1791303462,47149.7883
1791303464,47160.9655
1791303466,47155.7622
1791303468,47158.7674
1791303470,47148.709
1791303472,47149.2512
1791303474,47151.7579
1791303476,47147.7737
1791303478,47158.8174
1791303480,47167.3572
1791303482,47165.5466
1791303484,47147.158
1791303486,47147.911
1791303488,47153.8453
1791303490,47135.6427
1791303492,47130.3237
1791303494,47132.267
1791303496,47152.1478
1791303498,47144.78
1791303500,47123.7292
1791303502,47121.8312
1791303504,47114.4292
1791303506,47113.7511
1791303508,47108.0211
1791303510,47124.4364
1791303512,47106.4377
1791303514,47085.6539
1791303516,47068.7182
1791303518,47064.566
1791303520,47064.6762
1791303522,47052.6957
1791303524,47040.4513
1791303526,47031.84
1791303528,47032.1089
1791303530,47040.8567
1791303532,47039.5399
1791303534,47047.525
1791303536,47047.8457
1791303538,47039.0056
1791303540,47040.9348
1791303542,47047.5697
1791303544,47040.4051
1791303546,47028.1631
1791303548,47028.3827
1791303550,47030.6173
1791303552,47031.5835
1791303554,47029.8974
1791303556,47013.6833
1791303558,47020.3097
1791303560,47018.6088
1791303562,47030.2282
1791303564,47043.6843
1791303566,47043.5129
1791303568,47041.043
1791303570,47036.9335
1791303572,47033.0557
1791303574,47035.2923
1791303576,47050.533
1791303578,47061.4293
1791303580,47062.6304
1791303582,47054.8707
1791303584,47062.4816
1791303586,47062.0518
1791303588,47068.3793
1791303590,47061.3484
1791303592,47076.2665
1791303594,47082.3191
1791303596,47082.7697
1791303598,47070.1248
1791303600,47072.135
1791303602,47062.3014
1791303604,47065.7655
1791303606,47068.6461
1791303608,47067.6814
1791303610,47060.9217
1791303612,47074.4028
1791303614,47067.9956
1791303616,47077.8281
1791303618,47082.7958
1791303620,47071.7241
1791303622,47061.348
1791303624,47055.2088
1791303626,47061.8107
1791303628,47064.3562
1791303630,47062.7697
1791303632,47064.3412
1791303634,47050.2886
1791303636,47066.3686
1791303638,47073.5634
1791303640,47070.1502
1791303642,47071.6308
1791303644,47075.3223
1791303646,47078.0058
1791303648,47081.052
1791303650,47089.0097
1791303652,47071.9802
1791303654,47083.4417
1791303656,47093.1538
1791303658,47082.3006
1791303660,47075.5878
1791303662,47065.0134
1791303664,47055.6782
1791303666,47056.2703
1791303668,47054.9842
1791303670,47045.2237
1791303672,47035.3796
1791303674,47045.6069
1791303676,47050.1207
1791303678,47049.1652
1791303680,47046.1636
1791303682,47031.1501
1791303684,47027.9657
1791303686,47011.096
1791303688,47020.2967
1791303690,47014.9802
1791303692,47007.9223
1791303694,47023.3755
1791303696,47034.0131
1791303698,47037.4111
1791303700,47028.1752
1791303702,47037.3397
1791303704,47039.2771
1791303706,47038.131
1791303708,47039.1299
1791303710,47025.6025
1791303712,47034.2352
1791303714,47027.3393
1791303716,47034.4614
1791303718,47030.408
1791303720,47036.0636
1791303722,47047.7594
1791303724,47062.4047
1791303726,47066.9323
1791303728,47068.8319
1791303730,47042.5318
1791303732,47021.3366
1791303734,47003.4318
1791303736,47004.1105
1791303738,47019.4827
1791303740,47018.7461
1791303742,47012.606
1791303744,47018.7692
1791303746,47022.8612
1791303748,47003.9819
1791303750,47002.3842
1791303752,47000.7123
1791303754,46994.9827
1791303756,46979.0698
1791303758,46962.6068
1791303760,46968.9583
1791303762,46964.5391
1791303764,46964.6991
1791303766,46968.2162
1791303768,46971.8852
1791303770,46980.439
1791303772,46991.8348
1791303774,46982.8828
1791303776,46977.8405
1791303778,46978.8769
1791303780,46968.9795
1791303782,46966.9557
1791303784,46968.9813
1791303786,46977.0502
1791303788,46978.4464
1791303790,46989.0526
1791303792,47005.5151
1791303794,47008.9588
1791303796,47007.3747
1791303798,47007.2392
1791303800,47017.1741
1791303802,47026.2458
1791303804,47020.8924
1791303806,47015.9924
1791303808,47022.131
1791303810,47012.462
1791303812,47016.1225
1791303814,47035.9648
1791303816,47024.8512
1791303818,47021.4726
1791303820,47014.0855
1791303822,47015.9183
1791303824,47019.7062
1791303826,47004.4443
1791303828,47004.7979
1791303830,47003.055
1791303832,46993.3985
1791303834,46986.0966
1791303836,46985.9255
1791303838,46992.2418
1791303840,46988.7911
1791303842,46991.0592
1791303844,46988.3891
1791303846,46977.103
1791303848,46965.8632
1791303850,46967.8239
1791303852,46972.0626
1791303854,46978.1082
1791303856,46983.1834
1791303858,46982.303
1791303860,46986.8365
1791303862,46998.3602
1791303864,46998.0078
1791303866,46976.0977
1791303868,46975.0808
1791303870,46979.7565
1791303872,46975.0122
1791303874,46972.8962
1791303876,46967.996
1791303878,46965.7738
1791303880,46973.8403
1791303882,46971.1565
1791303884,46974.5383
1791303886,46971.0616
1791303888,46975.0913
1791303890,46982.8737
1791303892,46981.6615
1791303894,46985.8555
1791303896,46999.3826
1791303898,47019.2699
1791303900,47010.246
1791303902,47016.6007
1791303904,47014.3432
1791303906,47007.8524
1791303908,46994.8241
1791303910,47004.0807
1791303912,47011.8181
1791303914,47013.638
1791303916,47001.6174
1791303918,46999.8575
1791303920,47013.7711
1791303922,47016.1302
1791303924,47016.4335
1791303926,47010.1793
1791303928,47008.5986
1791303930,46999.9423
1791303932,47010.5321
1791303934,47030.3271
1791303936,47035.2977
1791303938,47046.601
1791303940,47055.0329
1791303942,47060.9145
1791303944,47066.311
1791303946,47052.6278
1791303948,47061.265
1791303950,47068.426
1791303952,47065.1992
1791303954,47057.4735
1791303956,47059.7277
1791303958,47069.1963
1791303960,47074.4509
1791303962,47069.9403
1791303964,47078.1954
1791303966,47086.5621
1791303968,47092.303
1791303970,47107.2802
1791303972,47103.121
1791303974,47094.0286
1791303976,47095.2269
1791303978,47096.6754
1791303980,47097.0163
1791303982,47094.9102
1791303984,47100.0216
1791303986,47097.7181
1791303988,47099.9615
1791303990,47104.1774
1791303992,47106.2173
1791303994,47096.2692
1791303996,47102.5161
1791303998,47113.2922
1791304000,47107.7487
1791304002,47127.0901
1791304004,47129.3937
1791304006,47143.6425
1791304008,47149.9972
1791304010,47176.0184
1791304012,47199.0613
1791304014,47187.8707
1791304016,47176.0131
1791304018,47174.5072
1791304020,47173.7719
1791304022,47170.0503
1791304024,47191.1355
1791304026,47180.7339
1791304028,47180.923
1791304030,47174.8901
1791304032,47146.5233
1791304034,47152.4116
1791304036,47151.9544
1791304038,47131.0409
1791304040,47134.1819
1791304042,47134.1807
1791304044,47136.7896
1791304046,47133.9772
1791304048,47139.8228
1791304050,47147.314
1791304052,47152.1488
1791304054,47155.7372
1791304056,47151.5997
1791304058,47162.8033
1791304060,47161.0127
1791304062,47163.0291
1791304064,47178.6963
1791304066,47166.8451
1791304068,47172.8516
1791304070,47164.8542
1791304072,47157.8708
1791304074,47164.5001
1791304076,47158.1912
1791304078,47153.6237
1791304080,47146.9874
1791304082,47155.9803
1791304084,47167.6293
1791304086,47177.5035
1791304088,47174.3862
1791304090,47156.2319
1791304092,47163.0654
1791304094,47158.1467
1791304096,47150.9206
1791304098,47146.147
1791304100,47152.7317
1791304102,47153.815
1791304104,47147.64
1791304106,47147.8029
1791304108,47142.4793
1791304110,47151.2372
1791304112,47154.7594
1791304114,47160.8163
1791304116,47160.702
1791304118,47157.5646
1791304120,47173.7572
1791304122,47164.8926
1791304124,47153.7109
1791304126,47164.275
1791304128,47158.6477
1791304130,47159.3265
1791304132,47169.7394
1791304134,47171.0569
1791304136,47154.2262
1791304138,47163.2806
1791304140,47173.8969
1791304142,47174.9185
1791304144,47180.9724
1791304146,47190.1892
1791304148,47200.7786
1791304150,47202.2828
1791304152,47189.6118
1791304154,47193.8026
1791304156,47186.3585
1791304158,47186.6477
1791304160,47188.66
1791304162,47191.7012
1791304164,47201.4913
1791304166,47185.5325
1791304168,47160.6686
1791304170,47167.3325
1791304172,47153.6499
1791304174,47152.0026
1791304176,47163.327
1791304178,47165.3558
1791304180,47157.5588
1791304182,47154.1494
1791304184,47151.3772
1791304186,47143.5226
1791304188,47143.3983
1791304190,47149.2856
1791304192,47161.2429
1791304194,47167.7704
1791304196,47156.4131
1791304198,47146.0849
1791304200,47161.8692
1791304202,47162.3298
1791304204,47158.2674
1791304206,47150.2361
1791304208,47157.0094
1791304210,47156.9593
1791304212,47157.4727
1791304214,47164.7506
1791304216,47153.127
1791304218,47147.0573
1791304220,47141.8057
1791304222,47160.0539
1791304224,47148.7662
1791304226,47149.2152
1791304228,47138.1266
1791304230,47145.3179
1791304232,47148.2255
1791304234,47148.3266
1791304236,47147.7356
1791304238,47139.6892
1791304240,47150.1098
1791304242,47152.9183
1791304244,47145.6393
1791304246,47144.5603
1791304248,47152.0484
1791304250,47161.3783
1791304252,47147.5406
1791304254,47160.0142
1791304256,47158.0819
1791304258,47159.079
1791304260,47161.3708
1791304262,47155.3403
1791304264,47150.9108
1791304266,47158.1162
1791304268,47148.3112
1791304270,47164.6599
1791304272,47169.3513
1791304274,47185.3307
1791304276,47182.5674
1791304278,47179.6619
1791304280,47171.9065
1791304282,47166.6556
1791304284,47164.1258
1791304286,47164.4128
1791304288,47151.0964
1791304290,47132.1731
1791304292,47120.1955
1791304294,47107.8808
1791304296,47106.0437
1791304298,47109.0223
1791304300,47103.6682
1791304302,47113.0271
1791304304,47105.5983
1791304306,47095.4453
1791304308,47098.3324
1791304310,47092.1103
1791304312,47095.9795
1791304314,47092.484
1791304316,47101.7893
1791304318,47103.4976
1791304320,47111.1982
1791304322,47103.0846
1791304324,47125.0195
1791304326,47119.8036
1791304328,47127.223
1791304330,47108.7818
1791304332,47124.1796
1791304334,47120.1132
1791304336,47113.5637
1791304338,47110.2761
1791304340,47115.5174
1791304342,47133.2854
1791304344,47140.6363
1791304346,47141.8466
1791304348,47142.7747
1791304350,47133.7997
1791304352,47140.6167
1791304354,47125.638
1791304356,47121.9116
1791304358,47120.6086
1791304360,47132.9536
1791304362,47124.7715
1791304364,47124.9783
1791304366,47125.1593
1791304368,47121.978
1791304370,47125.632
1791304372,47121.9169
1791304374,47128.8549
1791304376,47127.6178
1791304378,47126.6816
1791304380,47116.0224
1791304382,47111.5661
1791304384,47110.1508
1791304386,47105.8495
1791304388,47114.1256
1791304390,47115.7379
1791304392,47118.1755
1791304394,47113.6436
1791304396,47119.0462
1791304398,47115.2236
1791304400,47120.3124
1791304402,47113.6856
1791304404,47117.5832
1791304406,47108.7981
1791304408,47108.3478
1791304410,47095.5701
1791304412,47082.7718
1791304414,47079.2035
1791304416,47077.1525
1791304418,47070.612
1791304420,47060.1498
1791304422,47050.0833
1791304424,47055.2412
1791304426,47053.5627
1791304428,47056.9165
1791304430,47061.8639
1791304432,47058.4727
1791304434,47075.1992
1791304436,47072.3557
1791304438,47073.1523
1791304440,47064.5372
1791304442,47065.7508
1791304444,47058.7587
1791304446,47048.0125
1791304448,47048.614
1791304450,47054.4838
1791304452,47051.9835
1791304454,47029.2223
1791304456,47026.2134
1791304458,47013.6308
1791304460,47006.1344
1791304462,47005.7423
1791304464,47001.4136
1791304466,47010.0513
1791304468,47002.5355
1791304470,46999.3159
1791304472,47002.843
1791304474,46998.5779
1791304476,47011.8271
1791304478,47016.8118
1791304480,47013.82
1791304482,47023.4078
1791304484,47020.4699
1791304486,47014.8063
1791304488,47007.918
1791304490,47012.3879
1791304492,47010.3871
1791304494,47023.5999
1791304496,47021.7624
1791304498,47015.9568
1791304500,47005.5118
1791304502,47007.5633
1791304504,46996.7777
1791304506,46994.9009
1791304508,46994.4133
1791304510,46996.2538
1791304512,46998.3722
1791304514,46986.7018
1791304516,46975.4492
1791304518,46977.0881
1791304520,46976.3456
1791304522,46973.7962
1791304524,46969.2524
1791304526,46964.1401
1791304528,46960.0118
1791304530,46974.1751
1791304532,46970.3669
1791304534,46974.8432
1791304536,46978.016
1791304538,46977.577
1791304540,46991.7735
1791304542,46969.8022
1791304544,46965.9976
1791304546,46965.5588
1791304548,46952.1522
1791304550,46952.3218
1791304552,46952.8279
1791304554,46956.4396
1791304556,46951.0824
1791304558,46948.0652
1791304560,46946.2272
1791304562,46937.6616
1791304564,46939.3614
1791304566,46947.4894
1791304568,46955.2998
1791304570,46959.0397
1791304572,46965.3462
1791304574,46973.3599
1791304576,46959.8001
1791304578,46954.7367
1791304580,46970.783
1791304582,46979.1873
1791304584,46984.4565
1791304586,46989.5679
1791304588,46980.9081
1791304590,46992.958
1791304592,46989.0773
1791304594,47004.3128
1791304596,47002.7854
1791304598,47002.4557
1791304600,47019.1911
1791304602,47033.0044
1791304604,47049.4073
1791304606,47042.8964
1791304608,47026.6208
1791304610,47026.8583
1791304612,47026.8646
1791304614,47018.4273
1791304616,47007.1247
1791304618,47020.4576
1791304620,47040.7551
1791304622,47034.7183
1791304624,47014.636
1791304626,47011.8049
1791304628,47004.3126
1791304630,46990.8709
1791304632,46986.9521
1791304634,46974.1118
1791304636,46979.7636
1791304638,46984.615
1791304640,46984.8186
1791304642,46980.2898
1791304644,46973.8889
1791304646,46982.1081
1791304648,46986.6147
1791304650,46992.0399
1791304652,46984.8535
1791304654,46989.6127
1791304656,46972.7603
1791304658,46982.7211
1791304660,46989.7149
1791304662,46973.9726
1791304664,46993.2598
1791304666,46983.3742
1791304668,46976.5251
1791304670,46964.3372
1791304672,46956.1705
1791304674,46950.5276
1791304676,46946.4745
1791304678,46930.0973
1791304680,46936.0024
1791304682,46919.3094
1791304684,46906.7957
1791304686,46921.5435
1791304688,46907.7118
1791304690,46904.4471
1791304692,46894.7134
1791304694,46884.9901
1791304696,46891.5704
1791304698,46896.4931
1791304700,46893.7483
1791304702,46888.7071
1791304704,46897.8444
1791304706,46899.4647
1791304708,46897.7929
1791304710,46905.2315
1791304712,46890.854
1791304714,46882.503
1791304716,46881.9956
1791304718,46871.1676
1791304720,46862.6182
1791304722,46871.2529
1791304724,46874.5611
1791304726,46876.6648
1791304728,46889.2083
1791304730,46874.3723
1791304732,46877.7936
1791304734,46875.1204
1791304736,46874.3135
1791304738,46873.8069
1791304740,46879.6558
1791304742,46866.7528
1791304744,46879.2035
1791304746,46875.2037
1791304748,46889.0273
1791304750,46896.4738
1791304752,46897.3542
1791304754,46888.5099
1791304756,46882.6996
1791304758,46889.823
1791304760,46875.769
1791304762,46863.8472
1791304764,46871.2514
1791304766,46862.8188
1791304768,46883.0465
1791304770,46882.6043
1791304772,46881.7602
1791304774,46887.3717
1791304776,46895.3791
1791304778,46895.598
1791304780,46891.4626
1791304782,46879.4632
1791304784,46869.6562
1791304786,46869.409
1791304788,46865.8557
1791304790,46872.1108
1791304792,46868.2747
1791304794,46848.4117
1791304796,46849.6535
1791304798,46855.7696
1791304800,46872.8335
1791304802,46866.4943
1791304804,46855.3252
1791304806,46863.9847
1791304808,46859.2965
1791304810,46851.0423
1791304812,46842.6639
1791304814,46853.7937
1791304816,46863.3637
1791304818,46870.1225
1791304820,46872.0815
1791304822,46874.0579
1791304824,46858.3972
1791304826,46862.7809
1791304828,46878.0964
1791304830,46893.0582
1791304832,46903.2652
1791304834,46896.1714
1791304836,46892.6126
1791304838,46894.3948
1791304840,46886.7979
1791304842,46888.1473
1791304844,46885.1367
1791304846,46902.5659
1791304848,46895.166
1791304850,46893.8844
1791304852,46886.0421
1791304854,46888.8671
1791304856,46891.2016
1791304858,46882.9878
1791304860,46887.8904
1791304862,46890.3282
1791304864,46877.981
1791304866,46874.96
1791304868,46886.2731
1791304870,46878.3044
1791304872,46882.6449
1791304874,46891.0438
1791304876,46900.9377
1791304878,46895.2983
1791304880,46893.9861
1791304882,46889.6609
1791304884,46878.3149
1791304886,46871.1662
1791304888,46872.9864
1791304890,46887.8319
1791304892,46881.8822
1791304894,46889.1285
1791304896,46892.7055
1791304898,46884.294
1791304900,46869.8389
1791304902,46874.3978
1791304904,46874.5958
1791304906,46887.1137
1791304908,46877.2261
1791304910,46881.582
1791304912,46867.3101
1791304914,46856.8516
1791304916,46863.8826
1791304918,46875.3348
1791304920,46887.253
1791304922,46898.4217
1791304924,46895.3817
1791304926,46899.0194
1791304928,46904.1872
1791304930,46907.0483
1791304932,46906.0146
1791304934,46905.4775
1791304936,46892.6562
1791304938,46887.7066
1791304940,46886.6269
1791304942,46882.9445
1791304944,46879.9406
1791304946,46867.9445
1791304948,46863.8144
1791304950,46863.8937
1791304952,46856.1853
1791304954,46861.3289
1791304956,46866.5312
1791304958,46874.7451
1791304960,46858.2185
1791304962,46855.2213
1791304964,46847.9644
1791304966,46848.0828
1791304968,46853.2627
1791304970,46861.8318
1791304972,46863.0543
1791304974,46864.0949
1791304976,46864.1438
1791304978,46875.4112
1791304980,46869.2661
1791304982,46846.6078
1791304984,46851.3429
1791304986,46856.396
1791304988,46856.858
1791304990,46863.0773
1791304992,46864.8312
1791304994,46863.9755
1791304996,46851.4026
1791304998,46862.7867
1791305000,46852.4734
1791305002,46852.0214
1791305004,46848.8314
1791305006,46849.4781
1791305008,46826.4862
1791305010,46826.4935
1791305012,46828.4907
1791305014,46840.3669
1791305016,46849.9549
1791305018,46842.613
1791305020,46851.399
1791305022,46855.7641
1791305024,46844.6316
1791305026,46829.4429
1791305028,46837.4266
1791305030,46843.031
1791305032,46839.9178
1791305034,46847.9953
1791305036,46849.8661
1791305038,46859.2084
1791305040,46864.9114
1791305042,46854.6135
1791305044,46851.948
1791305046,46850.7102
1791305048,46842.6846
1791305050,46836.9848
1791305052,46847.7752
1791305054,46848.8956
1791305056,46855.0766
1791305058,46859.8844
1791305060,46863.4353
1791305062,46854.689
1791305064,46845.1365
1791305066,46836.8047
1791305068,46846.6878
1791305070,46836.3527
1791305072,46827.8661
1791305074,46831.9782
1791305076,46844.9624
1791305078,46855.0508
1791305080,46873.8278
1791305082,46873.4948
1791305084,46873.9032
1791305086,46874.808
1791305088,46871.0057
1791305090,46879.256
1791305092,46875.9972
1791305094,46866.5198
1791305096,46868.8969
1791305098,46856.8802
1791305100,46857.3007
1791305102,46864.2473
1791305104,46859.3772
1791305106,46845.4445
1791305108,46847.5996
1791305110,46846.1353
1791305112,46854.5048
1791305114,46865.4943
1791305116,46881.7229
1791305118,46880.6797
1791305120,46872.4466
1791305122,46889.3619
1791305124,46876.7032
1791305126,46871.834
1791305128,46866.428
1791305130,46847.6279
1791305132,46858.7715
1791305134,46866.5622
1791305136,46841.769
1791305138,46845.8964
1791305140,46847.4982
1791305142,46835.595
1791305144,46811.0164
1791305146,46809.1094
1791305148,46811.7431
1791305150,46829.1001
1791305152,46836.4381
1791305154,46837.1513
1791305156,46839.0655
1791305158,46830.2507
1791305160,46837.2781
1791305162,46859.1162
1791305164,46859.3892
1791305166,46851.1351
1791305168,46854.2771
1791305170,46859.6018
1791305172,46877.0036
1791305174,46882.5495
1791305176,46873.4328
1791305178,46864.7602
1791305180,46867.501
1791305182,46872.2402
1791305184,46862.6223
1791305186,46872.3398
1791305188,46879.2183
1791305190,46881.5285
1791305192,46882.0303
1791305194,46886.8864
1791305196,46888.8685
1791305198,46890.9393
1791305200,46867.6979
1791305202,46877.0764
1791305204,46887.7508
1791305206,46884.8987
1791305208,46858.642
1791305210,46864.0417
1791305212,46863.816
1791305214,46868.7423
1791305216,46863.4146
1791305218,46864.165
1791305220,46870.9564
1791305222,46865.8106
1791305224,46864.0396
1791305226,46878.0892
1791305228,46883.3641
1791305230,46885.8292
1791305232,46873.9408
1791305234,46872.4462
1791305236,46861.3976
1791305238,46851.3979
1791305240,46846.7932
1791305242,46841.2574
1791305244,46852.4925
1791305246,46835.3974
1791305248,46832.2439
1791305250,46838.908
1791305252,46857.8975
1791305254,46845.6943
1791305256,46850.5313
1791305258,46869.7103
1791305260,46869.0747
1791305262,46863.7879
1791305264,46849.9518
1791305266,46843.4263
1791305268,46840.9879
1791305270,46833.7237
1791305272,46826.6374
1791305274,46827.0488
1791305276,46823.4646
1791305278,46845.0859
1791305280,46844.93
1791305282,46860.4677
1791305284,46874.3736
1791305286,46883.6936
1791305288,46876.8301
1791305290,46855.6804
1791305292,46846.4524
1791305294,46842.386
1791305296,46859.3626
1791305298,46874.7389
1791305300,46864.4264
1791305302,46860.222
1791305304,46868.6246
1791305306,46858.1135
1791305308,46867.7459
1791305310,46879.7693
1791305312,46886.6506
1791305314,46893.5999
1791305316,46898.2868
1791305318,46896.3012
1791305320,46891.6025
1791305322,46897.8339
1791305324,46919.6757
1791305326,46927.9493
1791305328,46929.4485
1791305330,46928.2027
1791305332,46922.7865
1791305334,46940.7992
1791305336,46944.3016
1791305338,46950.0039
1791305340,46938.2355
1791305342,46948.7501
1791305344,46950.1719
1791305346,46967.1927
1791305348,46965.6957
1791305350,46966.6109
1791305352,46962.5309
1791305354,46959.2057
1791305356,46973.1126
1791305358,46972.2609
1791305360,46974.7572
1791305362,46974.1049
1791305364,46970.722
1791305366,46975.8481
1791305368,46974.0597
1791305370,46982.9453
1791305372,46978.7941
1791305374,46983.5127
1791305376,46986.2318
1791305378,46984.8056
1791305380,46958.7654
1791305382,46963.2488
1791305384,46958.0002
1791305386,46969.9184
1791305388,46972.9555
1791305390,46964.377
1791305392,46966.3071
1791305394,46954.6076
1791305396,46949.5426
1791305398,46965.2981
1791305400,46956.3851
1791305402,46967.9058
1791305404,46959.3937
1791305406,46962.504
1791305408,46971.3346
1791305410,46975.0723
1791305412,46966.729
1791305414,46971.9367
1791305416,46975.8874
1791305418,46980.5296
1791305420,46993.8448
1791305422,46975.1829
1791305424,46974.739
1791305426,46982.5237
1791305428,46972.0488
1791305430,46979.9289
1791305432,46966.621
1791305434,46963.0947
1791305436,46955.3462
1791305438,46968.5595
1791305440,46963.5022
1791305442,46959.2474
1791305444,46944.5872
1791305446,46933.576
1791305448,46923.864
1791305450,46920.0592
1791305452,46935.2036
1791305454,46927.4002
1791305456,46936.9999
1791305458,46938.5532
1791305460,46947.0802
1791305462,46959.4251
1791305464,46958.2634
1791305466,46945.2499
1791305468,46956.9914
1791305470,46959.2681
1791305472,46971.1485
1791305474,46952.4272
1791305476,46941.5812
1791305478,46940.3623
1791305480,46952.3866
1791305482,46955.6762
1791305484,46951.3866
1791305486,46951.3841
1791305488,46951.4058
1791305490,46946.2711
1791305492,46941.7646
1791305494,46952.1492
1791305496,46948.8631
1791305498,46954.2468
1791305500,46943.1467
1791305502,46928.3418
1791305504,46926.8011
1791305506,46928.2469
1791305508,46916.7889
1791305510,46923.5434
1791305512,46925.8859
1791305514,46930.2576
1791305516,46936.3033
1791305518,46928.7311
1791305520,46923.6522
1791305522,46933.2865
1791305524,46940.2774
1791305526,46948.6894
1791305528,46945.6964
1791305530,46951.1674
1791305532,46966.271
1791305534,46973.9793
1791305536,46958.7757
1791305538,46953.206
1791305540,46957.2013
1791305542,46968.8546
1791305544,46976.5675
1791305546,46961.0661
1791305548,46962.5135
1791305550,46972.2578
1791305552,46973.9426
1791305554,46969.574
1791305556,46955.2644
1791305558,46949.8768
1791305560,46953.555
1791305562,46946.9945
1791305564,46943.9325
1791305566,46945.6157
1791305568,46948.5688
1791305570,46955.606
1791305572,46959.1263
1791305574,46970.6616
1791305576,46967.4942
1791305578,46978.8963
1791305580,46986.3041
1791305582,46989.9758
1791305584,46976.238
1791305586,46990.0453
1791305588,46997.2772
1791305590,46999.7296
1791305592,46998.4267
1791305594,46992.9625
1791305596,46991.3309
1791305598,46998.4041
1791305600,46999.5114
1791305602,47011.7332
1791305604,47009.069
1791305606,47013.4233
1791305608,47027.3389
1791305610,47025.4014
1791305612,47015.672
1791305614,47015.9395
1791305616,47016.0558
1791305618,46996.4795
1791305620,47001.1018
1791305622,47008.741
1791305624,47020.8293
1791305626,47010.6406
1791305628,47027.0698
1791305630,47024.5982
1791305632,47025.2543
1791305634,46999.5984
1791305636,47003.5338
1791305638,47010.6479
1791305640,47000.9856
1791305642,46999.4439
1791305644,46997.3506
1791305646,46994.8513
1791305648,47000.7346
1791305650,46993.55
1791305652,47005.5796
1791305654,47018.1675
1791305656,47015.385
1791305658,47016.9447
1791305660,47011.2585
1791305662,47020.5042
1791305664,47022.1936
1791305666,47037.7896
1791305668,47037.1589
1791305670,47031.4115
1791305672,47033.6093
1791305674,47033.0038
1791305676,47028.5093
1791305678,47035.6456
1791305680,47035.7206
1791305682,47030.1717
1791305684,47033.6278
1791305686,47037.5231
1791305688,47030.9283
1791305690,47027.0091
1791305692,47029.2739
1791305694,47016.7677
1791305696,47010.1502
1791305698,47005.811
1791305700,47010.0474
1791305702,47001.4099
1791305704,47022.958
1791305706,47025.2259
1791305708,47020.0824
1791305710,47018.126
1791305712,47030.7227
1791305714,47023.1696
1791305716,47029.9893
1791305718,47039.7356
1791305720,47034.2969
1791305722,47049.2353
1791305724,47050.5556
1791305726,47045.0562
1791305728,47048.6801
1791305730,47065.1443
1791305732,47065.3788
1791305734,47070.2492
1791305736,47074.4291
1791305738,47058.914
1791305740,47053.6094
1791305742,47060.2986
1791305744,47060.8032
1791305746,47044.1836
1791305748,47045.1721
1791305750,47037.9967
1791305752,47030.9737
1791305754,47032.0147
1791305756,47032.4462
1791305758,47041.6015
1791305760,47047.2917
1791305762,47030.4203
1791305764,47009.2358
1791305766,47007.7453
1791305768,46994.0816
1791305770,47008.2597
1791305772,47002.3886
1791305774,47004.1374
1791305776,47012.9662
1791305778,47010.2961
1791305780,47011.2345
1791305782,47027.2885
1791305784,47033.1616
1791305786,47032.7911
1791305788,47033.2393
1791305790,47029.4202
1791305792,47045.5082
1791305794,47040.426
1791305796,47035.4183
1791305798,47027.6875
1791305800,47017.582
1791305802,47015.9817
1791305804,47011.7476
1791305806,47004.8057
1791305808,47013.4618
1791305810,47011.3932
1791305812,47014.9333
1791305814,47001.2523
1791305816,46988.9286
1791305818,46969.7553
1791305820,46984.202
1791305822,46984.4026
1791305824,46987.1466
1791305826,46979.2155
1791305828,46968.4844
1791305830,46957.4293
1791305832,46958.1988
1791305834,46950.9938
1791305836,46943.4884
1791305838,46938.759
1791305840,46924.7255
1791305842,46921.2145
1791305844,46923.6289
1791305846,46925.7113
1791305848,46922.2875
1791305850,46919.9627
1791305852,46917.2794
1791305854,46895.0593
1791305856,46904.4928
1791305858,46908.8059
1791305860,46896.9403
1791305862,46910.3016
1791305864,46897.0259
1791305866,46892.186
1791305868,46892.8461
1791305870,46890.5485
1791305872,46886.0327
1791305874,46881.225
1791305876,46891.4079
1791305878,46912.2361
1791305880,46921.8327
1791305882,46924.2899
1791305884,46925.5008
1791305886,46927.6419
1791305888,46925.4058
1791305890,46929.1063
1791305892,46927.8173
1791305894,46933.6722
1791305896,46944.0761
1791305898,46935.3244
1791305900,46935.5302
1791305902,46934.9382
1791305904,46932.9347
1791305906,46934.124
1791305908,46949.3361
1791305910,46947.2451
1791305912,46961.4036
1791305914,46963.0261
1791305916,46973.4368
1791305918,46990.5937
1791305920,46976.0158
1791305922,46980.6696
1791305924,46985.093
1791305926,46981.1683
1791305928,46982.4497
1791305930,46984.4772
1791305932,46995.7297
1791305934,47002.9851
1791305936,47007.9295
1791305938,47009.3826
1791305940,47024.4115
1791305942,47036.9332
1791305944,47044.4791
1791305946,47047.7096
1791305948,47048.7778
1791305950,47077.203
1791305952,47084.3369
1791305954,47092.2734
1791305956,47099.2737
1791305958,47096.2771
1791305960,47118.1365
1791305962,47115.157
1791305964,47125.014
1791305966,47119.2975
1791305968,47128.18
1791305970,47137.2436
1791305972,47122.2379
1791305974,47121.1376
1791305976,47123.9993
1791305978,47125.553
1791305980,47108.3535
1791305982,47109.4135
1791305984,47101.0016
1791305986,47090.4603
1791305988,47071.397
1791305990,47088.3069
1791305992,47073.9098
1791305994,47061.8301
1791305996,47077.2862
1791305998,47078.1966
1791306000,47091.504
1791306002,47093.9564
1791306004,47080.0546
1791306006,47081.6665
1791306008,47061.1815
1791306010,47078.0736
1791306012,47090.6878
1791306014,47090.4632
1791306016,47087.2781
1791306018,47100.4021
1791306020,47092.8876
1791306022,47089.7111
1791306024,47088.4045
1791306026,47088.3926
1791306028,47081.8587
1791306030,47095.7043
1791306032,47104.2421
1791306034,47105.3317
1791306036,47089.8557
1791306038,47091.5478
1791306040,47078.3086
1791306042,47092.2551
1791306044,47083.1113
1791306046,47094.2204
1791306048,47089.5304
1791306050,47083.1476
1791306052,47095.2708
1791306054,47083.6401
1791306056,47089.5179
1791306058,47098.0297
1791306060,47113.1751
1791306062,47113.7261
1791306064,47108.014
1791306066,47115.882
1791306068,47120.43
1791306070,47114.659
1791306072,47121.2267
1791306074,47109.6311
1791306076,47119.5136
1791306078,47134.2114
1791306080,47125.2204
1791306082,47130.4613
1791306084,47149.5877
1791306086,47157.121
1791306088,47161.8768
1791306090,47162.9104
1791306092,47159.7777
1791306094,47169.5342
1791306096,47163.8878
1791306098,47173.5098
1791306100,47174.837
1791306102,47174.441
1791306104,47168.1701
1791306106,47167.8618
1791306108,47167.4004
1791306110,47178.5736
1791306112,47181.4449
1791306114,47189.4103
1791306116,47185.3328
1791306118,47174.1927
1791306120,47180.8119
1791306122,47190.0594
1791306124,47202.8839
1791306126,47196.6436
1791306128,47202.2416
1791306130,47195.1872
1791306132,47197.0812
1791306134,47197.5251
1791306136,47203.9745
1791306138,47214.7559
1791306140,47205.892
1791306142,47202.9629
1791306144,47199.0096
1791306146,47198.0935
1791306148,47209.1202
1791306150,47217.6111
1791306152,47217.8169
1791306154,47204.7344
1791306156,47193.3353
1791306158,47190.0174
1791306160,47193.8389
1791306162,47197.3416
1791306164,47208.3511
1791306166,47197.3186
1791306168,47200.686
1791306170,47208.4374
1791306172,47219.5747
1791306174,47218.9766
1791306176,47215.0019
1791306178,47225.4305
1791306180,47225.6038
1791306182,47235.9116
1791306184,47246.966
1791306186,47253.7208
1791306188,47254.1901
1791306190,47252.0375
1791306192,47266.0393
1791306194,47271.2664
1791306196,47253.5488
1791306198,47263.612
1791306200,47280.8916
1791306202,47285.4502
1791306204,47287.7102
1791306206,47266.9665
1791306208,47251.8582
1791306210,47247.5953
1791306212,47240.0283
1791306214,47232.9577
1791306216,47231.8443
1791306218,47230.3607
1791306220,47240.6209
1791306222,47233.8263
1791306224,47235.7828
1791306226,47238.5466
1791306228,47236.8029
1791306230,47241.0498
1791306232,47251.4243
1791306234,47261.2401
1791306236,47275.6701
1791306238,47286.0865
1791306240,47294.4136
1791306242,47298.7376
1791306244,47303.3312
1791306246,47289.8996
1791306248,47278.2179
1791306250,47280.5745
1791306252,47284.4725
1791306254,47274.6943
1791306256,47279.2536
1791306258,47276.6157
1791306260,47285.2172
1791306262,47279.6926
1791306264,47259.4179
1791306266,47252.2509
1791306268,47255.6096
1791306270,47269.9667
1791306272,47245.774
1791306274,47255.3208
1791306276,47254.0939
1791306278,47267.7522
1791306280,47274.8124
1791306282,47266.2632
1791306284,47263.3886
1791306286,47267.6728
1791306288,47282.5607
1791306290,47290.681
1791306292,47293.8889
1791306294,47298.7164
1791306296,47293.4638
1791306298,47287.3241
1791306300,47296.0303
1791306302,47304.2547
1791306304,47301.3278
1791306306,47293.4664
1791306308,47309.9954
1791306310,47304.2918
1791306312,47294.1786
1791306314,47299.4673
1791306316,47300.1968
1791306318,47297.5277
1791306320,47281.855
1791306322,47287.5906
1791306324,47269.8306
1791306326,47269.5057
1791306328,47260.8727
1791306330,47244.987
1791306332,47241.9431
1791306334,47249.0957
1791306336,47238.5401
1791306338,47247.9585
1791306340,47235.6502
1791306342,47233.4887
1791306344,47229.4795
1791306346,47225.3488
1791306348,47223.2416
1791306350,47232.291
1791306352,47237.4753
1791306354,47241.5023
1791306356,47232.4333
1791306358,47236.6724
1791306360,47229.6626
1791306362,47231.3375
1791306364,47243.2047
1791306366,47234.6058
1791306368,47241.4007
1791306370,47239.6476
1791306372,47246.1968
1791306374,47238.5703
1791306376,47219.0864
1791306378,47220.185
1791306380,47202.6889
1791306382,47199.3483
1791306384,47202.6608
1791306386,47207.5798
1791306388,47218.8509
1791306390,47219.7516
1791306392,47216.7468
1791306394,47203.5618
1791306396,47199.6487
1791306398,47208.8096
1791306400,47207.2552
1791306402,47220.4244
1791306404,47227.5452
1791306406,47223.1723
1791306408,47228.2115
1791306410,47241.86
1791306412,47232.7227
1791306414,47260.3559
1791306416,47247.9234
1791306418,47231.6015
1791306420,47220.4849
1791306422,47223.4919
1791306424,47233.8571
1791306426,47236.8635
1791306428,47245.6937
1791306430,47270.6128
1791306432,47287.8275
1791306434,47271.7022
1791306436,47276.7583
1791306438,47296.4906
1791306440,47288.5795
1791306442,47291.9253
1791306444,47287.2842
1791306446,47290.4736
1791306448,47287.6003
1791306450,47277.5101
1791306452,47277.914
1791306454,47273.3186
1791306456,47281.3515
1791306458,47290.8533
1791306460,47293.2762
1791306462,47300.5278
1791306464,47280.054
1791306466,47286.3334
1791306468,47274.3416
1791306470,47277.1304
1791306472,47277.7702
1791306474,47274.4336
1791306476,47274.8368
1791306478,47249.2897
1791306480,47252.395
1791306482,47258.92
1791306484,47233.7351
1791306486,47216.205
1791306488,47221.0105
1791306490,47231.9157
1791306492,47214.5437
1791306494,47212.6488
1791306496,47203.472
1791306498,47196.0904
1791306500,47206.2639
1791306502,47202.331
1791306504,47202.7835
1791306506,47212.8774
1791306508,47216.0435
1791306510,47220.4268
1791306512,47223.5386
1791306514,47216.1438
1791306516,47220.306
1791306518,47234.8645
1791306520,47227.2745
1791306522,47231.3066
1791306524,47228.682
1791306526,47231.3536
1791306528,47217.9384
1791306530,47229.5911
1791306532,47223.3786
1791306534,47232.4119
1791306536,47222.3262
1791306538,47214.5886
1791306540,47210.5697
1791306542,47228.2823
1791306544,47234.659
1791306546,47221.8617
1791306548,47216.9554
1791306550,47216.9764
1791306552,47223.7254
1791306554,47224.6772
1791306556,47221.6036
1791306558,47225.7859
1791306560,47226.1801
1791306562,47223.9448
1791306564,47229.6049
1791306566,47212.5986
1791306568,47207.7275
1791306570,47207.6066
1791306572,47218.7098
1791306574,47224.7838
1791306576,47222.208
1791306578,47230.5578
1791306580,47216.5806
1791306582,47202.3459
1791306584,47200.7676
1791306586,47196.3608
1791306588,47198.4862
1791306590,47197.1797
1791306592,47195.6384
1791306594,47191.4263
1791306596,47201.6995
1791306598,47191.1083
1791306600,47187.9273
1791306602,47182.7108
1791306604,47181.9064
1791306606,47180.1945
1791306608,47176.351
1791306610,47169.0284
1791306612,47169.7202
1791306614,47163.1275
1791306616,47160.5255
1791306618,47150.2866
1791306620,47138.616
1791306622,47135.1663
1791306624,47112.4587
1791306626,47107.1579
1791306628,47115.3725
1791306630,47110.0971
1791306632,47114.6992
1791306634,47100.1839
1791306636,47093.0933
1791306638,47094.9123
1791306640,47111.4564
1791306642,47111.1701
1791306644,47115.6555
1791306646,47114.0037
1791306648,47108.5929
1791306650,47107.8617
1791306652,47118.1801
1791306654,47131.1716
1791306656,47130.3354
1791306658,47125.8667
1791306660,47122.8524
1791306662,47120.3534
1791306664,47135.5288
1791306666,47119.3729
1791306668,47128.8062
1791306670,47146.3973
1791306672,47142.4771
1791306674,47156.3555
1791306676,47155.8526
1791306678,47152.6726
1791306680,47163.1684
1791306682,47176.4087
1791306684,47182.6592
1791306686,47186.4523
1791306688,47196.206
1791306690,47201.9255
1791306692,47197.5803
1791306694,47204.4585
1791306696,47206.7581
1791306698,47215.2916
1791306700,47196.1658
1791306702,47210.5767
1791306704,47215.7942
1791306706,47205.2779
1791306708,47197.9182
1791306710,47197.4571
1791306712,47189.3053
1791306714,47201.7087
1791306716,47203.9937
1791306718,47202.0563
1791306720,47190.8058
1791306722,47171.6845
1791306724,47165.4746
1791306726,47144.1628
1791306728,47133.3756
1791306730,47125.0139
1791306732,47131.724
1791306734,47138.5756
1791306736,47149.6522
1791306738,47139.6681
1791306740,47131.6429
1791306742,47133.8402
1791306744,47138.1198
1791306746,47131.6224
1791306748,47134.1284
1791306750,47136.2351
1791306752,47149.631
1791306754,47145.9742
1791306756,47150.9405
1791306758,47149.6665
1791306760,47142.9245
1791306762,47127.5082
1791306764,47123.8773
1791306766,47119.778
1791306768,47130.4489
1791306770,47143.3929
1791306772,47135.9656
1791306774,47129.1444
1791306776,47122.0947
1791306778,47127.1718
1791306780,47122.9204
1791306782,47120.2996
1791306784,47131.9352
1791306786,47141.0482
1791306788,47140.1679
1791306790,47138.8452
1791306792,47131.7904
1791306794,47143.6553
1791306796,47152.9684
1791306798,47166.38
1791306800,47154.7428
1791306802,47152.179
1791306804,47158.6215
1791306806,47157.1803
1791306808,47164.26
1791306810,47172.8693
1791306812,47166.0917
1791306814,47161.9489
1791306816,47151.229
1791306818,47149.3707
1791306820,47143.8971
1791306822,47144.1399
1791306824,47130.1306
1791306826,47136.3537
1791306828,47130.1467
1791306830,47139.8277
1791306832,47145.3426
1791306834,47149.9112
1791306836,47151.7647
1791306838,47171.0
1791306840,47171.6792
1791306842,47158.1495
1791306844,47147.8218
1791306846,47168.121
1791306848,47172.1514
1791306850,47183.3785
1791306852,47192.3574
1791306854,47177.9041
1791306856,47176.0003
1791306858,47165.7555
1791306860,47168.5515
1791306862,47161.6537
1791306864,47169.7087
1791306866,47164.8342
1791306868,47175.7092
1791306870,47177.07
1791306872,47168.1581
1791306874,47177.2368
1791306876,47173.8605
1791306878,47159.7786
1791306880,47159.4257
1791306882,47166.6417
1791306884,47174.5595
1791306886,47186.0162
1791306888,47185.0553
1791306890,47173.9953
1791306892,47164.6165
1791306894,47166.5047
1791306896,47163.2301
1791306898,47171.891
1791306900,47167.1866
1791306902,47150.3719
1791306904,47133.2262
1791306906,47149.2155
1791306908,47155.9327
1791306910,47174.2189
1791306912,47153.8667
1791306914,47147.2293
1791306916,47166.1661
1791306918,47174.4743
1791306920,47182.9798
1791306922,47196.1039
1791306924,47168.2683
1791306926,47163.9203
1791306928,47160.8063
1791306930,47158.7437
1791306932,47155.1904
1791306934,47152.1397
1791306936,47157.2557
1791306938,47168.4147
1791306940,47169.9281
1791306942,47153.2412
1791306944,47157.3286
1791306946,47150.8144
1791306948,47139.9629
1791306950,47155.4727
1791306952,47146.5954
1791306954,47138.98
1791306956,47145.7471
1791306958,47140.7867
1791306960,47145.472
1791306962,47155.2332
1791306964,47154.1433
1791306966,47152.9639
1791306968,47157.5032
1791306970,47162.4926
1791306972,47149.5975
1791306974,47156.1853
1791306976,47165.8668
1791306978,47153.1416
1791306980,47148.021
1791306982,47148.7481
1791306984,47138.7804
1791306986,47128.2023
1791306988,47141.5316
1791306990,47145.5593
1791306992,47135.7189
1791306994,47123.3519
1791306996,47132.6636
1791306998,47135.8575
1791307000,47130.2606
1791307002,47140.3089
1791307004,47137.7342
1791307006,47133.3821
1791307008,47127.4804
1791307010,47126.424
1791307012,47128.0355
1791307014,47142.174
1791307016,47148.3112
1791307018,47157.9653
1791307020,47146.4363
1791307022,47145.5667
1791307024,47143.026
1791307026,47138.5257
1791307028,47136.6745
1791307030,47132.7324
1791307032,47126.5206
1791307034,47123.787
1791307036,47109.304
1791307038,47115.1317
1791307040,47110.1366
1791307042,47120.8337
1791307044,47128.8142
1791307046,47114.9029
1791307048,47117.4122
1791307050,47110.7118
1791307052,47099.4405
1791307054,47113.8477
1791307056,47118.627
1791307058,47105.1464
1791307060,47117.8763
1791307062,47124.1018
1791307064,47123.974
1791307066,47131.329
1791307068,47141.1971
1791307070,47143.4944
1791307072,47154.3867
1791307074,47162.0217
1791307076,47157.9532
1791307078,47164.4277
1791307080,47159.8607
1791307082,47153.0049
1791307084,47156.4234
1791307086,47148.6536
1791307088,47159.6915
1791307090,47147.201
1791307092,47135.9696
1791307094,47138.4879
1791307096,47148.8415
1791307098,47158.6897
1791307100,47165.6774
1791307102,47168.8075
1791307104,47174.3348
1791307106,47184.1575
1791307108,47182.2488
1791307110,47178.9444
1791307112,47174.3041
1791307114,47179.2529
1791307116,47193.3254
1791307118,47204.0413
1791307120,47200.977
1791307122,47208.149
1791307124,47195.6808
1791307126,47207.4965
1791307128,47215.0815
1791307130,47201.439
1791307132,47196.4535
1791307134,47182.454
1791307136,47175.2621
1791307138,47171.2075
1791307140,47183.2528
1791307142,47185.2138
1791307144,47183.8183
1791307146,47183.8355
1791307148,47181.1916
1791307150,47190.0131
1791307152,47195.2706
1791307154,47181.1553
1791307156,47189.3499
1791307158,47177.5433
1791307160,47188.8863
1791307162,47181.3209
1791307164,47188.1834
1791307166,47201.9949
1791307168,47199.3146
1791307170,47206.6389
1791307172,47211.1861
1791307174,47201.922
1791307176,47204.3855
1791307178,47199.4338
1791307180,47197.5651
1791307182,47203.6436
1791307184,47202.3043
1791307186,47185.2326
1791307188,47186.6922
1791307190,47171.0633
1791307192,47169.6684
1791307194,47163.1399
1791307196,47160.2838
1791307198,47139.113
1791307200,47139.2318
1791307202,47132.9975
1791307204,47155.6818
1791307206,47157.5207
1791307208,47150.2394
1791307210,47146.4723
1791307212,47159.0921
1791307214,47163.7093
1791307216,47172.0394
1791307218,47175.0303
1791307220,47184.0615
1791307222,47176.3389
1791307224,47186.5768
1791307226,47176.4747
1791307228,47173.4063
1791307230,47168.77
1791307232,47180.6314
1791307234,47186.3256
1791307236,47181.7132
1791307238,47169.6236
1791307240,47175.5853
1791307242,47172.2104
1791307244,47175.8784
1791307246,47163.0849
1791307248,47159.9923
1791307250,47158.9637
1791307252,47162.9204
1791307254,47169.6532
1791307256,47168.1068
1791307258,47176.4619
1791307260,47184.5162
1791307262,47180.8154
1791307264,47181.3384
1791307266,47194.8346
1791307268,47178.8582
1791307270,47184.8394
1791307272,47183.7628
1791307274,47187.4863
1791307276,47188.1885
1791307278,47190.5242
1791307280,47199.4683
1791307282,47209.0746
1791307284,47217.6654
1791307286,47218.997
1791307288,47207.2721
1791307290,47188.3619
1791307292,47185.2329
1791307294,47194.916
1791307296,47183.453
1791307298,47183.0051
1791307300,47193.0862
1791307302,47192.8937
1791307304,47202.4947
1791307306,47205.1183
1791307308,47203.0784
1791307310,47176.2966
1791307312,47185.5545
1791307314,47182.8649
1791307316,47174.802
1791307318,47172.2364
1791307320,47163.6212
1791307322,47148.3993
1791307324,47141.9317
1791307326,47152.7188
1791307328,47158.0208
1791307330,47149.1057
1791307332,47154.9073
1791307334,47151.5228
1791307336,47149.06
1791307338,47129.4293
1791307340,47125.4883
1791307342,47136.9831
1791307344,47124.5634
1791307346,47119.8052
1791307348,47110.6131
1791307350,47113.0574
1791307352,47114.8103
1791307354,47115.9663
1791307356,47108.5789
1791307358,47106.6017
1791307360,47106.5174
1791307362,47116.8874
1791307364,47117.8792
1791307366,47120.2096
1791307368,47123.4512
1791307370,47120.381
1791307372,47111.4657
1791307374,47113.0953
1791307376,47107.4986
1791307378,47111.4602
1791307380,47110.4358
1791307382,47110.1561
1791307384,47107.665
1791307386,47113.3536
1791307388,47092.6998
1791307390,47073.9128
1791307392,47079.0952
1791307394,47064.5083
1791307396,47063.5665
1791307398,47060.7409
1791307400,47051.6749
1791307402,47050.8424
1791307404,47044.8669
1791307406,47045.5417
1791307408,47046.7832
1791307410,47056.3155
1791307412,47051.2164
1791307414,47050.6315
1791307416,47039.5166
1791307418,47030.4127
1791307420,47037.607
1791307422,47036.6224
1791307424,47040.5499
1791307426,47028.525
1791307428,47049.3538
1791307430,47051.2149
1791307432,47061.0398
1791307434,47073.9675
1791307436,47072.2444
1791307438,47059.4402
1791307440,47059.9209
1791307442,47065.1907
1791307444,47062.9388
1791307446,47058.9471
1791307448,47050.86
1791307450,47053.8855
1791307452,47043.387
1791307454,47028.1054
1791307456,47032.5117
1791307458,47032.0955
1791307460,47039.834
1791307462,47035.5173
1791307464,47023.2107
1791307466,47016.2147
1791307468,47026.6401
1791307470,47033.5093
1791307472,47034.4722
1791307474,47044.2343
1791307476,47059.8555
1791307478,47053.4108
1791307480,47049.9018
1791307482,47052.2053
1791307484,47048.202
1791307486,47050.7319
1791307488,47055.5476
1791307490,47044.9856
1791307492,47056.3117
1791307494,47065.1624
1791307496,47069.2753
1791307498,47072.8147
1791307500,47062.7999
1791307502,47066.3522
1791307504,47060.7564
1791307506,47054.7328
1791307508,47043.4654
1791307510,47042.7768
1791307512,47036.1268
1791307514,47042.1325
1791307516,47042.107
1791307518,47036.7974
1791307520,47033.5578
1791307522,47017.5928
1791307524,47012.9975
1791307526,47003.4587
1791307528,47004.3282
1791307530,47003.6761
1791307532,46998.544
1791307534,47005.9108
1791307536,47009.4928
1791307538,47013.8142
1791307540,47015.6952
1791307542,47025.2853
1791307544,47028.3443
1791307546,47014.1515
1791307548,47018.911
1791307550,47018.8697
1791307552,47016.8739
1791307554,47012.3103
1791307556,47013.3738
1791307558,47018.4806
1791307560,47018.2353
1791307562,47024.2078
1791307564,47012.514
1791307566,47012.4128
1791307568,47019.5853
1791307570,47028.8332
1791307572,47036.5866
1791307574,47039.8784
1791307576,47051.8775
1791307578,47054.0065
1791307580,47053.4451
1791307582,47054.4927
1791307584,47070.5672
1791307586,47077.8317
1791307588,47083.0944
1791307590,47073.6317
1791307592,47077.5391
1791307594,47065.0874
1791307596,47080.1765
1791307598,47079.5273
1791307600,47092.4109
1791307602,47093.9213
1791307604,47094.8832
1791307606,47088.7622
1791307608,47082.7849
1791307610,47067.3722
1791307612,47066.4296
1791307614,47069.0474
1791307616,47054.5386
1791307618,47055.8565
1791307620,47056.8888
1791307622,47066.6458
1791307624,47074.2383
1791307626,47086.8183
1791307628,47078.5077
1791307630,47085.2561
1791307632,47072.3821
1791307634,47066.1229
1791307636,47083.1718
1791307638,47088.8538
1791307640,47078.4886
1791307642,47074.2404
1791307644,47070.8552
1791307646,47062.8682
1791307648,47045.4287
1791307650,47044.9826
1791307652,47044.4377
1791307654,47031.8735
1791307656,47016.2613
1791307658,47029.356
1791307660,47033.6329
1791307662,47016.9418
1791307664,47026.1861
1791307666,47028.5986
1791307668,47009.2735
1791307670,47000.3154
1791307672,46993.1198
1791307674,46992.6222
1791307676,47006.5051
1791307678,47007.8798
1791307680,47014.8802
1791307682,47010.0586
1791307684,47007.119
1791307686,46997.207
1791307688,46997.8706
1791307690,47002.5718
1791307692,46999.7573
1791307694,46985.2854
1791307696,46995.0222
1791307698,47000.3854
1791307700,46990.1543
1791307702,46970.4421
1791307704,46985.9282
1791307706,46982.2959
1791307708,46987.6059
1791307710,46994.7451
1791307712,46998.1425
1791307714,46999.9211
1791307716,47022.365
1791307718,47040.1584
1791307720,47043.101
1791307722,47037.1377
1791307724,47036.9254
1791307726,47044.1094
1791307728,47057.1591
1791307730,47051.8884
1791307732,47038.0392
1791307734,47028.9683
1791307736,47027.4693
1791307738,47035.506
1791307740,47037.0528
1791307742,47060.7821
1791307744,47068.4412
1791307746,47065.5345
1791307748,47062.6453
1791307750,47057.5331
1791307752,47065.5279
1791307754,47062.1052
1791307756,47054.9802
1791307758,47039.7152
1791307760,47039.7729
1791307762,47043.2937
1791307764,47051.9985
1791307766,47049.3467
1791307768,47052.9182
1791307770,47054.344
1791307772,47072.296
1791307774,47072.9931
1791307776,47078.4662
1791307778,47084.8347
1791307780,47074.5519
1791307782,47084.1609
1791307784,47086.154
1791307786,47078.2829
1791307788,47070.8424
1791307790,47070.4989
1791307792,47060.9526
1791307794,47061.9913
1791307796,47061.0292
1791307798,47050.4581
1791307800,47055.0152
1791307802,47071.4433
1791307804,47067.1658
1791307806,47064.3855
1791307808,47067.4337
1791307810,47065.4424
1791307812,47063.1652
1791307814,47069.7478
1791307816,47069.814
1791307818,47068.484
1791307820,47074.1498
1791307822,47077.5309
1791307824,47084.2641
1791307826,47092.0791
1791307828,47094.4893
1791307830,47111.1738
1791307832,47112.7307
1791307834,47106.3204
1791307836,47113.053
1791307838,47121.0115
1791307840,47122.8835
1791307842,47112.3073
1791307844,47098.8468
1791307846,47125.1534
1791307848,47111.5818
1791307850,47111.6289
1791307852,47093.7842
1791307854,47080.562
1791307856,47077.3042
1791307858,47058.6051
1791307860,47053.1139
1791307862,47048.708
1791307864,47041.3454
1791307866,47047.1636
1791307868,47046.569
1791307870,47048.508
1791307872,47039.8326
1791307874,47031.6796
1791307876,47035.0666
1791307878,47026.0343
1791307880,47020.9399
1791307882,47023.397
1791307884,47030.2163
1791307886,47042.7543
1791307888,47045.9128
1791307890,47067.1957
1791307892,47064.133
1791307894,47048.4563
1791307896,47062.1197
1791307898,47067.7846
1791307900,47070.5601
1791307902,47080.321
1791307904,47076.9763
1791307906,47065.1837
1791307908,47062.7492
1791307910,47061.3569
1791307912,47055.3943
1791307914,47040.5017
1791307916,47041.0146
1791307918,47044.2217
1791307920,47053.7058
1791307922,47052.0008
1791307924,47068.3407
1791307926,47056.7397
1791307928,47043.3085
1791307930,47040.3844
1791307932,47041.1857
1791307934,47038.9539
1791307936,47034.1423
1791307938,47019.5853
1791307940,47018.3715
1791307942,47027.4744
1791307944,47034.9736
1791307946,47037.3293
1791307948,47038.3498
1791307950,47041.654
1791307952,47030.8259
1791307954,47019.2139
1791307956,47019.5363
1791307958,47005.7292
1791307960,47003.0061
1791307962,47000.7144
1791307964,46997.8256
1791307966,46992.3093
1791307968,46984.821
1791307970,46984.9688
1791307972,46992.8415
1791307974,47003.2178
1791307976,47004.035
1791307978,47006.2647
1791307980,47013.852
1791307982,47006.956
1791307984,47003.4118
1791307986,46992.3157
1791307988,46975.3171
1791307990,46952.9691
1791307992,46958.7618
1791307994,46952.6736
1791307996,46977.1628
1791307998,46982.3726
1791308000,46969.1834
1791308002,46960.1721
1791308004,46961.1719
1791308006,46967.4573
1791308008,46949.247
1791308010,46939.3759
1791308012,46941.8766
1791308014,46937.7368
1791308016,46949.6889
1791308018,46948.3806
1791308020,46961.1532
1791308022,46981.6984
1791308024,46968.9289
1791308026,46968.3246
1791308028,46961.1808
1791308030,46964.0956
1791308032,46947.6212
1791308034,46951.3788
1791308036,46954.589
1791308038,46954.4269
1791308040,46952.4709
1791308042,46966.7188
1791308044,46966.8375
1791308046,46962.699
1791308048,46951.4609
1791308050,46955.5181
1791308052,46954.1625
1791308054,46953.4617
1791308056,46964.3979
1791308058,46963.8745
1791308060,46957.2007
1791308062,46957.4597
1791308064,46968.338
1791308066,46964.0828
1791308068,46955.4474
1791308070,46952.0949
1791308072,46954.3612
1791308074,46956.5207
1791308076,46954.9482
1791308078,46943.3544
1791308080,46952.1104
1791308082,46961.6843
1791308084,46973.1746
1791308086,46961.6153
1791308088,46971.0004
1791308090,46977.9162
1791308092,46980.9172
1791308094,46979.5371
1791308096,46982.0133
1791308098,46972.3735
1791308100,46976.2887
1791308102,46974.7369
1791308104,46984.4602
1791308106,46973.2869
1791308108,46973.2211
1791308110,46968.7331
1791308112,46966.8632
1791308114,46967.0294
1791308116,46965.8325
1791308118,46963.6956
1791308120,46958.8283
1791308122,46952.4074
1791308124,46970.9954
1791308126,46978.7851
1791308128,46982.5488
1791308130,46980.7183
1791308132,46976.0067
1791308134,46987.1565
1791308136,47006.6092
1791308138,47002.6659
1791308140,47011.9409
1791308142,47009.1587
1791308144,47007.0067
1791308146,47001.7849
1791308148,47009.1659
1791308150,47023.1105
1791308152,47021.3061
1791308154,47014.5075
1791308156,47009.739
1791308158,47010.9606
1791308160,47018.356
1791308162,47023.9606
1791308164,47020.6087
1791308166,47017.4492
1791308168,47005.8162
1791308170,47013.7239
1791308172,47028.8676
1791308174,47041.2978
1791308176,47041.614
1791308178,47049.3307
1791308180,47046.13
1791308182,47037.496
1791308184,47035.3756
1791308186,47053.7265
1791308188,47048.5038
1791308190,47054.1853
1791308192,47049.1785
1791308194,47050.5596
1791308196,47044.4388
1791308198,47039.9948
1791308200,47039.7313
1791308202,47039.5677
1791308204,47032.481
1791308206,47025.9244
1791308208,47022.3544
1791308210,47019.4823
1791308212,47026.9538
1791308214,47025.6983
1791308216,47023.5196
1791308218,47016.5097
1791308220,47009.9722
1791308222,47024.167
1791308224,47026.9443
1791308226,47042.6862
1791308228,47046.7808
1791308230,47042.9857
1791308232,47046.3306
1791308234,47038.2992
1791308236,47031.6109
1791308238,47024.3363
1791308240,47028.8458
1791308242,47025.7253
1791308244,47029.1391
1791308246,47009.925
1791308248,47009.5678
1791308250,47014.7588
1791308252,47006.0593
1791308254,46996.6781
1791308256,46991.5907
1791308258,46986.8377
1791308260,46975.9162
1791308262,46971.8036
1791308264,46996.9929
1791308266,47018.9201
1791308268,47019.4148
1791308270,47025.2636
1791308272,47024.1759
1791308274,47029.853
1791308276,47046.545
1791308278,47051.7741
1791308280,47057.2318
1791308282,47090.2752
1791308284,47099.9707
1791308286,47086.464
1791308288,47099.6478
1791308290,47104.9265
1791308292,47113.1072
1791308294,47126.0882
1791308296,47127.6134
1791308298,47130.4116
1791308300,47119.1368
1791308302,47115.5964
1791308304,47110.3893
1791308306,47123.486
1791308308,47123.439
1791308310,47121.6622
1791308312,47128.4819
1791308314,47136.7486
1791308316,47133.0879
1791308318,47117.4392
1791308320,47114.6781
1791308322,47111.9524
1791308324,47117.9864
1791308326,47119.2492
1791308328,47138.0259
1791308330,47133.3724
1791308332,47136.997
1791308334,47149.5721
1791308336,47145.5881
1791308338,47145.6618
1791308340,47142.9437
1791308342,47146.0217
1791308344,47146.2275
1791308346,47153.9307
1791308348,47160.3505
1791308350,47147.1071
1791308352,47157.0943
1791308354,47159.8348
1791308356,47163.2396
1791308358,47178.3935
1791308360,47190.2466
1791308362,47196.4035
1791308364,47204.4408
1791308366,47219.5685
1791308368,47229.8499
1791308370,47239.3801
1791308372,47251.8484
1791308374,47257.7487
1791308376,47260.8683
1791308378,47268.0726
1791308380,47270.3491
1791308382,47264.3989
1791308384,47261.5697
1791308386,47261.2028
1791308388,47249.1386
1791308390,47251.3163
1791308392,47237.873
1791308394,47240.5064
1791308396,47238.0817
1791308398,47241.6304
1791308400,47248.9664
1791308402,47252.7857
1791308404,47245.1926
1791308406,47238.9514
1791308408,47240.4764
1791308410,47253.7061
1791308412,47244.3029
1791308414,47259.8216
1791308416,47253.8394
1791308418,47256.2115
1791308420,47250.9092
1791308422,47244.5428
1791308424,47244.7118
1791308426,47238.4358
1791308428,47236.9629
1791308430,47246.3714
1791308432,47230.8166
1791308434,47219.3342
1791308436,47207.4508
1791308438,47214.8158
1791308440,47202.174
1791308442,47201.2134
1791308444,47204.4569
1791308446,47207.158
1791308448,47204.5399
1791308450,47196.4282
1791308452,47198.3034
1791308454,47196.6867
1791308456,47203.056
1791308458,47225.9973
1791308460,47218.0338
1791308462,47234.3961
1791308464,47236.059
1791308466,47232.7896
1791308468,47229.44
1791308470,47239.9031
1791308472,47233.1546
1791308474,47238.9692
1791308476,47246.9911
1791308478,47257.0727
1791308480,47259.8047
1791308482,47263.6796
1791308484,47266.4922
1791308486,47261.6797
1791308488,47252.6002
1791308490,47246.8442
1791308492,47243.4261
1791308494,47236.4881
1791308496,47235.9266
1791308498,47233.7951
1791308500,47228.2391
1791308502,47218.5788
1791308504,47237.1996
1791308506,47235.5739
1791308508,47230.5419
1791308510,47236.9417
1791308512,47235.7467
1791308514,47246.0389
1791308516,47247.8261
1791308518,47253.8986
1791308520,47251.9831
1791308522,47245.1918
1791308524,47248.4444
1791308526,47264.5798
1791308528,47255.2304
1791308530,47253.9557
1791308532,47235.8025
1791308534,47247.4015
1791308536,47253.6308
1791308538,47260.5679
1791308540,47264.5833
1791308542,47270.6613
1791308544,47260.6804
1791308546,47259.7037
1791308548,47261.8762
1791308550,47256.8923
1791308552,47250.8048
1791308554,47244.1975
1791308556,47235.9078
1791308558,47235.2624
1791308560,47241.6338
1791308562,47238.1431
1791308564,47230.6387
1791308566,47242.8291
1791308568,47234.9867
1791308570,47230.2536
1791308572,47239.3431
1791308574,47254.9606
1791308576,47249.4907
1791308578,47235.0034
1791308580,47243.7443
1791308582,47245.9663
1791308584,47233.2121
1791308586,47229.34
1791308588,47221.1188
1791308590,47211.9783
1791308592,47197.5673
1791308594,47179.6792
1791308596,47182.628
1791308598,47200.522
1791308600,47196.8684
1791308602,47198.022
1791308604,47194.8361
1791308606,47187.6561
1791308608,47189.4645
1791308610,47191.4588
1791308612,47196.8464
1791308614,47189.4242
1791308616,47193.4989
1791308618,47204.8281
1791308620,47196.7426
1791308622,47200.811
1791308624,47189.8738
1791308626,47192.6105
1791308628,47187.9952
1791308630,47172.8066
1791308632,47169.7804
1791308634,47175.0629
1791308636,47172.3547
1791308638,47166.685
1791308640,47154.9411
1791308642,47159.709
1791308644,47155.1811
1791308646,47146.8085
1791308648,47133.6782
1791308650,47141.5315
1791308652,47129.7161
1791308654,47116.2077
1791308656,47128.4441
1791308658,47132.1216
1791308660,47131.3401
1791308662,47137.37
1791308664,47133.0572
1791308666,47148.9765
1791308668,47164.5313
1791308670,47151.4343
1791308672,47145.7905
1791308674,47139.3967
1791308676,47134.6011
1791308678,47142.5816
1791308680,47147.5156
1791308682,47150.3338
1791308684,47147.7258
1791308686,47131.9008
1791308688,47147.114
1791308690,47141.0707
1791308692,47138.1725
1791308694,47133.4062
1791308696,47122.587
1791308698,47112.7197
1791308700,47122.041
1791308702,47116.258
1791308704,47120.386
1791308706,47114.3549
1791308708,47113.2848
1791308710,47101.4203
1791308712,47109.6246
1791308714,47109.3326
1791308716,47118.5542
1791308718,47122.8069
1791308720,47145.3357
1791308722,47155.4732
1791308724,47157.9726
1791308726,47159.593
1791308728,47156.7057
1791308730,47154.9941
1791308732,47152.945
1791308734,47165.9617
1791308736,47165.1494
1791308738,47165.6295
1791308740,47164.9695
1791308742,47164.9937
1791308744,47168.8638
1791308746,47172.1435
1791308748,47171.7908
1791308750,47166.246
1791308752,47156.2973
1791308754,47162.2513
1791308756,47169.1009
1791308758,47172.5016
1791308760,47159.2523
1791308762,47160.2832
1791308764,47166.4722
1791308766,47166.9736
1791308768,47187.6074
1791308770,47187.3368
1791308772,47200.3661
1791308774,47186.2378
1791308776,47176.3859
1791308778,47183.0826
1791308780,47186.7507
1791308782,47196.3238
1791308784,47190.0987
1791308786,47192.6822
1791308788,47207.7169
1791308790,47218.1558
1791308792,47216.3375
1791308794,47215.3794
1791308796,47223.0651
1791308798,47216.6049
1791308800,47222.5199
1791308802,47225.0197
1791308804,47210.4526
1791308806,47197.2757
1791308808,47197.4764
1791308810,47204.4736
1791308812,47204.1463
1791308814,47193.7292
1791308816,47198.2348
1791308818,47186.6233
1791308820,47166.6228
1791308822,47175.0211
1791308824,47171.9053
1791308826,47173.4012
1791308828,47171.0651
1791308830,47179.0041
1791308832,47188.4104
1791308834,47205.3504
1791308836,47204.216
1791308838,47218.925
1791308840,47224.763
1791308842,47231.1687
1791308844,47233.9847
1791308846,47233.5867
1791308848,47221.8268
1791308850,47224.1213
1791308852,47225.9643
1791308854,47223.5106
1791308856,47228.2358
1791308858,47250.2296
1791308860,47262.276
1791308862,47262.9906
1791308864,47274.5216
1791308866,47263.8899
1791308868,47257.3586
1791308870,47259.3458
1791308872,47265.1589
1791308874,47260.8477
1791308876,47269.4589
1791308878,47241.2721
1791308880,47230.2802
1791308882,47239.8636
1791308884,47234.2485
1791308886,47227.6509
1791308888,47236.2247
1791308890,47236.9626
1791308892,47230.6539
1791308894,47244.123
1791308896,47236.958
1791308898,47223.5257
1791308900,47226.2607
1791308902,47225.9295
1791308904,47227.9625
1791308906,47243.7742
1791308908,47237.269
1791308910,47221.8051
1791308912,47220.4198
1791308914,47211.3567
1791308916,47213.3951
1791308918,47216.5296
1791308920,47234.4754
1791308922,47243.0096
1791308924,47236.9555
1791308926,47228.7059
1791308928,47231.3771
1791308930,47240.6557
1791308932,47247.4679
1791308934,47245.3547
1791308936,47253.4779
1791308938,47262.6237
1791308940,47264.7899
1791308942,47267.7518
1791308944,47265.6106
1791308946,47239.8692
1791308948,47250.8919
1791308950,47245.5943
1791308952,47241.1201
1791308954,47235.2124
1791308956,47246.1631
1791308958,47247.1481
1791308960,47235.5439
1791308962,47228.1857
1791308964,47225.9551
1791308966,47222.4795
1791308968,47234.2125
1791308970,47229.7499
1791308972,47224.0388
1791308974,47226.8869
1791308976,47212.7558
1791308978,47200.7074
1791308980,47195.0357
1791308982,47190.9479
1791308984,47193.8121
1791308986,47183.461
1791308988,47171.7944
1791308990,47170.3747
1791308992,47173.3707
1791308994,47168.173
1791308996,47179.5628
1791308998,47186.9548
1791309000,47176.9132
1791309002,47175.5582
1791309004,47179.8552
1791309006,47174.5526
1791309008,47177.3998
1791309010,47181.027
1791309012,47195.3631
1791309014,47197.8017
1791309016,47201.4178
1791309018,47185.118
1791309020,47173.4169
1791309022,47167.8097
1791309024,47160.4064
1791309026,47172.4861
1791309028,47174.4532
1791309030,47168.1181
1791309032,47159.9507
1791309034,47169.5873
1791309036,47157.9925
1791309038,47154.8672
1791309040,47157.2091
1791309042,47148.8002
1791309044,47167.3329
1791309046,47175.5666
1791309048,47183.5795
1791309050,47183.2389
1791309052,47169.0279
1791309054,47165.7464
1791309056,47160.1876
1791309058,47149.9947
1791309060,47158.6039
1791309062,47160.8109
1791309064,47157.8203
1791309066,47166.4402
1791309068,47161.0101
1791309070,47162.9396
1791309072,47156.5794
1791309074,47154.9114
1791309076,47158.4589
1791309078,47151.6373
1791309080,47152.1235
1791309082,47151.0945
1791309084,47152.1134
1791309086,47166.2561
1791309088,47164.7403
1791309090,47168.508
1791309092,47170.372
1791309094,47171.5027
1791309096,47188.0238
1791309098,47183.8164
1791309100,47184.0497
1791309102,47183.2892
1791309104,47181.8048
1791309106,47200.7571
1791309108,47204.9897
1791309110,47203.0747
1791309112,47206.3497
1791309114,47205.573
1791309116,47200.5199
1791309118,47207.9337
1791309120,47194.8773
1791309122,47195.9143
1791309124,47210.3542
1791309126,47224.328
1791309128,47210.9155
1791309130,47204.3896
1791309132,47203.0999
1791309134,47205.2629
1791309136,47229.772
1791309138,47221.7797
1791309140,47221.2987
1791309142,47220.9304
1791309144,47224.5001
1791309146,47232.9911
1791309148,47221.6446
1791309150,47221.5124
1791309152,47217.5432
1791309154,47211.2656
1791309156,47219.2497
1791309158,47226.4349
1791309160,47223.6839
1791309162,47238.8143
1791309164,47219.269
1791309166,47218.7403
1791309168,47219.4976
1791309170,47228.5514
1791309172,47216.1316
1791309174,47203.4424
1791309176,47202.7457
1791309178,47217.1917
1791309180,47235.2615
1791309182,47217.7577
1791309184,47205.4502
1791309186,47201.5176
1791309188,47191.8353
1791309190,47193.9611
1791309192,47191.5844
1791309194,47189.5273
1791309196,47184.1816
1791309198,47193.6834
1791309200,47192.7912
1791309202,47186.1886
1791309204,47197.2547
1791309206,47185.7534
1791309208,47188.5402
1791309210,47171.9373
1791309212,47171.6496
1791309214,47179.6908
1791309216,47187.5701
1791309218,47191.7459
1791309220,47185.4685
1791309222,47195.3402
1791309224,47202.0353
1791309226,47205.4092
1791309228,47205.2895
1791309230,47205.0739
1791309232,47188.9261
1791309234,47177.6849
1791309236,47175.5646
1791309238,47180.317
1791309240,47186.1544
1791309242,47185.1675
1791309244,47191.5343
1791309246,47196.8033
1791309248,47194.2119
1791309250,47194.9111
1791309252,47199.5542
1791309254,47195.0134
1791309256,47201.0121
1791309258,47190.5756
1791309260,47183.4449
1791309262,47190.9932
1791309264,47196.1101
1791309266,47187.3578
1791309268,47187.3904
1791309270,47190.3192
1791309272,47196.4675
1791309274,47197.7149
1791309276,47192.2296
1791309278,47174.3403
1791309280,47181.2079
1791309282,47177.5773
1791309284,47176.715
1791309286,47175.1068
1791309288,47159.57
1791309290,47157.3473
1791309292,47157.8401
1791309294,47165.905
1791309296,47166.8545
1791309298,47168.0127
1791309300,47171.0933
1791309302,47172.3695
1791309304,47185.6942
1791309306,47184.3789
1791309308,47203.0243
1791309310,47195.3843
1791309312,47200.5561
1791309314,47198.8091
1791309316,47199.097
1791309318,47197.6881
1791309320,47185.3953
1791309322,47182.9773
1791309324,47184.2781
1791309326,47189.4703
1791309328,47177.4805
1791309330,47171.1134
1791309332,47164.0891
1791309334,47160.2875
1791309336,47181.9414
1791309338,47173.4526
1791309340,47179.7514
1791309342,47182.4482
1791309344,47186.3004
1791309346,47181.2525
1791309348,47175.519
1791309350,47170.8723
1791309352,47187.3243
1791309354,47187.985
1791309356,47194.4449
1791309358,47213.634
1791309360,47217.6769
1791309362,47212.8384
1791309364,47206.6494
1791309366,47178.6274
1791309368,47167.8867
1791309370,47174.7853
1791309372,47170.0056
1791309374,47172.3169
1791309376,47168.811
1791309378,47154.6209
1791309380,47153.9967
1791309382,47172.6982
1791309384,47171.9587
1791309386,47172.9173
1791309388,47171.5665
1791309390,47174.7104
1791309392,47171.2082
1791309394,47161.3089
1791309396,47160.4088
1791309398,47155.799
1791309400,47149.2989
1791309402,47144.7741
1791309404,47148.6455
1791309406,47155.5719
1791309408,47170.3443
1791309410,47162.9933
1791309412,47153.0718
1791309414,47157.7448
1791309416,47152.8819
1791309418,47164.8132
1791309420,47168.1557
1791309422,47164.7783
1791309424,47144.7933
1791309426,47149.7424
1791309428,47149.2143
1791309430,47148.9776
1791309432,47145.9279
1791309434,47150.9654
1791309436,47155.4689
1791309438,47147.1346
1791309440,47150.4552
1791309442,47160.2264
1791309444,47157.8016
1791309446,47161.9949
1791309448,47165.0647
1791309450,47145.6004
1791309452,47141.4532
1791309454,47158.1366
1791309456,47158.6443
1791309458,47149.5406
1791309460,47161.5064
1791309462,47158.9559
1791309464,47155.9152
1791309466,47159.5496
1791309468,47157.5887
1791309470,47150.7831
1791309472,47135.6715
1791309474,47121.4227
1791309476,47113.0111
1791309478,47116.9128
1791309480,47118.2981
1791309482,47104.0163
1791309484,47090.5204
1791309486,47090.4487
1791309488,47088.9022
1791309490,47076.8919
1791309492,47059.0995
1791309494,47050.3237
1791309496,47045.8557
1791309498,47049.8895
1791309500,47047.422
1791309502,47055.5197
1791309504,47069.7793
1791309506,47085.787
1791309508,47079.7409
1791309510,47087.9395
1791309512,47086.7417
1791309514,47094.5951
1791309516,47094.9275
1791309518,47099.7833
1791309520,47101.8141
1791309522,47097.3233
1791309524,47088.7965
1791309526,47077.4686
1791309528,47082.4408
1791309530,47084.0074
1791309532,47088.7274
1791309534,47102.5836
1791309536,47097.8477
1791309538,47081.7853
1791309540,47085.1556
1791309542,47090.0356
1791309544,47091.0572
1791309546,47090.9658
1791309548,47088.1763
1791309550,47084.6598
1791309552,47084.4286
1791309554,47105.5278
1791309556,47104.7827
1791309558,47102.4647
1791309560,47119.034
1791309562,47118.9353
1791309564,47110.9506
1791309566,47121.3307
1791309568,47122.1184
1791309570,47133.0683
1791309572,47142.0377
1791309574,47153.9079
1791309576,47165.6164
1791309578,47185.5376
1791309580,47168.0787
1791309582,47172.2669
1791309584,47169.9481
1791309586,47172.8168
1791309588,47170.5139
1791309590,47154.9535
1791309592,47156.5104
1791309594,47150.1344
1791309596,47142.3164
1791309598,47144.8649
1791309600,47159.3313
1791309602,47157.8471
1791309604,47164.6064
1791309606,47178.7002
1791309608,47184.5385
1791309610,47176.5441
1791309612,47169.1664
1791309614,47170.5072
1791309616,47155.7546
1791309618,47159.48
1791309620,47154.8372
1791309622,47144.2435
1791309624,47155.1363
1791309626,47165.2261
1791309628,47163.4091
1791309630,47179.4146
1791309632,47180.9888
1791309634,47174.467
1791309636,47179.4589
1791309638,47185.7547
1791309640,47184.7977
1791309642,47181.2226
1791309644,47192.6596
1791309646,47188.4451
1791309648,47191.9248
1791309650,47182.8592
1791309652,47208.3186
1791309654,47208.3312
1791309656,47198.0944
1791309658,47205.8111
1791309660,47201.1697
1791309662,47193.9827
1791309664,47196.8882
1791309666,47187.5523
1791309668,47186.2046
1791309670,47174.8277
1791309672,47171.3632
1791309674,47187.2528
1791309676,47207.2014
1791309678,47223.4947
1791309680,47219.6937
1791309682,47228.6948
1791309684,47235.4262
1791309686,47235.977
1791309688,47243.7065
1791309690,47255.0336
1791309692,47246.9064
1791309694,47233.0653
1791309696,47225.2108
1791309698,47220.2351
1791309700,47213.3412
1791309702,47229.1704
1791309704,47227.4769
1791309706,47228.0181
1791309708,47231.7529
1791309710,47223.6392
1791309712,47224.6274
1791309714,47230.1686
1791309716,47231.981
1791309718,47233.4028
1791309720,47242.3751
1791309722,47248.7146
1791309724,47250.005
1791309726,47253.7257
1791309728,47265.0097
1791309730,47254.8378
1791309732,47257.098
1791309734,47255.6415
1791309736,47237.4497
1791309738,47234.8085
1791309740,47241.8345
1791309742,47242.426
1791309744,47243.1237
1791309746,47237.7844
1791309748,47231.2273
1791309750,47237.8341
1791309752,47227.4283
1791309754,47230.1449
1791309756,47229.2033
1791309758,47233.4887
1791309760,47243.2764
1791309762,47242.0304
1791309764,47253.3266
1791309766,47247.0948
1791309768,47245.5192
1791309770,47240.5149
1791309772,47231.5097
1791309774,47233.0008
1791309776,47229.659
1791309778,47222.9363
1791309780,47223.7617
1791309782,47217.7989
1791309784,47218.6987
1791309786,47220.3716
1791309788,47218.5097
1791309790,47216.4564
1791309792,47216.1437
1791309794,47215.0245
1791309796,47222.4026
1791309798,47221.5029
1791309800,47232.7468
1791309802,47244.3088
1791309804,47245.2651
1791309806,47243.2339
1791309808,47234.4375
1791309810,47213.4348
1791309812,47220.643
1791309814,47218.0421
1791309816,47226.2082
1791309818,47236.5696
1791309820,47244.9119
1791309822,47250.6579
1791309824,47268.6856
1791309826,47260.6455
1791309828,47270.152
1791309830,47270.3476
1791309832,47273.5359
1791309834,47277.2339
1791309836,47287.518
1791309838,47292.3137
1791309840,47293.4525
1791309842,47296.344
1791309844,47295.3548
1791309846,47309.9775
1791309848,47306.5592
1791309850,47302.4934
1791309852,47300.1686
1791309854,47299.2514
1791309856,47296.4837
1791309858,47289.166
1791309860,47288.4391
1791309862,47280.0756
1791309864,47284.5154
1791309866,47296.7677
1791309868,47304.3825
1791309870,47310.3761
1791309872,47311.2413
1791309874,47312.2292
1791309876,47307.4707
1791309878,47320.9913
1791309880,47317.5569
1791309882,47325.4812
1791309884,47324.98
1791309886,47327.9532
1791309888,47325.8644
1791309890,47323.3632
1791309892,47329.1454
1791309894,47342.5478
1791309896,47337.9731
1791309898,47352.7768
1791309900,47346.1951
1791309902,47355.5684
1791309904,47342.4505
1791309906,47355.8947
1791309908,47362.4663
1791309910,47370.5211
1791309912,47371.1868
1791309914,47366.0364
1791309916,47384.504
1791309918,47376.6865
1791309920,47383.1295
1791309922,47373.5687
1791309924,47369.2907
1791309926,47377.0519
1791309928,47382.0787
1791309930,47389.2275
1791309932,47396.9708
1791309934,47401.5525
1791309936,47401.4902
1791309938,47413.1786
1791309940,47406.359
1791309942,47400.7345
1791309944,47391.3765
1791309946,47371.6677
1791309948,47384.5634
1791309950,47384.7693
1791309952,47383.3023
1791309954,47383.2059
1791309956,47379.4065
1791309958,47390.0471
1791309960,47388.3994
1791309962,47398.5549
1791309964,47391.8209
1791309966,47397.303
1791309968,47393.4853
1791309970,47395.0261
1791309972,47389.8225
1791309974,47401.889
1791309976,47388.1349
1791309978,47393.9842
1791309980,47387.013
1791309982,47396.9787
1791309984,47385.8333
1791309986,47383.3892
1791309988,47390.9892
1791309990,47393.2703
1791309992,47379.7204
1791309994,47369.0491
1791309996,47358.7025
1791309998,47342.97
1791310000,47338.298
1791310002,47318.468
1791310004,47328.0799
1791310006,47328.6645
1791310008,47319.3609
1791310010,47322.4092
1791310012,47329.4798
1791310014,47324.4893
1791310016,47325.5186
1791310018,47328.929
1791310020,47324.295
1791310022,47306.743
1791310024,47293.9764
1791310026,47310.34
1791310028,47305.0459
1791310030,47300.6867
1791310032,47301.8804
1791310034,47298.1494
1791310036,47304.6345
1791310038,47319.7263
1791310040,47313.3396
1791310042,47313.9409
1791310044,47323.3667
1791310046,47326.1475
1791310048,47324.5374
1791310050,47326.7867
1791310052,47332.3561
1791310054,47338.8221
1791310056,47351.4644
1791310058,47343.0634
1791310060,47341.4833
1791310062,47337.6529
1791310064,47348.0749
1791310066,47333.4475
1791310068,47320.1994
1791310070,47323.4945
1791310072,47332.7089
1791310074,47354.636
1791310076,47347.6721
1791310078,47334.0526
1791310080,47332.29
1791310082,47333.2853
1791310084,47330.8365
1791310086,47332.8636
1791310088,47344.2585
1791310090,47343.3458
1791310092,47347.3197
1791310094,47362.706
1791310096,47362.1562
1791310098,47384.7488
1791310100,47383.829
1791310102,47397.8154
1791310104,47402.6188
1791310106,47402.7411
1791310108,47391.5062
1791310110,47395.8777
1791310112,47380.5725
1791310114,47378.4225
1791310116,47378.9467
1791310118,47372.9405
1791310120,47364.5897
1791310122,47362.87
1791310124,47349.3228
1791310126,47339.9913
1791310128,47338.5525
1791310130,47342.0245
1791310132,47342.3816
1791310134,47350.646
1791310136,47357.075
1791310138,47366.124
1791310140,47350.0302
1791310142,47336.3736
1791310144,47329.6282
1791310146,47341.9819
1791310148,47339.9895
1791310150,47334.7612
1791310152,47339.4362
1791310154,47345.693
1791310156,47348.7657
1791310158,47352.523
1791310160,47350.2371
1791310162,47360.081
1791310164,47353.0769
1791310166,47356.7942
1791310168,47356.2711
1791310170,47360.0923
1791310172,47351.9279
1791310174,47353.2738
1791310176,47350.8507
1791310178,47361.2101
1791310180,47355.4473
1791310182,47354.3233
1791310184,47364.3752
1791310186,47350.9818
1791310188,47349.3388
1791310190,47359.9957
1791310192,47346.2435
1791310194,47346.6565
1791310196,47342.1995
1791310198,47321.212
1791310200,47326.46
1791310202,47326.4173
1791310204,47321.2447
1791310206,47328.9631
1791310208,47329.6703
1791310210,47317.314
1791310212,47309.4973
1791310214,47308.9017
1791310216,47296.5653
1791310218,47269.7936
1791310220,47282.5789
1791310222,47296.8775
1791310224,47291.6832
1791310226,47291.2925
1791310228,47296.5693
1791310230,47277.9622
1791310232,47273.5166
1791310234,47297.7324
1791310236,47288.9873
1791310238,47288.7918
1791310240,47299.6287
1791310242,47310.3161
1791310244,47308.7219
1791310246,47323.3997
1791310248,47324.8586
1791310250,47329.7896
1791310252,47334.0906
1791310254,47314.9799
1791310256,47324.2912
1791310258,47305.8123
1791310260,47317.8883
1791310262,47310.5146
1791310264,47311.8939
1791310266,47305.7148
1791310268,47316.416
1791310270,47316.9342
1791310272,47313.4985
1791310274,47310.9167
1791310276,47312.0235
1791310278,47330.0392
1791310280,47335.3915
1791310282,47332.7008
1791310284,47349.2326
1791310286,47349.3576
1791310288,47354.4996
1791310290,47359.7267
1791310292,47352.7752
1791310294,47351.3035
1791310296,47366.0862
1791310298,47372.0781
1791310300,47374.5032
1791310302,47383.2364
1791310304,47382.2154
1791310306,47382.1879
1791310308,47369.4526
1791310310,47369.0683
1791310312,47362.6988
1791310314,47366.6832
1791310316,47350.3376
1791310318,47366.7546
1791310320,47360.9899
1791310322,47377.0314
1791310324,47380.5868
1791310326,47368.0331
1791310328,47353.3262
1791310330,47352.9003
1791310332,47352.0489
1791310334,47340.6352
1791310336,47360.9659
1791310338,47362.9455
1791310340,47377.9351
1791310342,47375.4572
1791310344,47362.4551
1791310346,47357.7334
1791310348,47366.0847
1791310350,47352.9447
1791310352,47354.0118
1791310354,47353.8497
1791310356,47347.368
1791310358,47345.7149
1791310360,47342.7835
1791310362,47353.3246
1791310364,47355.795
1791310366,47334.9472
1791310368,47344.1434
1791310370,47353.3123
1791310372,47350.1165
1791310374,47339.7972
1791310376,47340.9471
1791310378,47347.1574
1791310380,47363.8033
1791310382,47353.8241
1791310384,47360.4709
1791310386,47351.9465
1791310388,47353.8543
1791310390,47354.6169
1791310392,47371.3433
1791310394,47364.8405
1791310396,47362.0098
1791310398,47372.7119
1791310400,47383.8469
1791310402,47376.5686
1791310404,47383.4437
1791310406,47404.684
1791310408,47407.4821
1791310410,47405.2795
1791310412,47399.6108
1791310414,47399.4564
1791310416,47404.7791
1791310418,47391.1162
1791310420,47388.0066
1791310422,47409.1051
1791310424,47411.9351
1791310426,47424.6399
1791310428,47427.952
1791310430,47427.8349
1791310432,47420.7422
1791310434,47425.58
1791310436,47435.1916
1791310438,47453.4188
1791310440,47443.87
1791310442,47451.3286
1791310444,47438.3785
1791310446,47431.7972
1791310448,47440.4021
1791310450,47438.1451
1791310452,47441.8452
1791310454,47439.888
1791310456,47421.922
1791310458,47418.1558
1791310460,47419.9097
1791310462,47427.0417
1791310464,47422.2796
1791310466,47422.0763
1791310468,47424.1333
1791310470,47426.8477
1791310472,47421.3287
1791310474,47426.225
1791310476,47437.6009
1791310478,47431.9517
1791310480,47433.4556
1791310482,47429.7383
1791310484,47430.7303
1791310486,47441.6358
1791310488,47428.7193
1791310490,47442.6496
1791310492,47443.4507
1791310494,47447.8979
1791310496,47450.7995
1791310498,47436.2137
1791310500,47440.8122
1791310502,47431.9604
1791310504,47424.901
1791310506,47423.9067
1791310508,47420.5291
1791310510,47429.0237
1791310512,47414.2764
1791310514,47427.182
1791310516,47419.0213
1791310518,47424.0679
1791310520,47431.7971
1791310522,47428.8189
1791310524,47416.3493
1791310526,47424.7862
1791310528,47442.3886
1791310530,47434.5635
1791310532,47441.2856
1791310534,47435.3163
1791310536,47441.1348
1791310538,47439.0072
1791310540,47439.59
1791310542,47428.5226
1791310544,47428.1242
1791310546,47428.3722
1791310548,47426.7317
1791310550,47422.284
1791310552,47431.435
1791310554,47431.705
1791310556,47432.081
1791310558,47436.5846
1791310560,47439.4893
1791310562,47440.7625
1791310564,47451.0744
1791310566,47449.2603
1791310568,47442.2024
1791310570,47441.8588
1791310572,47449.8595
1791310574,47463.1276
1791310576,47463.7728
1791310578,47470.8111
1791310580,47476.9308
1791310582,47474.6553
1791310584,47484.5412
1791310586,47495.8257
1791310588,47496.4003
1791310590,47502.5867
1791310592,47524.9952
1791310594,47525.9631
1791310596,47511.29
1791310598,47517.4228
1791310600,47512.2357
1791310602,47519.2414
1791310604,47516.9006
1791310606,47502.6462
1791310608,47494.9826
1791310610,47502.5856
1791310612,47484.8617
1791310614,47491.7185
1791310616,47490.9546
1791310618,47484.8998
1791310620,47479.9135
1791310622,47478.642
1791310624,47468.1824
1791310626,47469.6902
1791310628,47462.8504
1791310630,47458.6105
1791310632,47446.3236
1791310634,47448.0646
1791310636,47436.4783
1791310638,47427.0043
1791310640,47436.6922
1791310642,47445.2738
1791310644,47441.3751
1791310646,47443.9316
1791310648,47450.8074
1791310650,47456.8242
1791310652,47451.6802
1791310654,47434.0204
1791310656,47435.6807
1791310658,47435.8647
1791310660,47435.8054
1791310662,47440.3414
1791310664,47432.4138
1791310666,47404.1195
1791310668,47414.2259
1791310670,47423.6922
1791310672,47418.9882
1791310674,47412.1152
1791310676,47411.2255
1791310678,47410.9485
1791310680,47410.5778
1791310682,47403.8867
1791310684,47410.6932
1791310686,47408.6045
1791310688,47418.1209
1791310690,47414.8837
1791310692,47430.0446
1791310694,47443.0256
1791310696,47453.9698
1791310698,47450.2151
1791310700,47455.3766
1791310702,47453.7341
1791310704,47441.6644
1791310706,47448.36
1791310708,47454.0754
1791310710,47448.454
1791310712,47443.2595
1791310714,47443.3361
1791310716,47442.8829
1791310718,47446.7428
1791310720,47439.4488
1791310722,47447.5744
1791310724,47451.7616
1791310726,47440.8071
1791310728,47435.1397
1791310730,47425.0147
1791310732,47428.2554
1791310734,47432.0541
1791310736,47436.1439
1791310738,47441.2134
1791310740,47430.7408
1791310742,47434.5217
1791310744,47418.0306
1791310746,47406.1651
1791310748,47406.2923
1791310750,47407.3172
1791310752,47395.7944
1791310754,47398.5899
1791310756,47409.7181
1791310758,47410.3462
1791310760,47415.4486
1791310762,47400.682
1791310764,47397.0368
1791310766,47403.0874
1791310768,47401.874
1791310770,47415.55
1791310772,47421.4814
1791310774,47417.9366
1791310776,47412.4666
1791310778,47432.039
1791310780,47429.5369
1791310782,47440.8344
1791310784,47447.8334
1791310786,47460.1141
1791310788,47465.7304
1791310790,47459.2502
1791310792,47468.8886
1791310794,47473.518
1791310796,47483.0868
1791310798,47490.766
1791310800,47484.7919
1791310802,47487.2429
1791310804,47484.7179
1791310806,47489.6403
1791310808,47503.4116
1791310810,47505.0205
1791310812,47516.5326
1791310814,47515.5801
1791310816,47499.4403
1791310818,47503.3764
1791310820,47501.3448
1791310822,47485.1274
1791310824,47492.404
1791310826,47487.8929
1791310828,47469.2338
1791310830,47474.9716
1791310832,47476.4993
1791310834,47478.0454
1791310836,47480.4574
1791310838,47472.1294
1791310840,47479.8209
1791310842,47482.8649
1791310844,47482.3179
1791310846,47475.3884
1791310848,47480.6457
1791310850,47494.3087
1791310852,47483.9043
1791310854,47480.6662
1791310856,47480.6532
1791310858,47475.6004
1791310860,47475.8236
1791310862,47490.0054
1791310864,47494.3719
1791310866,47498.7286
1791310868,47512.3763
1791310870,47525.1882
1791310872,47501.3085
1791310874,47490.0272
1791310876,47493.2395
1791310878,47485.9897
1791310880,47481.8035
1791310882,47470.253
1791310884,47456.2042
1791310886,47461.5899
1791310888,47449.4771
1791310890,47444.1981
1791310892,47443.5142
1791310894,47459.7174
1791310896,47460.8855
1791310898,47468.6346
1791310900,47464.4688
1791310902,47462.6224
1791310904,47457.6745
1791310906,47467.8762
1791310908,47463.2561
1791310910,47450.1644
1791310912,47468.8768
1791310914,47466.1684
1791310916,47473.7827
1791310918,47461.0172
1791310920,47464.948
1791310922,47477.3821
1791310924,47483.1083
1791310926,47483.5583
1791310928,47485.4372
1791310930,47446.138
1791310932,47445.5186
1791310934,47461.9081
1791310936,47468.3482
1791310938,47481.3628
1791310940,47472.2643
1791310942,47463.8591
1791310944,47454.4214
1791310946,47446.4604
1791310948,47447.5596
1791310950,47455.9197
1791310952,47447.8222
1791310954,47438.8719
1791310956,47429.5757
1791310958,47424.4029
1791310960,47432.9609
1791310962,47426.4449
1791310964,47430.0591
1791310966,47420.3173
1791310968,47405.7679
1791310970,47406.9382
1791310972,47394.5841
1791310974,47393.475
1791310976,47378.5749
1791310978,47387.6753
1791310980,47385.399
1791310982,47396.9393
1791310984,47390.4552
1791310986,47390.2278
1791310988,47383.9861
1791310990,47392.8944
1791310992,47402.0924
1791310994,47395.116
1791310996,47398.7942
1791310998,47408.9472
1791311000,47400.7922
1791311002,47398.8603
1791311004,47381.1413
1791311006,47378.5656
1791311008,47382.812
1791311010,47367.8683
1791311012,47368.0367
1791311014,47377.2991
1791311016,47369.707
1791311018,47362.4618
1791311020,47368.3329
1791311022,47360.4604
1791311024,47369.4428
1791311026,47354.6137
1791311028,47345.758
1791311030,47346.3089
1791311032,47329.2972
1791311034,47320.9996
1791311036,47311.1545
1791311038,47312.2816
1791311040,47324.7041
1791311042,47316.8575
1791311044,47315.6154
1791311046,47310.6493
1791311048,47303.9526
1791311050,47301.3635
1791311052,47297.2361
1791311054,47307.9255
1791311056,47306.7919
1791311058,47307.031
1791311060,47311.9467
1791311062,47311.8456
1791311064,47317.4577
1791311066,47321.4745
1791311068,47331.2313
1791311070,47342.4823
1791311072,47344.0798
1791311074,47339.1528
1791311076,47342.8664
1791311078,47340.5713
1791311080,47332.4646
1791311082,47330.5888
1791311084,47337.8101
1791311086,47338.3003
1791311088,47339.35
1791311090,47334.0109
1791311092,47323.7838
1791311094,47312.7878
1791311096,47318.1575
1791311098,47314.4637
1791311100,47318.4003
1791311102,47320.705
1791311104,47328.4966
1791311106,47335.8168
1791311108,47332.0082
1791311110,47329.7826
1791311112,47334.3912
1791311114,47337.8571
1791311116,47342.8407
1791311118,47352.864
1791311120,47360.2091
1791311122,47357.2009
1791311124,47356.2107
1791311126,47358.8416
1791311128,47359.6517
1791311130,47348.0899
1791311132,47343.1022
1791311134,47344.551
1791311136,47347.1642
1791311138,47360.6689
1791311140,47357.4875
1791311142,47374.4889
1791311144,47368.7256
1791311146,47360.2371
1791311148,47356.7856
1791311150,47360.4762
1791311152,47328.2772
1791311154,47316.5992
1791311156,47312.8399
1791311158,47329.5891
1791311160,47318.1456
1791311162,47310.0427
1791311164,47316.805
1791311166,47310.3154
1791311168,47315.1401
1791311170,47322.7762
1791311172,47310.9579
1791311174,47294.4925
1791311176,47280.1955
1791311178,47283.5013
1791311180,47272.0618
1791311182,47272.2431
1791311184,47284.0956
1791311186,47266.6168
1791311188,47273.5669
1791311190,47268.5122
1791311192,47262.4596
1791311194,47267.5125
1791311196,47274.8318
1791311198,47277.085
1791311200,47265.6437
1791311202,47264.1597
1791311204,47246.7798
1791311206,47251.4432
1791311208,47234.795
1791311210,47230.1301
1791311212,47217.4207
1791311214,47232.3538
1791311216,47222.41
1791311218,47213.9946
1791311220,47226.9212
1791311222,47234.9086
1791311224,47234.6651
1791311226,47242.1121
1791311228,47254.8548
1791311230,47248.2557
1791311232,47247.3765
1791311234,47256.0885
1791311236,47246.6097
1791311238,47231.5122
1791311240,47239.3551
1791311242,47227.7073
1791311244,47221.4704
1791311246,47210.1691
1791311248,47206.0594
1791311250,47203.6596
1791311252,47199.5111
1791311254,47202.5858
1791311256,47200.3657
1791311258,47195.1565
1791311260,47193.7709
1791311262,47184.658
1791311264,47177.1351
1791311266,47161.8516
1791311268,47170.6346
1791311270,47170.0868
1791311272,47168.5997
1791311274,47159.6191
1791311276,47156.3317
1791311278,47159.1938
1791311280,47154.6162
1791311282,47154.4031
1791311284,47142.7684
1791311286,47134.8559
1791311288,47148.7343
1791311290,47156.1248
1791311292,47147.8327
1791311294,47157.4727
1791311296,47163.7525
1791311298,47155.2005
1791311300,47160.9244
1791311302,47149.9856
1791311304,47139.9902
1791311306,47150.1457
1791311308,47154.5276
1791311310,47162.6996
1791311312,47163.8125
1791311314,47155.7492
1791311316,47161.799
1791311318,47153.0326
1791311320,47165.4514
1791311322,47173.3799
1791311324,47177.3498
1791311326,47168.8831
1791311328,47169.7073
1791311330,47156.2688
1791311332,47152.392
1791311334,47152.0556
1791311336,47145.6409
1791311338,47143.0652
1791311340,47146.108
1791311342,47137.4052
1791311344,47130.9524
1791311346,47130.8018
1791311348,47130.6505
1791311350,47129.374
1791311352,47117.1971
1791311354,47107.8617
1791311356,47103.4698
1791311358,47115.0454
1791311360,47107.2033
1791311362,47114.4173
1791311364,47123.5155
1791311366,47132.8721
1791311368,47130.1804
1791311370,47116.9278
1791311372,47128.097
1791311374,47127.2994
1791311376,47110.2031
1791311378,47116.6246
1791311380,47110.1203
1791311382,47107.4537
1791311384,47105.7526
1791311386,47109.3267
1791311388,47098.8524
1791311390,47107.9337
1791311392,47111.6867
1791311394,47108.7365
1791311396,47114.7443
1791311398,47122.5119
1791311400,47141.9694
1791311402,47158.5556
1791311404,47131.3739
1791311406,47141.5743
1791311408,47126.6026
1791311410,47121.2434
1791311412,47123.7926
1791311414,47129.092
1791311416,47136.298
1791311418,47131.5793
1791311420,47134.8087
1791311422,47143.2649
1791311424,47157.1677
1791311426,47167.1395
1791311428,47164.8229
1791311430,47164.5113
1791311432,47172.9557
1791311434,47162.4215
1791311436,47175.7961
1791311438,47176.0415
1791311440,47159.2506
1791311442,47154.3671
1791311444,47162.0945
1791311446,47158.1125
1791311448,47154.9438
1791311450,47155.9629
1791311452,47174.1001
1791311454,47176.7178
1791311456,47166.4194
1791311458,47164.6601
1791311460,47151.2467
1791311462,47144.3548
1791311464,47137.7572
1791311466,47128.3015
1791311468,47119.7215
1791311470,47116.0522
1791311472,47111.5198
1791311474,47102.6235
1791311476,47101.6424
1791311478,47095.5201
1791311480,47103.2345
1791311482,47112.3704
1791311484,47113.2914
1791311486,47113.6603
1791311488,47123.4637
1791311490,47125.9063
1791311492,47130.2687
1791311494,47128.1145
1791311496,47129.301
1791311498,47144.5495
1791311500,47139.6972
1791311502,47142.7248
1791311504,47142.7967
1791311506,47120.0642
1791311508,47120.5818
1791311510,47142.6521
1791311512,47148.6611
1791311514,47144.4651
1791311516,47157.813
1791311518,47166.4578
1791311520,47168.1101
1791311522,47164.6458
1791311524,47176.9259
1791311526,47185.6069
1791311528,47174.4342
1791311530,47180.1748
1791311532,47188.4358
1791311534,47186.2998
1791311536,47186.5833
1791311538,47172.744
1791311540,47182.2817
1791311542,47180.7541
1791311544,47166.7742
1791311546,47144.2172
1791311548,47141.4546
1791311550,47142.5003
1791311552,47137.855
1791311554,47122.8107
1791311556,47129.731
1791311558,47119.7761
1791311560,47111.3627
1791311562,47093.3124
1791311564,47097.8639
1791311566,47094.678
1791311568,47088.8009
1791311570,47085.7787
1791311572,47099.5337
1791311574,47108.9825
1791311576,47124.3977
1791311578,47125.4855
1791311580,47129.0219
1791311582,47130.4614
1791311584,47144.778
1791311586,47150.8961
1791311588,47157.6961
1791311590,47158.5757
1791311592,47158.6178
1791311594,47177.6104
1791311596,47166.8766
1791311598,47163.3712
1791311600,47175.5586
1791311602,47172.7991
1791311604,47167.7737
1791311606,47166.2883
1791311608,47166.9534
1791311610,47174.6138
1791311612,47188.0025
1791311614,47187.1407
1791311616,47184.3278
1791311618,47189.5423
1791311620,47190.4734
1791311622,47190.1666
1791311624,47179.1943
1791311626,47172.008
1791311628,47163.7083
1791311630,47148.2344
1791311632,47144.5206
1791311634,47133.6131
1791311636,47128.2529
1791311638,47104.4209
1791311640,47097.5809
1791311642,47104.6889
1791311644,47109.611
1791311646,47115.467
1791311648,47118.237
1791311650,47118.3938
1791311652,47100.9865
1791311654,47096.2376
1791311656,47097.967
1791311658,47090.856
1791311660,47085.6702
1791311662,47088.276
1791311664,47076.878
1791311666,47081.8586
1791311668,47089.3972
1791311670,47093.0214
1791311672,47096.0261
1791311674,47097.2455
1791311676,47118.5405
1791311678,47130.7906
1791311680,47141.1176
1791311682,47142.8019
1791311684,47138.0232
1791311686,47132.7136
1791311688,47130.4594
1791311690,47121.5996
1791311692,47120.5183
1791311694,47115.903
1791311696,47124.9052
1791311698,47122.1418
1791311700,47121.6322
1791311702,47146.5725
1791311704,47141.467
1791311706,47132.5144
1791311708,47128.2287
1791311710,47132.7027
1791311712,47128.8063
1791311714,47127.8098
1791311716,47137.5436
1791311718,47142.7587
1791311720,47160.7893
1791311722,47154.5951
1791311724,47163.171
1791311726,47144.9451
1791311728,47154.0758
1791311730,47150.4102
1791311732,47165.9988
1791311734,47169.6021
1791311736,47157.2538
1791311738,47154.3918
1791311740,47154.2165
1791311742,47151.5521
1791311744,47151.7742
1791311746,47160.9105
1791311748,47180.2456
1791311750,47179.9825
1791311752,47171.2512
1791311754,47182.0334
1791311756,47184.403
1791311758,47167.6951
1791311760,47155.2537
1791311762,47172.9502
1791311764,47185.6531
1791311766,47187.5551
1791311768,47196.083
1791311770,47191.7356
1791311772,47208.2444
1791311774,47216.3902
1791311776,47222.6014
1791311778,47230.2398
1791311780,47232.5864
1791311782,47224.1887
1791311784,47221.0582
1791311786,47219.6924
1791311788,47223.2292
1791311790,47220.4565
1791311792,47222.8971
1791311794,47220.7371
1791311796,47206.4645
1791311798,47203.9417
1791311800,47192.5899
1791311802,47186.3592
1791311804,47188.5836
1791311806,47197.65
1791311808,47211.5879
1791311810,47199.024
1791311812,47193.3834
1791311814,47204.4848
1791311816,47222.8163
1791311818,47201.129
1791311820,47199.1594
1791311822,47191.7106
1791311824,47210.0108
1791311826,47208.5177
1791311828,47215.1706
1791311830,47219.6549
1791311832,47225.6865
1791311834,47244.6917
1791311836,47251.478
1791311838,47255.3999
1791311840,47251.9041
1791311842,47256.7956
1791311844,47243.6362
1791311846,47239.9245
1791311848,47240.6545
1791311850,47247.5464
1791311852,47249.9683
1791311854,47262.8651
1791311856,47259.8749
1791311858,47266.9662
1791311860,47254.8112
1791311862,47257.4462
1791311864,47258.2443
1791311866,47259.1137
1791311868,47266.716
1791311870,47260.0838
1791311872,47258.9067
1791311874,47248.5567
1791311876,47243.7651
1791311878,47255.9768
1791311880,47255.0596
1791311882,47242.5201
1791311884,47250.6707
1791311886,47249.138
1791311888,47239.4277
1791311890,47250.663
1791311892,47256.0734
1791311894,47258.7998
1791311896,47266.9632
1791311898,47267.1463
1791311900,47266.2223
1791311902,47281.9861
1791311904,47288.799
1791311906,47291.4554
1791311908,47297.4883
1791311910,47305.1613
1791311912,47313.8275
1791311914,47306.329
1791311916,47310.2246
1791311918,47318.6303
1791311920,47303.7267
1791311922,47314.9381
1791311924,47327.4652
1791311926,47336.1505
1791311928,47320.4154
1791311930,47322.8824
1791311932,47319.6375
1791311934,47308.49
1791311936,47303.1522
1791311938,47320.2439
1791311940,47315.7019
1791311942,47302.623
1791311944,47307.8888
1791311946,47311.6802
1791311948,47317.9005
1791311950,47321.0117
1791311952,47316.689
1791311954,47314.8312
1791311956,47326.7625
1791311958,47335.8842
1791311960,47321.4696
1791311962,47318.4145
1791311964,47317.2786
1791311966,47315.045
1791311968,47323.2386
1791311970,47331.1997
1791311972,47331.0553
1791311974,47345.0794
1791311976,47342.029
1791311978,47332.4465
1791311980,47321.1288
1791311982,47337.7195
1791311984,47327.6838
1791311986,47321.352
1791311988,47328.7496
1791311990,47335.7765
1791311992,47330.1436
1791311994,47325.4802
1791311996,47310.7443
1791311998,47312.8544
1791312000,47310.0173
1791312002,47315.6969
1791312004,47298.178
1791312006,47297.7377
1791312008,47293.4673
1791312010,47286.7644
1791312012,47281.6109
1791312014,47283.279
1791312016,47294.6403
1791312018,47295.7355
1791312020,47306.7541
1791312022,47309.7918
1791312024,47317.7553
1791312026,47314.0021
1791312028,47311.1011
1791312030,47310.4898
1791312032,47316.0298
1791312034,47331.4031
1791312036,47304.2346
1791312038,47278.2367
1791312040,47279.2952
1791312042,47265.7576
1791312044,47252.5326
1791312046,47256.8861
1791312048,47250.1133
1791312050,47242.3645
1791312052,47234.0555
1791312054,47243.8683
1791312056,47243.9867
1791312058,47243.4454
1791312060,47250.3694
1791312062,47253.0892
1791312064,47258.1423
1791312066,47267.2942
1791312068,47251.0843
1791312070,47254.6128
1791312072,47263.1054
1791312074,47279.0846
1791312076,47279.3516
1791312078,47269.4866
1791312080,47275.4739
1791312082,47280.6408
1791312084,47276.2569
1791312086,47275.3058
1791312088,47270.1763
1791312090,47272.6227
1791312092,47271.3221
1791312094,47266.7864
1791312096,47266.6209
1791312098,47281.3435
1791312100,47277.7379
1791312102,47269.1683
1791312104,47272.2471
1791312106,47276.9161
1791312108,47276.7551
1791312110,47280.5934
1791312112,47271.7834
1791312114,47276.7967
1791312116,47271.0428
1791312118,47276.4683
1791312120,47275.2898
1791312122,47269.5164
1791312124,47265.7523
1791312126,47250.2995
1791312128,47248.6715
1791312130,47242.7128
1791312132,47231.7969
1791312134,47235.5737
1791312136,47228.7783
1791312138,47221.6279
1791312140,47219.9299
1791312142,47217.9433
1791312144,47199.1215
1791312146,47199.0444
1791312148,47208.4741
1791312150,47194.6831
1791312152,47188.7929
1791312154,47190.2399
1791312156,47196.9663
1791312158,47190.5587
1791312160,47172.6894
1791312162,47178.1109
1791312164,47171.3031
1791312166,47177.3701
1791312168,47183.5651
1791312170,47184.1139
1791312172,47185.448
1791312174,47182.5377
1791312176,47190.1317
1791312178,47194.5956
1791312180,47201.1155
1791312182,47211.9026
1791312184,47217.701
1791312186,47222.376
1791312188,47222.1222
1791312190,47217.9279
1791312192,47224.7011
1791312194,47227.6462
1791312196,47242.068
1791312198,47248.9918
1791312200,47248.5259
1791312202,47245.0716
1791312204,47239.2034
1791312206,47222.5015
1791312208,47226.8024
1791312210,47248.0641
1791312212,47242.1342
1791312214,47251.05
1791312216,47245.1695
1791312218,47242.071
1791312220,47238.7478
1791312222,47225.7768
1791312224,47218.3379
1791312226,47214.6051
1791312228,47221.2831
1791312230,47227.8118
1791312232,47237.4934
1791312234,47237.0795
1791312236,47220.3679
1791312238,47209.1633
1791312240,47214.9795
1791312242,47233.6135
1791312244,47248.85
1791312246,47244.6901
1791312248,47259.4211
1791312250,47266.9296
1791312252,47265.8269
1791312254,47263.1321
1791312256,47271.1368
1791312258,47262.2809
1791312260,47270.8412
1791312262,47281.492
1791312264,47273.0186
1791312266,47261.6701
1791312268,47262.8583
1791312270,47266.8828
1791312272,47281.1181
1791312274,47277.3883
1791312276,47278.8474
1791312278,47272.2171
1791312280,47272.0634
1791312282,47289.605
1791312284,47297.2375
1791312286,47302.5758
1791312288,47309.4711
1791312290,47311.7612
1791312292,47313.9155
1791312294,47322.9783
1791312296,47331.4197
1791312298,47313.1083
1791312300,47317.7597
1791312302,47315.4303
1791312304,47323.3295
1791312306,47328.1062
1791312308,47330.6976
1791312310,47331.0907
1791312312,47320.4995
1791312314,47305.69
1791312316,47306.7626
1791312318,47316.5759
1791312320,47311.6349
1791312322,47305.6812
1791312324,47312.3282
1791312326,47320.8862
1791312328,47318.0406
1791312330,47335.1017
1791312332,47341.5872
1791312334,47342.5066
1791312336,47325.0182
1791312338,47340.769
1791312340,47333.5351
1791312342,47328.4134
1791312344,47314.6358
1791312346,47310.7549
1791312348,47300.4819
1791312350,47316.9843
1791312352,47303.928
1791312354,47293.9145
1791312356,47285.2708
1791312358,47290.8732
1791312360,47305.5543
1791312362,47315.3791
1791312364,47302.4477
1791312366,47302.1851
1791312368,47298.2837
1791312370,47305.553
1791312372,47301.7711
1791312374,47309.3291
1791312376,47312.8531
1791312378,47329.0319
1791312380,47330.5075
1791312382,47321.9675
1791312384,47327.0978
1791312386,47318.2171
1791312388,47332.434
1791312390,47340.4044
1791312392,47338.5332
1791312394,47345.317
1791312396,47328.7827
1791312398,47335.183
1791312400,47339.8973
1791312402,47339.4363
1791312404,47314.262
1791312406,47317.3497
1791312408,47333.5475
1791312410,47310.1949
1791312412,47322.6659
1791312414,47309.0779
1791312416,47292.8471
1791312418,47299.4088
1791312420,47298.0598
1791312422,47289.7568
1791312424,47273.0428
1791312426,47268.414
1791312428,47268.7938
1791312430,47271.686
1791312432,47262.4844
1791312434,47266.7405
1791312436,47264.6977
1791312438,47269.3374
1791312440,47268.6302
1791312442,47264.692
1791312444,47279.574
1791312446,47277.3936
1791312448,47273.5754
1791312450,47264.4215
1791312452,47266.3101
1791312454,47269.919
1791312456,47270.7656
1791312458,47259.3507
1791312460,47259.3002
1791312462,47272.4162
1791312464,47268.2833
1791312466,47265.0679
1791312468,47264.4946
1791312470,47264.272
1791312472,47264.0928
1791312474,47262.3568
1791312476,47273.161
1791312478,47277.4132
1791312480,47262.265
1791312482,47274.8288
1791312484,47258.7554
1791312486,47251.3457
1791312488,47246.755
1791312490,47251.2425
1791312492,47250.3386
1791312494,47244.2801
1791312496,47241.1136
1791312498,47245.2305
1791312500,47266.9856
1791312502,47269.3785
1791312504,47266.9161
1791312506,47267.9847
1791312508,47264.0214
1791312510,47265.3956
1791312512,47272.8008
1791312514,47270.5834
1791312516,47270.6682
1791312518,47276.0288
1791312520,47283.0867
1791312522,47294.6684
1791312524,47307.0293
1791312526,47308.953
1791312528,47311.4959
1791312530,47300.5426
1791312532,47302.196
1791312534,47304.9056
1791312536,47302.8713
1791312538,47305.3234
1791312540,47319.0377
1791312542,47323.5236
1791312544,47331.5195
1791312546,47340.6802
1791312548,47338.1904
1791312550,47338.2831
1791312552,47322.043
1791312554,47330.0484
1791312556,47321.6572
1791312558,47317.4498
1791312560,47319.4471
1791312562,47311.3644
1791312564,47322.777
1791312566,47333.7704
1791312568,47335.5378
1791312570,47322.9712
1791312572,47314.7004
1791312574,47315.1016
1791312576,47305.9946
1791312578,47302.3904
1791312580,47296.9536
1791312582,47279.9245
1791312584,47268.7521
1791312586,47283.9593
1791312588,47278.91
1791312590,47296.6412
1791312592,47302.5176
1791312594,47300.554
1791312596,47296.033
1791312598,47290.018
1791312600,47282.8336
1791312602,47290.0209
1791312604,47287.1293
1791312606,47295.9571
1791312608,47283.842
1791312610,47268.6361
1791312612,47269.4326
1791312614,47266.922
1791312616,47260.5573
1791312618,47254.1168
1791312620,47257.3698
1791312622,47252.0682
1791312624,47238.8648
1791312626,47235.5465
1791312628,47228.4541
1791312630,47225.3612
1791312632,47220.6819
1791312634,47222.546
1791312636,47221.7751
1791312638,47222.0765
1791312640,47218.1328
1791312642,47224.1598
1791312644,47243.0778
1791312646,47237.9497
1791312648,47224.8608
1791312650,47225.4151
1791312652,47222.0477
1791312654,47220.9282
1791312656,47230.7479
1791312658,47243.8558
1791312660,47251.1479
1791312662,47248.375
1791312664,47259.2514
1791312666,47248.039
1791312668,47264.8086
1791312670,47254.0288
1791312672,47245.2171
1791312674,47241.2247
1791312676,47241.6941
1791312678,47241.9151
1791312680,47231.5602
1791312682,47224.3217
1791312684,47233.649
1791312686,47222.7735
1791312688,47217.1931
1791312690,47207.2141
1791312692,47211.2867
1791312694,47200.538
1791312696,47199.4316
1791312698,47194.0582
1791312700,47202.4046
1791312702,47207.3629
1791312704,47210.7872
1791312706,47223.5114
1791312708,47222.2068
1791312710,47223.941
1791312712,47221.3816
1791312714,47224.8515
1791312716,47234.985
1791312718,47230.6098
1791312720,47238.5505
1791312722,47237.9671
1791312724,47237.3491
1791312726,47244.0072
1791312728,47235.1461
1791312730,47245.5404
1791312732,47254.2667
1791312734,47271.0349
1791312736,47265.0094
1791312738,47276.1811
1791312740,47281.7752
1791312742,47284.1608
1791312744,47263.9706
1791312746,47274.8826
1791312748,47278.497
1791312750,47288.3557
1791312752,47290.6813
1791312754,47288.971
1791312756,47282.9006
1791312758,47285.267
1791312760,47291.2542
1791312762,47287.0439
1791312764,47295.5731
1791312766,47304.8302
1791312768,47301.6838
1791312770,47294.7826
1791312772,47290.772
1791312774,47284.7977
1791312776,47300.4541
1791312778,47287.5664
1791312780,47272.4886
1791312782,47258.356
1791312784,47259.2158
1791312786,47250.1001
1791312788,47249.4842
1791312790,47245.1014
1791312792,47244.8364
1791312794,47245.9582
1791312796,47243.8311
1791312798,47232.4741
1791312800,47223.7352
1791312802,47222.9977
1791312804,47211.4575
1791312806,47206.3495
1791312808,47212.839
1791312810,47225.9091
1791312812,47234.6707
1791312814,47240.281
1791312816,47229.4436
1791312818,47228.9435
1791312820,47227.1539
1791312822,47219.6428
1791312824,47217.4217
1791312826,47204.0717
1791312828,47195.4241
1791312830,47190.7416
1791312832,47201.8824
1791312834,47204.8074
1791312836,47222.7889
1791312838,47213.1217
1791312840,47209.3453
1791312842,47211.1307
1791312844,47226.6841
1791312846,47224.592
1791312848,47230.6552
1791312850,47228.0621
1791312852,47227.4425
1791312854,47226.9928
1791312856,47231.8348
1791312858,47232.2726
1791312860,47224.4804
1791312862,47233.7619
1791312864,47245.7261
1791312866,47226.4494
1791312868,47226.5474
1791312870,47239.0823
1791312872,47241.3016
1791312874,47236.9169
1791312876,47238.9006
1791312878,47238.0848
1791312880,47250.1708
1791312882,47251.5948
1791312884,47246.7099
1791312886,47251.4071
1791312888,47243.2679
1791312890,47258.0254
1791312892,47245.176
1791312894,47237.0638
1791312896,47241.7662
1791312898,47244.164
1791312900,47246.2203
1791312902,47261.261
1791312904,47277.0604
1791312906,47276.5191
1791312908,47265.6191
1791312910,47262.749
1791312912,47260.6323
1791312914,47281.1834
1791312916,47274.913
1791312918,47282.411
1791312920,47281.551
1791312922,47288.2443
1791312924,47291.2551
1791312926,47275.749
1791312928,47269.014
1791312930,47263.4147
1791312932,47278.8161
1791312934,47291.4203
1791312936,47283.9329
1791312938,47283.0531
1791312940,47286.3674
1791312942,47297.5352
1791312944,47297.1296
1791312946,47304.6841
1791312948,47305.0026
1791312950,47303.0362
1791312952,47318.3728
1791312954,47339.3088
1791312956,47346.6691
1791312958,47359.7727
1791312960,47361.7573
1791312962,47364.8333
1791312964,47357.303
1791312966,47363.0194
1791312968,47361.2246
1791312970,47361.3244
1791312972,47355.828
1791312974,47367.263
1791312976,47359.369
1791312978,47362.7875
1791312980,47375.1768
1791312982,47366.8594
1791312984,47357.7868
1791312986,47350.2897
1791312988,47372.5054
1791312990,47378.5545
1791312992,47388.1125
1791312994,47387.2142
1791312996,47374.7519
1791312998,47360.6239
1791313000,47360.1266
1791313002,47343.4167
1791313004,47344.4024
1791313006,47331.5853
1791313008,47335.2764
1791313010,47330.7346
1791313012,47342.8039
1791313014,47354.7647
1791313016,47349.9059
1791313018,47346.7942
1791313020,47357.5072
1791313022,47362.9156
1791313024,47353.3946
1791313026,47334.5903
1791313028,47337.6455
1791313030,47341.4894
1791313032,47344.1983
1791313034,47350.1183
1791313036,47352.3211
1791313038,47353.8996
1791313040,47353.7483
1791313042,47363.4916
1791313044,47351.3102
1791313046,47362.3286
1791313048,47355.5891
1791313050,47362.4706
1791313052,47353.0657
1791313054,47338.5251
1791313056,47343.306
1791313058,47309.9833
1791313060,47301.8312
1791313062,47297.2802
1791313064,47277.8172
1791313066,47273.1955
1791313068,47269.8218
1791313070,47271.9218
1791313072,47288.1889
1791313074,47295.2955
1791313076,47294.2916
1791313078,47298.9211
1791313080,47287.0231
1791313082,47296.4951
1791313084,47298.5777
1791313086,47297.997
1791313088,47291.9021
1791313090,47292.7838
1791313092,47282.7769
1791313094,47281.3128
1791313096,47275.528
1791313098,47273.4987
1791313100,47267.7122
1791313102,47279.3742
1791313104,47273.8065
1791313106,47270.7948
1791313108,47268.8053
1791313110,47260.5227
1791313112,47259.7769
1791313114,47267.9998
1791313116,47256.6785
1791313118,47265.7099
1791313120,47254.1603
1791313122,47266.5616
1791313124,47269.6113
1791313126,47280.6042
1791313128,47270.3844
1791313130,47260.5932
1791313132,47274.8934
1791313134,47276.5908
1791313136,47275.5522
1791313138,47261.845
1791313140,47265.2973
1791313142,47242.0755
1791313144,47236.8334
1791313146,47248.5487
1791313148,47237.8957
1791313150,47232.3236
1791313152,47233.174
1791313154,47228.5754
1791313156,47244.2118
1791313158,47242.4047
1791313160,47241.3614
1791313162,47234.9884
1791313164,47234.7827
1791313166,47238.2433
1791313168,47237.6669
1791313170,47233.8276
1791313172,47241.2859
1791313174,47226.0071
1791313176,47219.4642
1791313178,47233.0321
1791313180,47233.5365
1791313182,47243.1182
1791313184,47234.6544
1791313186,47229.5974
1791313188,47219.8679
1791313190,47236.739
1791313192,47235.6578
1791313194,47244.8226
1791313196,47238.2898
1791313198,47223.6139
1791313200,47249.1247
1791313202,47257.4366
1791313204,47257.8893
1791313206,47275.7639
1791313208,47280.1759
1791313210,47279.1612
1791313212,47276.9039
1791313214,47275.8595
1791313216,47288.1125
1791313218,47274.6138
1791313220,47276.8819
1791313222,47266.607
1791313224,47279.0491
1791313226,47271.0383
1791313228,47260.0586
1791313230,47266.9101
1791313232,47264.8852
1791313234,47260.8253
1791313236,47253.1923
1791313238,47245.3107
1791313240,47254.0679
1791313242,47267.9315
1791313244,47271.4357
1791313246,47262.7147
1791313248,47272.6975
1791313250,47272.6836
1791313252,47278.6465
1791313254,47280.1272
1791313256,47273.1077
1791313258,47276.4457
1791313260,47275.1194
1791313262,47282.5776
1791313264,47289.9421
1791313266,47290.3553
1791313268,47284.2634
1791313270,47268.1853
1791313272,47261.619
1791313274,47263.524
1791313276,47247.314
1791313278,47239.9278
1791313280,47246.5544
1791313282,47235.327
1791313284,47232.2553
1791313286,47236.3188
1791313288,47246.7956
1791313290,47255.1809
1791313292,47257.5064
1791313294,47267.0991
1791313296,47262.7105
1791313298,47267.6391
1791313300,47260.0605
1791313302,47251.8593
1791313304,47262.1702
1791313306,47264.2396
1791313308,47249.7837
1791313310,47242.3206
1791313312,47247.4189
1791313314,47235.897
1791313316,47231.1345
1791313318,47239.1877
1791313320,47250.7793
1791313322,47246.1544
1791313324,47239.8162
1791313326,47244.7133
1791313328,47249.223
1791313330,47255.9322
1791313332,47255.4242
1791313334,47255.7259
1791313336,47263.8953
1791313338,47288.972
1791313340,47289.0141
1791313342,47294.566
1791313344,47292.9028
1791313346,47308.0261
1791313348,47320.6262
1791313350,47314.1614
1791313352,47315.0921
1791313354,47327.132
1791313356,47324.6361
1791313358,47321.2924
1791313360,47309.1659
1791313362,47312.257
1791313364,47302.5871
1791313366,47308.1316
1791313368,47304.3034
1791313370,47312.8578
1791313372,47306.9279
1791313374,47312.1006
1791313376,47300.6359
1791313378,47305.5358
1791313380,47290.9344
1791313382,47279.9244
1791313384,47278.0647
1791313386,47277.3216
1791313388,47289.3928
1791313390,47279.7377
1791313392,47281.552
1791313394,47280.3063
1791313396,47279.1962
1791313398,47288.2291
1791313400,47294.3212
1791313402,47298.4979
1791313404,47301.5935
1791313406,47300.1023
1791313408,47290.0106
1791313410,47288.4405
1791313412,47278.4907
1791313414,47291.8188
1791313416,47300.2362
1791313418,47308.8041
1791313420,47306.1513
1791313422,47301.3723
1791313424,47301.7908
1791313426,47296.5418
1791313428,47301.6751
1791313430,47292.3062
1791313432,47288.1912
1791313434,47288.1933
1791313436,47301.4714
1791313438,47292.4166
1791313440,47292.9103
1791313442,47285.475
1791313444,47299.436
1791313446,47306.5026
1791313448,47299.9788
1791313450,47304.6455
1791313452,47311.7332
1791313454,47312.0788
1791313456,47300.2895
1791313458,47296.3007
1791313460,47299.5387
1791313462,47297.5324
1791313464,47305.2931
1791313466,47310.8705
1791313468,47302.3119
1791313470,47299.9837
1791313472,47294.3495
1791313474,47304.3866
1791313476,47294.312
1791313478,47302.3435
1791313480,47316.4385
1791313482,47324.9337
1791313484,47327.0921
1791313486,47326.3158
1791313488,47336.1822
1791313490,47339.9992
1791313492,47324.7699
1791313494,47322.1341
1791313496,47307.4637
1791313498,47304.5019
1791313500,47294.3266
1791313502,47287.6991
1791313504,47288.5742
1791313506,47282.8307
1791313508,47269.3769
1791313510,47248.6594
1791313512,47254.8915
1791313514,47253.3428
1791313516,47262.0955
1791313518,47260.329
1791313520,47276.9132
1791313522,47276.2971
1791313524,47287.6484
1791313526,47284.2475
1791313528,47281.9461
1791313530,47283.8037
1791313532,47271.3766
1791313534,47273.5486
1791313536,47286.5433
1791313538,47300.8698
1791313540,47312.7321
1791313542,47307.2773
1791313544,47301.1274
1791313546,47306.2161
1791313548,47294.9577
1791313550,47315.2585
1791313552,47308.2689
1791313554,47296.9005
1791313556,47299.5071
1791313558,47294.3911
1791313560,47296.9099
1791313562,47294.6539
1791313564,47307.8714
1791313566,47314.1634
1791313568,47325.1801
1791313570,47319.337
1791313572,47302.9615
1791313574,47299.6129
1791313576,47300.2758
1791313578,47303.7579
1791313580,47311.7376
1791313582,47309.7486
1791313584,47303.4871
1791313586,47299.3682
1791313588,47309.6187
1791313590,47308.3775
1791313592,47312.7067
1791313594,47297.365
1791313596,47285.8467
1791313598,47275.2919
1791313600,47261.7639
1791313602,47245.9949
1791313604,47229.5705
1791313606,47241.7251
1791313608,47226.8106
1791313610,47227.1793
1791313612,47234.5294
1791313614,47229.5812
1791313616,47226.5153
1791313618,47215.6358
1791313620,47222.6338
1791313622,47222.326
1791313624,47240.7298
1791313626,47246.53
1791313628,47270.917
1791313630,47267.5208
1791313632,47275.0898
1791313634,47269.2918
1791313636,47279.2603
1791313638,47271.5978
1791313640,47277.1147
1791313642,47275.5925
1791313644,47269.1694
1791313646,47259.4976
1791313648,47265.6164
1791313650,47262.9763
1791313652,47265.8574
1791313654,47280.5895
1791313656,47282.9436
1791313658,47285.0081
1791313660,47300.125
1791313662,47312.695
1791313664,47305.6884
1791313666,47306.0078
1791313668,47324.8943
1791313670,47328.0326
1791313672,47339.618
1791313674,47341.1792
1791313676,47333.386
1791313678,47334.5594
1791313680,47331.0376
1791313682,47326.1327
1791313684,47338.5756
1791313686,47329.9098
1791313688,47333.9568
1791313690,47327.2647
1791313692,47316.1443
1791313694,47300.3133
1791313696,47310.6374
1791313698,47307.7299
1791313700,47313.9054
1791313702,47310.2188
1791313704,47309.1732
1791313706,47306.3943
1791313708,47310.601
1791313710,47323.694
1791313712,47327.8142
1791313714,47343.2992
1791313716,47345.6704
1791313718,47357.2455
1791313720,47367.2314
1791313722,47386.7248
1791313724,47395.6199
1791313726,47391.7033
1791313728,47406.7003
1791313730,47405.3136
1791313732,47410.4038
1791313734,47403.4774
1791313736,47412.2501
1791313738,47405.3696
1791313740,47391.7343
1791313742,47387.8305
1791313744,47392.0469
1791313746,47393.6667
1791313748,47406.5954
1791313750,47412.7032
1791313752,47430.4639
1791313754,47429.5566
1791313756,47437.0776
1791313758,47433.1586
1791313760,47427.4952
1791313762,47424.4685
1791313764,47442.4654
1791313766,47441.1834
1791313768,47443.1212
1791313770,47434.3815
1791313772,47432.4602
1791313774,47445.0271
1791313776,47442.6252
1791313778,47416.3841
1791313780,47420.1814
1791313782,47421.5068
1791313784,47416.0085
1791313786,47422.2303
1791313788,47426.6977
1791313790,47435.5354
1791313792,47430.7015
1791313794,47423.8018
1791313796,47425.4917
1791313798,47411.9369
1791313800,47411.4519
1791313802,47415.4668
1791313804,47424.204
1791313806,47413.5852
1791313808,47407.8947
1791313810,47413.1234
1791313812,47410.7852
1791313814,47402.481
1791313816,47406.0362
1791313818,47397.4589
1791313820,47409.9951
1791313822,47376.4777
1791313824,47366.2288
1791313826,47362.2445
1791313828,47369.9705
1791313830,47368.3366
1791313832,47349.2244
1791313834,47359.8943
1791313836,47362.174
1791313838,47363.841
1791313840,47377.7594
1791313842,47376.1462
1791313844,47385.5786
1791313846,47396.7734
1791313848,47405.101
1791313850,47407.9856
1791313852,47405.8172
1791313854,47408.3555
1791313856,47404.3845
1791313858,47407.7262
1791313860,47403.2505
1791313862,47411.2156
1791313864,47426.0314
1791313866,47442.7426
1791313868,47436.3267
1791313870,47429.2962
1791313872,47427.568
1791313874,47418.8449
1791313876,47413.7381
1791313878,47423.709
1791313880,47417.4295
1791313882,47416.9497
1791313884,47414.2701
1791313886,47417.7764
1791313888,47420.8924
1791313890,47409.1993
1791313892,47391.0816
1791313894,47390.5939
1791313896,47387.8648
1791313898,47372.2357
1791313900,47377.5196
1791313902,47363.6297
1791313904,47352.3935
1791313906,47335.4376
1791313908,47331.4692
1791313910,47309.9292
1791313912,47317.1171
1791313914,47326.3006
1791313916,47337.5845
1791313918,47333.6092
1791313920,47320.3383
1791313922,47312.9295
1791313924,47303.3557
1791313926,47306.2245
1791313928,47322.3734
1791313930,47309.2434
1791313932,47320.5191
1791313934,47315.3927
1791313936,47303.8906
1791313938,47299.3235
1791313940,47301.507
1791313942,47296.0914
1791313944,47303.3058
1791313946,47301.2153
1791313948,47320.0902
1791313950,47311.1684
1791313952,47312.2434
1791313954,47308.8542
1791313956,47305.6426
1791313958,47308.4634
1791313960,47310.8121
1791313962,47308.9282
1791313964,47325.3833
1791313966,47318.2696
1791313968,47320.7496
1791313970,47324.308
1791313972,47319.6459
1791313974,47318.439
1791313976,47313.3876
1791313978,47307.8547
1791313980,47299.3864
1791313982,47304.9646
1791313984,47300.9345
1791313986,47313.0685
1791313988,47316.8995
1791313990,47326.8719
1791313992,47323.133
1791313994,47324.9682
1791313996,47326.8337
1791313998,47325.242
1791314000,47333.054
1791314002,47324.968
1791314004,47317.9993
1791314006,47319.6129
1791314008,47323.0488
1791314010,47318.6496
1791314012,47313.0668
1791314014,47308.2365
1791314016,47287.0507
1791314018,47278.8656
1791314020,47276.6993
1791314022,47271.4643
1791314024,47287.0501
1791314026,47280.9025
1791314028,47284.4234
1791314030,47279.3232
1791314032,47268.3736
1791314034,47276.178
1791314036,47268.9058
1791314038,47264.0079
1791314040,47253.7822
1791314042,47265.4853
1791314044,47266.7305
1791314046,47279.5677
1791314048,47275.454
1791314050,47287.8865
1791314052,47277.1429
1791314054,47284.868
1791314056,47297.5441
1791314058,47308.1946
1791314060,47306.2753
1791314062,47281.9654
1791314064,47296.4631
1791314066,47301.0883
1791314068,47304.8185
1791314070,47299.2771
1791314072,47303.0021
1791314074,47304.2396
1791314076,47302.1929
1791314078,47302.2227
1791314080,47290.8318
1791314082,47293.2209
1791314084,47307.2112
1791314086,47325.9337
1791314088,47317.408
1791314090,47318.3977
1791314092,47318.2691
1791314094,47340.3989
1791314096,47342.9898
1791314098,47353.0785
1791314100,47364.7225
1791314102,47363.6132
1791314104,47366.6389
1791314106,47361.9144
1791314108,47365.4669
1791314110,47373.9767
1791314112,47366.6559
1791314114,47367.5461
1791314116,47379.939
1791314118,47369.4185
1791314120,47366.4438
1791314122,47362.6243
1791314124,47363.658
1791314126,47361.7223
1791314128,47362.2101
1791314130,47361.3138
1791314132,47351.4243
1791314134,47355.9898
1791314136,47338.0415
1791314138,47334.0567
1791314140,47339.4051
1791314142,47341.3779
1791314144,47346.5264
1791314146,47344.3762
1791314148,47337.3508
1791314150,47325.5742
1791314152,47335.2605
1791314154,47345.4889
1791314156,47342.0552
1791314158,47350.3661
1791314160,47345.4317
1791314162,47347.033
1791314164,47347.1988
1791314166,47332.7339
1791314168,47335.2561
1791314170,47349.349
1791314172,47349.1429
1791314174,47340.2507
1791314176,47341.2579
1791314178,47340.545
1791314180,47331.085
1791314182,47327.2924
1791314184,47334.4734
1791314186,47345.0009
1791314188,47343.217
1791314190,47333.0436
1791314192,47312.7919
1791314194,47322.5614
1791314196,47324.0699
1791314198,47326.644
1791314200,47330.8768
1791314202,47334.028
1791314204,47343.4253
1791314206,47331.5453
1791314208,47334.9493
1791314210,47350.8111
1791314212,47339.2752
1791314214,47329.5792
1791314216,47329.5772
1791314218,47326.0341
1791314220,47328.3837
1791314222,47325.3118
1791314224,47320.2022
1791314226,47333.2014
1791314228,47325.3189
1791314230,47327.8851
1791314232,47317.1854
1791314234,47330.851
1791314236,47336.2387
1791314238,47350.3787
1791314240,47343.1307
1791314242,47338.7186
1791314244,47332.6656
1791314246,47323.74
1791314248,47309.6207
1791314250,47326.4713
1791314252,47319.0049
1791314254,47322.2438
1791314256,47321.0094
1791314258,47319.8133
1791314260,47316.7503
1791314262,47304.1459
1791314264,47290.9247
1791314266,47296.916
1791314268,47281.021
1791314270,47282.3714
1791314272,47290.6675
1791314274,47279.3287
1791314276,47286.3066
1791314278,47296.5554
1791314280,47302.3642
1791314282,47292.2231
1791314284,47309.8097
1791314286,47309.2011
1791314288,47303.9848
1791314290,47312.5276
1791314292,47314.356
1791314294,47319.3739
1791314296,47313.4136
1791314298,47301.2241
1791314300,47290.8805
1791314302,47289.0577
1791314304,47291.4806
1791314306,47289.5625
1791314308,47284.9534
1791314310,47304.3917
1791314312,47308.764
1791314314,47315.0638
1791314316,47332.5791
1791314318,47339.5278
1791314320,47335.0971
1791314322,47336.3396
1791314324,47323.5451
1791314326,47335.378
1791314328,47324.7427
1791314330,47324.122
1791314332,47321.7457
1791314334,47309.6049
1791314336,47304.4434
1791314338,47299.4834
1791314340,47282.4466
1791314342,47277.7878
1791314344,47276.2695
1791314346,47271.7107
1791314348,47280.0777
1791314350,47292.7223
1791314352,47287.3816
1791314354,47289.301
1791314356,47299.5411
1791314358,47306.0144
1791314360,47305.6187
1791314362,47316.2785
1791314364,47310.9257
1791314366,47310.938
1791314368,47312.2547
1791314370,47314.664
1791314372,47304.9337
1791314374,47305.7586
1791314376,47303.8943
1791314378,47317.2455
1791314380,47314.1221
1791314382,47318.7427
1791314384,47322.4359
1791314386,47321.9556
1791314388,47310.9954
1791314390,47298.1474
1791314392,47283.9381
1791314394,47280.948
1791314396,47279.3085
1791314398,47283.3258
1791314400,47285.0603
1791314402,47279.7218
1791314404,47275.4102
1791314406,47283.0751
1791314408,47281.2311
1791314410,47292.2801
1791314412,47289.2966
1791314414,47284.4067
1791314416,47285.7127
1791314418,47284.6203
1791314420,47284.4973
1791314422,47282.3403
1791314424,47284.0442
1791314426,47296.7917
1791314428,47298.7983
1791314430,47298.854
1791314432,47288.1724
1791314434,47285.3357
1791314436,47290.2076
1791314438,47302.2945
1791314440,47286.4041
1791314442,47284.384
1791314444,47284.179
1791314446,47263.3687
1791314448,47261.7605
1791314450,47243.4037
1791314452,47260.8693
1791314454,47262.7973
1791314456,47251.8595
1791314458,47252.9343
1791314460,47252.2409
1791314462,47257.2671
1791314464,47270.9216
1791314466,47270.8115
1791314468,47263.585
1791314470,47259.3632
1791314472,47238.0991
1791314474,47236.1661
1791314476,47226.5229
1791314478,47211.0416
1791314480,47209.2249
1791314482,47207.1198
1791314484,47209.2041
1791314486,47211.8129
1791314488,47213.7326
1791314490,47210.04
1791314492,47212.3712
1791314494,47222.1772
1791314496,47234.4015
1791314498,47231.6647
1791314500,47233.1927
1791314502,47233.3458
1791314504,47238.2709
1791314506,47245.3617
1791314508,47243.3533
1791314510,47250.2303
1791314512,47248.5477
1791314514,47241.2849
1791314516,47241.245
1791314518,47245.2321
1791314520,47238.9173
1791314522,47246.5755
1791314524,47240.0733
1791314526,47229.6782
1791314528,47219.9292
1791314530,47211.102
1791314532,47205.189
1791314534,47204.1793
1791314536,47204.0128
1791314538,47196.7698
1791314540,47185.744
1791314542,47189.2022
1791314544,47198.046
1791314546,47205.6219
1791314548,47207.3485
1791314550,47201.5195
1791314552,47199.1917
1791314554,47206.0871
1791314556,47196.9821
1791314558,47178.8923
1791314560,47181.0963
1791314562,47170.5803
1791314564,47163.4906
1791314566,47153.4319
1791314568,47162.3138
1791314570,47167.9884
1791314572,47154.092
1791314574,47161.3215
1791314576,47164.5131
1791314578,47154.4644
1791314580,47161.5947
1791314582,47165.0403
1791314584,47146.2853
1791314586,47159.088
1791314588,47164.279
1791314590,47156.4493
1791314592,47154.4174
1791314594,47164.05
1791314596,47168.6813
1791314598,47166.9581
1791314600,47147.0505
1791314602,47143.3311
1791314604,47157.0182
1791314606,47157.3017
1791314608,47155.8705
1791314610,47144.7057
1791314612,47137.4587
1791314614,47138.2059
1791314616,47134.9371
1791314618,47132.2612
1791314620,47159.4575
1791314622,47177.6489
1791314624,47166.0416
1791314626,47169.4977
1791314628,47163.4943
1791314630,47149.7611
1791314632,47152.8848
1791314634,47165.4185
1791314636,47160.7541
1791314638,47156.6644
1791314640,47150.9172
1791314642,47146.0666
1791314644,47156.6315
1791314646,47160.6375
1791314648,47158.3034
1791314650,47153.0113
1791314652,47163.5056
1791314654,47170.1023
1791314656,47182.5915
1791314658,47201.1456
1791314660,47206.7067
1791314662,47209.2565
1791314664,47205.2344
1791314666,47206.4268
1791314668,47208.9318
1791314670,47203.0977
1791314672,47197.0015
1791314674,47209.0369
1791314676,47206.9891
1791314678,47217.6398
1791314680,47217.7985
1791314682,47218.195
1791314684,47223.284
1791314686,47233.8952
1791314688,47240.0032
1791314690,47231.9383
1791314692,47237.7355
1791314694,47247.6257
1791314696,47246.4298
1791314698,47243.6635
1791314700,47236.2096
1791314702,47233.7893
1791314704,47232.7974
1791314706,47242.77
1791314708,47258.3399
1791314710,47248.3561
1791314712,47249.5614
1791314714,47241.6419
1791314716,47240.5828
1791314718,47244.9468
1791314720,47240.377
1791314722,47243.3439
1791314724,47249.5619
1791314726,47253.9563
1791314728,47259.9054
1791314730,47272.0304
1791314732,47263.0695
1791314734,47267.859
1791314736,47264.6956
1791314738,47281.0631
1791314740,47282.0922
1791314742,47282.8873
1791314744,47275.2107
1791314746,47281.93
1791314748,47289.9546
1791314750,47289.1054
1791314752,47283.9878
1791314754,47292.7853
1791314756,47298.3821
1791314758,47300.6218
1791314760,47304.335
1791314762,47299.5332
1791314764,47287.3534
1791314766,47277.3143
1791314768,47280.3473
1791314770,47281.9487
1791314772,47283.9613
1791314774,47277.9007
1791314776,47271.5046
1791314778,47275.5933
1791314780,47284.3021
1791314782,47302.3619
1791314784,47297.6218
1791314786,47306.4799
1791314788,47319.8848
1791314790,47322.2463
1791314792,47332.32
1791314794,47346.8243
1791314796,47339.6207
1791314798,47336.7505
1791314800,47339.5791
1791314802,47349.6501
1791314804,47353.004
1791314806,47329.2144
1791314808,47344.3272
1791314810,47341.7023
1791314812,47336.7943
1791314814,47329.8838
1791314816,47326.7878
1791314818,47334.3301
1791314820,47349.153
1791314822,47335.7138
1791314824,47350.4921
1791314826,47358.0823
1791314828,47354.4482
1791314830,47354.514
1791314832,47353.7997
1791314834,47332.1716
1791314836,47328.4004
1791314838,47322.987
1791314840,47330.0742
1791314842,47326.1391
1791314844,47323.8605
1791314846,47332.6776
1791314848,47337.1476
1791314850,47343.7565
1791314852,47351.8683
1791314854,47363.1653
1791314856,47364.2321
1791314858,47373.7698
1791314860,47368.8685
1791314862,47372.7061
1791314864,47366.5822
1791314866,47370.0032
1791314868,47375.3182
1791314870,47361.3731
1791314872,47357.4621
1791314874,47359.4942
1791314876,47346.4167
1791314878,47351.5336
1791314880,47362.4523
1791314882,47370.5811
1791314884,47362.7148
1791314886,47366.0733
1791314888,47353.7803
1791314890,47362.2468
1791314892,47359.6334
1791314894,47346.785
1791314896,47325.9456
1791314898,47335.7589
1791314900,47338.0003
1791314902,47345.438
1791314904,47345.0675
1791314906,47351.3192
1791314908,47334.4647
1791314910,47348.7446
1791314912,47338.3873
1791314914,47350.928
1791314916,47339.4928
1791314918,47337.3685
1791314920,47343.9901
1791314922,47331.0116
1791314924,47324.8039
1791314926,47328.9124
1791314928,47331.0085
1791314930,47332.2641
1791314932,47322.7536
1791314934,47322.1107
1791314936,47331.3042
1791314938,47331.7065
1791314940,47326.0888
1791314942,47317.7327
1791314944,47324.0024
1791314946,47330.3621
1791314948,47332.5598
1791314950,47333.6138
1791314952,47340.5228
1791314954,47357.5515
1791314956,47344.4081
1791314958,47340.66
1791314960,47327.9097
1791314962,47338.6744
1791314964,47349.8457
1791314966,47348.2438
1791314968,47339.9368
1791314970,47342.0694
1791314972,47345.9637
1791314974,47335.0947
1791314976,47338.609
1791314978,47337.6368
1791314980,47351.3637
1791314982,47336.4063
1791314984,47342.6699
1791314986,47362.8716
1791314988,47359.8853
1791314990,47365.7426
1791314992,47371.9143
1791314994,47377.5387
1791314996,47387.1064
1791314998,47389.735
1791315000,47384.2032
1791315002,47368.7548
1791315004,47377.7864
1791315006,47372.3279
1791315008,47376.5886
1791315010,47391.5111
1791315012,47403.4031
1791315014,47399.0502
1791315016,47409.5547
1791315018,47406.765
1791315020,47417.3564
1791315022,47422.8609
1791315024,47424.2576
1791315026,47411.6527
1791315028,47405.2548
1791315030,47412.0042
1791315032,47403.9163
1791315034,47389.6988
1791315036,47385.8161
1791315038,47380.7523
1791315040,47376.4032
1791315042,47374.0749
1791315044,47382.4535
1791315046,47378.8618
1791315048,47389.0069
1791315050,47373.3546
1791315052,47365.3133
1791315054,47352.4163
1791315056,47358.907
1791315058,47359.3089
1791315060,47346.0707
1791315062,47345.1274
1791315064,47332.2411
1791315066,47334.1287
1791315068,47325.0237
1791315070,47316.9865
1791315072,47313.9734
1791315074,47328.8901
1791315076,47345.9567
1791315078,47345.6427
1791315080,47345.9467
1791315082,47338.4581
1791315084,47344.6342
1791315086,47351.521
1791315088,47362.7709
1791315090,47356.1441
1791315092,47358.3563
1791315094,47358.3945
1791315096,47359.0716
1791315098,47361.8448
1791315100,47358.0688
1791315102,47352.5244
1791315104,47363.0342
1791315106,47365.2975
1791315108,47367.4478
1791315110,47384.9401
1791315112,47386.2931
1791315114,47373.3875
1791315116,47375.7871
1791315118,47376.1844
1791315120,47368.6046
1791315122,47355.0419
1791315124,47351.2191
1791315126,47339.7157
1791315128,47333.0357
1791315130,47325.5699
1791315132,47326.4856
1791315134,47333.1467
1791315136,47314.2605
1791315138,47306.4922
1791315140,47311.4941
1791315142,47313.9715
1791315144,47313.0194
1791315146,47319.1541
1791315148,47325.1275
1791315150,47335.626
1791315152,47333.3543
1791315154,47332.2307
1791315156,47344.671
1791315158,47342.9948
1791315160,47330.5144
1791315162,47318.6199
1791315164,47315.4045
1791315166,47327.5082
1791315168,47335.5692
1791315170,47320.1342
1791315172,47315.8964
1791315174,47334.7765
1791315176,47329.1541
1791315178,47320.7231
1791315180,47318.7705
1791315182,47318.5155
1791315184,47322.2497
1791315186,47331.5913
1791315188,47340.2563
1791315190,47329.2505
1791315192,47320.7501
1791315194,47329.1607
1791315196,47331.8137
1791315198,47335.7134
1791315200,47343.2827
1791315202,47346.7563
1791315204,47340.5228
1791315206,47329.9877
1791315208,47335.3814
1791315210,47323.8081
1791315212,47315.0585
1791315214,47313.7277
1791315216,47325.0926
1791315218,47336.203
1791315220,47335.5495
1791315222,47325.7843
1791315224,47311.606
1791315226,47302.4189
1791315228,47321.983
1791315230,47331.4438
1791315232,47327.7193
1791315234,47333.061
1791315236,47340.2171
1791315238,47336.6691
1791315240,47334.4724
1791315242,47322.5604
1791315244,47329.572
1791315246,47307.7433
1791315248,47325.2812
1791315250,47317.4054
1791315252,47334.4965
1791315254,47311.633
1791315256,47306.1023
1791315258,47307.5451
1791315260,47303.5556
1791315262,47315.4222
1791315264,47325.9459
1791315266,47331.7326
1791315268,47338.9863
1791315270,47331.2224
1791315272,47328.3238
1791315274,47336.9038
1791315276,47350.5744
1791315278,47355.271
1791315280,47355.1314
1791315282,47348.2838
1791315284,47339.1706
1791315286,47335.7469
1791315288,47339.1932
1791315290,47351.8009
1791315292,47354.719
1791315294,47366.3143
1791315296,47369.8995
1791315298,47375.3371
1791315300,47368.5286
1791315302,47376.2672
1791315304,47382.2307
1791315306,47384.4106
1791315308,47383.5324
1791315310,47384.3619
1791315312,47388.0811
1791315314,47385.1687
1791315316,47399.4377
1791315318,47398.4902
1791315320,47394.3503
1791315322,47395.7796
1791315324,47390.5239
1791315326,47389.0996
1791315328,47385.6163
1791315330,47384.2317
1791315332,47375.9336
1791315334,47358.7998
1791315336,47361.8542
1791315338,47379.7944
1791315340,47375.3382
1791315342,47382.3675
1791315344,47397.7047
1791315346,47398.9579
1791315348,47409.7033
1791315350,47409.5524
1791315352,47414.8502
1791315354,47417.4999
1791315356,47418.4244
1791315358,47421.2006
1791315360,47418.8428
1791315362,47423.0188
1791315364,47420.6144
1791315366,47425.6303
1791315368,47429.6992
1791315370,47431.852
1791315372,47419.3564
1791315374,47426.6578
1791315376,47430.4237
1791315378,47442.9702
1791315380,47453.8301
1791315382,47456.138
1791315384,47453.4077
1791315386,47443.492
1791315388,47448.7261
1791315390,47440.6754
1791315392,47444.033
1791315394,47431.4531
1791315396,47437.9583
1791315398,47445.6708
1791315400,47455.6277
1791315402,47462.1773
1791315404,47457.2415
1791315406,47466.5102
1791315408,47465.8984
1791315410,47461.2585
1791315412,47452.1026
1791315414,47447.6513
1791315416,47447.483
1791315418,47442.2735
1791315420,47458.5895
1791315422,47464.469
1791315424,47471.1066
1791315426,47448.3566
1791315428,47458.8486
1791315430,47452.704
1791315432,47440.7914
1791315434,47428.7829
1791315436,47421.1431
1791315438,47405.3821
1791315440,47402.8508
1791315442,47399.9646
1791315444,47394.2768
1791315446,47399.3463
1791315448,47397.6064
1791315450,47406.5198
1791315452,47410.556
1791315454,47415.2639
1791315456,47442.0665
1791315458,47437.4309
1791315460,47437.7099
1791315462,47431.3667
1791315464,47436.0464
1791315466,47436.3968
1791315468,47421.6719
1791315470,47417.2811
1791315472,47411.7946
1791315474,47422.0875
1791315476,47417.8335
1791315478,47423.9693
1791315480,47430.0433
1791315482,47429.7269
1791315484,47432.3545
1791315486,47436.1683
1791315488,47441.6099
1791315490,47440.4727
1791315492,47424.6395
1791315494,47432.3988
1791315496,47436.0903
1791315498,47442.012
1791315500,47439.3735
1791315502,47433.9433
1791315504,47430.2024
1791315506,47429.6859
1791315508,47417.2293
1791315510,47427.1895
1791315512,47417.7761
1791315514,47416.0071
1791315516,47419.0432
1791315518,47428.0717
1791315520,47408.1457
1791315522,47412.4457
1791315524,47420.4033
1791315526,47421.607
1791315528,47396.8245
1791315530,47391.7741
1791315532,47400.1706
1791315534,47380.5548
1791315536,47393.0742
1791315538,47396.408
1791315540,47392.5834
1791315542,47390.1181
1791315544,47401.8338
1791315546,47395.3374
1791315548,47393.2884
1791315550,47377.7488
1791315552,47370.3903
1791315554,47373.3272
1791315556,47362.1589
1791315558,47353.3589
1791315560,47362.6608
1791315562,47355.4789
1791315564,47358.1467
1791315566,47351.4635
1791315568,47358.539
1791315570,47347.7433
1791315572,47345.8815
1791315574,47338.3722
1791315576,47345.9681
1791315578,47352.8123
1791315580,47344.0233
1791315582,47346.1855
1791315584,47339.4904
1791315586,47341.9579
1791315588,47347.0455
1791315590,47358.6534
1791315592,47368.4129
1791315594,47378.0392
1791315596,47376.6868
1791315598,47382.5877
1791315600,47381.4421
1791315602,47375.9043
1791315604,47357.5657
1791315606,47362.7116
1791315608,47360.4411
1791315610,47357.9819
1791315612,47354.4678
1791315614,47361.0205
1791315616,47375.5726
1791315618,47381.5275
1791315620,47387.3337
1791315622,47391.6942
1791315624,47394.2609
1791315626,47384.6553
1791315628,47384.965
1791315630,47396.2767
1791315632,47417.4717
1791315634,47432.0486
1791315636,47427.6694
1791315638,47433.5559
1791315640,47428.7736
1791315642,47432.4079
1791315644,47442.7706
1791315646,47435.8212
1791315648,47429.6141
1791315650,47432.352
1791315652,47415.088
1791315654,47415.1496
1791315656,47417.8957
1791315658,47424.8991
1791315660,47418.0755
1791315662,47420.3022
1791315664,47419.9402
1791315666,47424.1663
1791315668,47448.2871
1791315670,47466.3787
1791315672,47480.6421
1791315674,47484.2444
1791315676,47470.5257
1791315678,47469.1332
1791315680,47472.4708
1791315682,47462.5568
1791315684,47467.6576
1791315686,47456.1083
1791315688,47448.0472
1791315690,47435.679
1791315692,47430.021
1791315694,47432.7577
1791315696,47422.1105
1791315698,47428.1719
1791315700,47420.2467
1791315702,47408.6459
1791315704,47401.4206
1791315706,47408.5205
1791315708,47398.6204
1791315710,47402.6728
1791315712,47399.7182
1791315714,47406.8777
1791315716,47399.6174
1791315718,47392.2858
1791315720,47395.4507
1791315722,47386.8709
1791315724,47379.7943
1791315726,47385.0519
1791315728,47381.8216
1791315730,47385.4925
1791315732,47382.3378
1791315734,47385.6492
1791315736,47400.9009
1791315738,47377.3401
1791315740,47376.4193
1791315742,47382.7158
1791315744,47372.0859
1791315746,47378.7967
1791315748,47374.7327
1791315750,47371.8801
1791315752,47355.4654
1791315754,47357.1505
1791315756,47371.849
1791315758,47374.7416
1791315760,47376.0758
1791315762,47382.1706
1791315764,47385.395
1791315766,47396.9545
1791315768,47399.3317
1791315770,47413.3931
1791315772,47400.0678
1791315774,47398.9227
1791315776,47405.2753
1791315778,47421.949
1791315780,47433.3288
1791315782,47441.98
1791315784,47437.8061
1791315786,47421.9277
1791315788,47409.036
1791315790,47420.0933
1791315792,47419.2389
1791315794,47433.6712
1791315796,47433.1225
1791315798,47434.2375
1791315800,47441.7567
1791315802,47449.0915
1791315804,47444.2747
1791315806,47461.3446
1791315808,47455.9379
1791315810,47451.5558
1791315812,47457.8268
1791315814,47450.2997
1791315816,47434.338
1791315818,47433.616
1791315820,47431.8016
1791315822,47424.0412
1791315824,47432.9956
1791315826,47415.8446
1791315828,47420.1984
1791315830,47424.8307
1791315832,47426.6137
1791315834,47431.5017
1791315836,47433.8686
1791315838,47430.2435
1791315840,47429.8986
1791315842,47434.1344
1791315844,47416.3345
1791315846,47407.7715
1791315848,47412.8824
1791315850,47422.9395
1791315852,47419.3116
1791315854,47413.5922
1791315856,47419.165
1791315858,47420.9842
1791315860,47425.5025
1791315862,47409.3059
1791315864,47406.549
1791315866,47396.6479
1791315868,47389.6672
1791315870,47371.0452
1791315872,47370.8389
1791315874,47372.4997
1791315876,47357.412
1791315878,47352.9725
1791315880,47350.7337
1791315882,47352.5831
1791315884,47342.2032
1791315886,47338.7636
1791315888,47338.8584
1791315890,47324.4428
1791315892,47311.1533
1791315894,47327.3436
1791315896,47314.4247
1791315898,47314.9973
1791315900,47307.7361
1791315902,47329.6451
1791315904,47322.756
1791315906,47330.9894
1791315908,47340.2799
1791315910,47349.5622
1791315912,47342.0367
1791315914,47335.6172
1791315916,47328.0499
1791315918,47343.1892
1791315920,47345.7549
1791315922,47344.2127
1791315924,47340.7981
1791315926,47335.1117
1791315928,47337.0406
1791315930,47318.7314
1791315932,47300.2558
1791315934,47314.0988
1791315936,47317.3917
1791315938,47315.4102
1791315940,47305.6047
1791315942,47301.2151
1791315944,47299.1072
1791315946,47289.0055
1791315948,47272.8481
1791315950,47269.464
1791315952,47276.7757
1791315954,47284.3918
1791315956,47294.724
1791315958,47301.8398
1791315960,47296.3053
1791315962,47284.469
1791315964,47276.6406
1791315966,47272.8972
1791315968,47279.9128
1791315970,47258.4216
1791315972,47250.6963
1791315974,47244.4847
1791315976,47252.4692
1791315978,47271.9993
1791315980,47267.1307
1791315982,47270.0275
1791315984,47258.8053
1791315986,47244.5817
1791315988,47254.8253
1791315990,47246.9879
1791315992,47263.8834
1791315994,47266.3226
1791315996,47249.1963
1791315998,47247.2099
1791316000,47241.6485
1791316002,47246.053
1791316004,47236.004
1791316006,47238.5418
1791316008,47245.8955
1791316010,47246.3385
1791316012,47236.0245
1791316014,47228.2692
1791316016,47224.6954
1791316018,47232.8196
1791316020,47231.6493
1791316022,47219.738
1791316024,47224.4516
1791316026,47230.5281
1791316028,47221.8124
1791316030,47217.2398
1791316032,47202.8785
1791316034,47219.537
1791316036,47205.8409
1791316038,47199.8801
1791316040,47181.0591
1791316042,47171.0607
1791316044,47176.1693
1791316046,47179.6522
1791316048,47164.8904
1791316050,47156.7872
1791316052,47169.682
1791316054,47164.5669
1791316056,47169.7323
1791316058,47176.8301
1791316060,47172.2599
1791316062,47181.4354
1791316064,47179.6912
1791316066,47189.9984
1791316068,47176.4204
1791316070,47171.8898
1791316072,47170.2074
1791316074,47164.4106
1791316076,47178.9391
1791316078,47182.1345
1791316080,47183.4278
1791316082,47182.5246
1791316084,47204.8705
1791316086,47211.1896
1791316088,47215.3763
1791316090,47208.2121
1791316092,47187.6492
1791316094,47185.8021
1791316096,47192.7802
1791316098,47191.4303
1791316100,47190.832
1791316102,47182.6755
1791316104,47175.125
1791316106,47169.554
1791316108,47179.1888
1791316110,47178.5136
1791316112,47180.9445
1791316114,47171.7996
1791316116,47187.0463
1791316118,47186.1756
1791316120,47201.7969
1791316122,47204.6159
1791316124,47209.4934
1791316126,47198.6085
1791316128,47200.4424
1791316130,47206.5985
1791316132,47191.8783
1791316134,47186.3448
1791316136,47204.9485
1791316138,47219.021
1791316140,47207.1999
1791316142,47189.521
1791316144,47187.1137
1791316146,47205.265
1791316148,47189.0169
1791316150,47185.3038
1791316152,47175.3431
1791316154,47169.2823
1791316156,47165.1646
1791316158,47170.2463
1791316160,47159.5575
1791316162,47172.0994
1791316164,47170.5218
1791316166,47178.5239
1791316168,47187.5992
1791316170,47176.8201
1791316172,47181.62
1791316174,47187.4015
1791316176,47194.6938
1791316178,47199.6557
1791316180,47210.7092
1791316182,47207.373
1791316184,47215.6742
1791316186,47211.6231
1791316188,47208.3515
1791316190,47205.4101
1791316192,47207.4306
1791316194,47198.852
1791316196,47188.2593
1791316198,47197.4598
1791316200,47188.2138
1791316202,47207.6243
1791316204,47224.1167
1791316206,47222.8385
1791316208,47230.6714
1791316210,47233.7821
1791316212,47239.4939
1791316214,47236.7447
1791316216,47246.0648
1791316218,47235.0877
1791316220,47236.9853
1791316222,47248.6929
1791316224,47244.6022
1791316226,47256.6017
1791316228,47255.0141
1791316230,47262.7556
1791316232,47261.4518
1791316234,47257.8304
1791316236,47249.8523
1791316238,47247.0282
1791316240,47262.1269
1791316242,47267.7028
1791316244,47259.3707
1791316246,47273.8362
1791316248,47280.512
1791316250,47294.7794
1791316252,47303.5308
1791316254,47293.112
1791316256,47280.5674
1791316258,47293.2636
1791316260,47295.1359
1791316262,47291.6973
1791316264,47287.428
1791316266,47277.6742
1791316268,47283.9224
1791316270,47282.5125
1791316272,47292.3299
1791316274,47275.7508
1791316276,47282.0919
1791316278,47278.3075
1791316280,47287.6401
1791316282,47265.6485
1791316284,47248.7774
1791316286,47256.1609
1791316288,47259.728
1791316290,47247.1996
1791316292,47249.2054
1791316294,47250.9194
1791316296,47243.4618
1791316298,47244.8803
1791316300,47243.736
1791316302,47269.7225
1791316304,47261.1035
1791316306,47260.945
1791316308,47259.7167
1791316310,47264.673
1791316312,47277.1337
1791316314,47265.9046
1791316316,47266.1632
1791316318,47274.2137
1791316320,47264.8725
1791316322,47252.6553
1791316324,47263.6817
1791316326,47278.9217
1791316328,47283.7325
1791316330,47285.6298
1791316332,47294.9947
1791316334,47277.8885
1791316336,47273.6822
1791316338,47269.5772
1791316340,47266.7611
1791316342,47260.2037
1791316344,47261.0255
1791316346,47266.6641
1791316348,47273.818
1791316350,47279.4971
1791316352,47267.0038
1791316354,47246.937
1791316356,47246.3469
1791316358,47247.306
1791316360,47249.1884
1791316362,47248.4697
1791316364,47241.768
1791316366,47247.0869
1791316368,47242.7359
1791316370,47234.8415
1791316372,47237.9729
1791316374,47230.6442
1791316376,47244.034
1791316378,47234.804
1791316380,47231.2129
1791316382,47226.546
1791316384,47228.0792
1791316386,47222.5764
1791316388,47227.7744
1791316390,47217.7698
1791316392,47224.3032
1791316394,47239.7286
1791316396,47257.0734
1791316398,47247.6158
1791316400,47239.85
1791316402,47235.1207
1791316404,47230.3279
1791316406,47220.9611
1791316408,47223.6224
1791316410,47209.4311
1791316412,47223.0367
1791316414,47228.2117
1791316416,47221.5338
1791316418,47220.891
1791316420,47231.6568
1791316422,47228.0371
1791316424,47217.3727
1791316426,47219.0464
1791316428,47217.0731
1791316430,47207.0813
1791316432,47223.5178
1791316434,47223.8471
1791316436,47210.3698
1791316438,47221.5788
1791316440,47227.9124
1791316442,47224.5101
1791316444,47216.688
1791316446,47200.9335
1791316448,47189.5914
1791316450,47187.8666
1791316452,47194.5416
1791316454,47180.1863
1791316456,47189.7043
1791316458,47193.6042
1791316460,47179.7008
1791316462,47169.863
1791316464,47167.7697
1791316466,47175.1217
1791316468,47169.9068
1791316470,47165.3135
1791316472,47165.0495
1791316474,47171.1868
1791316476,47168.4616
1791316478,47171.3798
1791316480,47157.9541
1791316482,47142.5069
1791316484,47145.0297
1791316486,47135.8352
1791316488,47137.6331
1791316490,47124.1974
1791316492,47120.7144
1791316494,47106.3932
1791316496,47114.3055
1791316498,47112.2413
1791316500,47119.7034
1791316502,47124.9729
1791316504,47142.9783
1791316506,47134.023
1791316508,47143.3632
1791316510,47149.2276
1791316512,47145.2808
1791316514,47145.0466
1791316516,47136.7429
1791316518,47114.0268
1791316520,47121.1112
1791316522,47106.9502
1791316524,47121.8906
1791316526,47125.5427
1791316528,47136.116
1791316530,47148.0264
1791316532,47149.318
1791316534,47161.3902
1791316536,47162.4664
1791316538,47167.7956
1791316540,47171.0896
1791316542,47172.9014
1791316544,47182.063
1791316546,47179.4273
1791316548,47157.1203
1791316550,47166.4056
1791316552,47160.8952
1791316554,47169.7313
1791316556,47166.6521
1791316558,47164.5649
1791316560,47160.6014
1791316562,47167.7638
1791316564,47176.9539
1791316566,47187.2655
1791316568,47193.0014
1791316570,47180.8694
1791316572,47182.1709
1791316574,47179.1849
1791316576,47192.43
1791316578,47185.7636
1791316580,47168.2321
1791316582,47170.0336
1791316584,47170.8072
1791316586,47180.724
1791316588,47187.4191
1791316590,47185.9351
1791316592,47180.0843
1791316594,47181.5473
1791316596,47180.496
1791316598,47174.1949
1791316600,47176.9254
1791316602,47173.2714
1791316604,47167.4811
1791316606,47163.2943
1791316608,47174.2688
1791316610,47167.4585
1791316612,47182.5871
1791316614,47177.9152
1791316616,47180.9899
1791316618,47170.3263
1791316620,47163.1696
1791316622,47182.046
1791316624,47173.4253
1791316626,47185.6751
1791316628,47172.1255
1791316630,47159.9742
1791316632,47159.0638
1791316634,47153.816
1791316636,47139.3405
1791316638,47154.845
1791316640,47171.9034
1791316642,47173.5113
1791316644,47176.1884
1791316646,47176.7671
1791316648,47186.5634
1791316650,47179.1093
1791316652,47190.1592
1791316654,47183.1208
1791316656,47182.2556
1791316658,47178.9449
1791316660,47169.9595
1791316662,47169.7351
1791316664,47173.3428
1791316666,47177.6842
1791316668,47181.2596
1791316670,47183.3618
1791316672,47179.7261
1791316674,47164.8736
1791316676,47168.3164
1791316678,47169.959
1791316680,47171.0921
1791316682,47158.7717
1791316684,47145.5862
1791316686,47152.129
1791316688,47144.8306
1791316690,47154.1387
1791316692,47131.7835
1791316694,47130.655
1791316696,47138.0619
1791316698,47144.5989
1791316700,47160.4694
1791316702,47175.8865
1791316704,47178.6674
1791316706,47167.589
1791316708,47172.8112
1791316710,47167.7426
1791316712,47158.5302
1791316714,47167.5136
1791316716,47163.2887
1791316718,47165.548
1791316720,47149.6642
1791316722,47157.9579
1791316724,47154.5507
1791316726,47146.8199
1791316728,47153.7823
1791316730,47147.5463
1791316732,47140.3165
1791316734,47146.0843
1791316736,47156.5322
1791316738,47151.5917
1791316740,47158.3495
1791316742,47165.5416
1791316744,47173.7211
1791316746,47170.6525
1791316748,47175.3351
1791316750,47180.7678
1791316752,47188.9771
1791316754,47182.4072
1791316756,47188.5703
1791316758,47180.3838
1791316760,47198.1572
1791316762,47198.8779
1791316764,47202.444
1791316766,47212.2401
1791316768,47215.6419
1791316770,47208.6755
1791316772,47218.6289
1791316774,47215.2251
1791316776,47207.0361
1791316778,47206.3472
1791316780,47196.6179
1791316782,47190.432
1791316784,47199.5454
1791316786,47191.4208
1791316788,47191.3067
1791316790,47214.3816
1791316792,47219.1481
1791316794,47221.4517
1791316796,47215.6505
1791316798,47205.766
1791316800,47196.6104
1791316802,47197.0888
1791316804,47219.3615
1791316806,47224.511
1791316808,47245.7092
1791316810,47257.5661
1791316812,47244.8867
1791316814,47259.8149
1791316816,47258.0177
1791316818,47241.0648
1791316820,47236.8643
1791316822,47230.349
1791316824,47230.7075
1791316826,47210.9126
1791316828,47222.3675
1791316830,47217.6992
1791316832,47215.0404
1791316834,47197.6664
1791316836,47193.9753
1791316838,47202.7037
1791316840,47221.255
1791316842,47195.6164
1791316844,47203.9957
1791316846,47214.4809
1791316848,47206.1584
1791316850,47214.1983
1791316852,47216.6745
1791316854,47199.8218
1791316856,47190.1492
1791316858,47174.4478
1791316860,47185.136
1791316862,47196.1573
1791316864,47183.4465
1791316866,47191.7044
1791316868,47198.3671
1791316870,47189.2037
1791316872,47189.5629
1791316874,47200.4414
1791316876,47188.7091
1791316878,47203.7094
1791316880,47209.2767
1791316882,47219.1604
1791316884,47221.4155
1791316886,47220.2641
1791316888,47206.5474
1791316890,47207.5178
1791316892,47199.8273
1791316894,47202.9119
1791316896,47207.0302
1791316898,47213.821
1791316900,47208.9342
1791316902,47217.8912
1791316904,47226.571
1791316906,47220.7611
1791316908,47215.6648
1791316910,47219.1281
1791316912,47224.0695
1791316914,47229.0203
1791316916,47231.5229
1791316918,47217.9104
1791316920,47219.0553
1791316922,47207.2156
1791316924,47202.6287
1791316926,47202.215
1791316928,47207.8013
1791316930,47204.4859
1791316932,47216.6298
1791316934,47212.4505
1791316936,47211.3731
1791316938,47211.1283
1791316940,47220.1148
1791316942,47214.1384
1791316944,47223.8488
1791316946,47236.6424
1791316948,47223.7883
1791316950,47233.1264
1791316952,47244.591
1791316954,47239.674
1791316956,47239.9674
1791316958,47229.3938
1791316960,47222.9276
1791316962,47222.1627
1791316964,47200.5017
1791316966,47202.0745
1791316968,47199.5291
1791316970,47210.976
1791316972,47204.6772
1791316974,47203.1325
1791316976,47205.9511
1791316978,47206.4676
1791316980,47198.7618
1791316982,47210.7872
1791316984,47217.7045
1791316986,47225.4427
1791316988,47215.7662
1791316990,47214.9816
1791316992,47205.6471
1791316994,47199.8605
1791316996,47199.753
1791316998,47191.3223
1791317000,47197.5273
1791317002,47204.7199
1791317004,47221.3055
1791317006,47219.5023
1791317008,47215.923
1791317010,47206.3576
1791317012,47191.5774
1791317014,47199.5621
1791317016,47199.9929
1791317018,47191.3851
1791317020,47198.0998
1791317022,47210.2691
1791317024,47212.2381
1791317026,47213.3299
1791317028,47216.1791
1791317030,47200.7866
1791317032,47193.9697
1791317034,47204.653
1791317036,47215.2282
1791317038,47209.313
1791317040,47204.2286
1791317042,47208.1232
1791317044,47213.4696
1791317046,47202.9279
1791317048,47208.3229
1791317050,47198.9059
1791317052,47197.8409
1791317054,47201.6315
1791317056,47198.8609
1791317058,47186.3247
1791317060,47182.6483
1791317062,47176.0759
1791317064,47191.3583
1791317066,47198.254
1791317068,47205.9158
1791317070,47218.7902
1791317072,47228.7982
1791317074,47242.0479
1791317076,47261.2799
1791317078,47250.9185
1791317080,47260.2274
1791317082,47254.9194
1791317084,47247.2829
1791317086,47241.773
1791317088,47235.5745
1791317090,47248.4516
1791317092,47255.9838
1791317094,47265.585
1791317096,47261.6572
1791317098,47261.0371
1791317100,47262.2099
1791317102,47259.7892
1791317104,47275.2719
1791317106,47285.2381
1791317108,47270.2024
1791317110,47262.4007
1791317112,47271.3913
1791317114,47270.8678
1791317116,47268.1398
1791317118,47263.9883
1791317120,47250.9063
1791317122,47241.9892
1791317124,47256.7176
1791317126,47251.4483
1791317128,47246.0778
1791317130,47242.926
1791317132,47248.9516
1791317134,47252.0025
1791317136,47253.7639
1791317138,47240.6604
1791317140,47249.7538
1791317142,47254.1081
1791317144,47259.3375
1791317146,47261.5261
1791317148,47259.3996
1791317150,47256.2265
1791317152,47261.363
1791317154,47275.6037
1791317156,47284.4137
1791317158,47275.5858
1791317160,47259.7612
1791317162,47240.6211
1791317164,47236.7479
1791317166,47242.6379
1791317168,47251.6995
1791317170,47247.1026
1791317172,47247.9988
1791317174,47237.695
1791317176,47222.0167
1791317178,47223.3894
1791317180,47233.1484
1791317182,47210.5492
1791317184,47221.5393
1791317186,47216.2852
1791317188,47204.5935
1791317190,47204.5153
1791317192,47208.1848
1791317194,47207.0514
1791317196,47207.3357
1791317198,47193.4475
1791317200,47186.0254
1791317202,47190.8061
1791317204,47204.2765
1791317206,47194.6514
1791317208,47181.0921
1791317210,47180.5137
1791317212,47201.6866
1791317214,47193.6452
1791317216,47195.955
1791317218,47179.5266
1791317220,47166.2221
1791317222,47174.3058
1791317224,47171.8262
1791317226,47172.6848
1791317228,47158.7294
1791317230,47160.8527
1791317232,47165.1708
1791317234,47169.5373
1791317236,47172.2664
1791317238,47177.7624
1791317240,47177.6556
1791317242,47177.6187
1791317244,47185.0939
1791317246,47183.7193
1791317248,47198.0382
1791317250,47194.4493
1791317252,47197.9754
1791317254,47187.8965
1791317256,47204.2395
1791317258,47188.9721
1791317260,47175.6739
1791317262,47179.8916
1791317264,47183.2757
1791317266,47195.8864
1791317268,47210.6124
1791317270,47226.6041
1791317272,47214.8586
1791317274,47216.5194
1791317276,47215.1879
1791317278,47217.6121
1791317280,47227.3533
1791317282,47223.9587
1791317284,47230.5008
1791317286,47227.2945
1791317288,47223.5148
1791317290,47204.2064
1791317292,47184.0692
1791317294,47186.9002
1791317296,47197.7322
1791317298,47188.5674
1791317300,47203.6065
1791317302,47190.526
1791317304,47220.6906
1791317306,47220.7812
1791317308,47222.9452
1791317310,47227.5993
1791317312,47220.5984
1791317314,47224.816
1791317316,47241.2486
1791317318,47219.4676
1791317320,47215.0949
1791317322,47220.9008
1791317324,47224.9084
1791317326,47225.6665
1791317328,47224.1581
1791317330,47227.4924
1791317332,47238.3799
1791317334,47248.7642
1791317336,47241.365
1791317338,47242.9255
1791317340,47240.0548
1791317342,47230.8457
1791317344,47218.7211
1791317346,47210.1811
1791317348,47215.8599
1791317350,47220.0469
1791317352,47222.2824
1791317354,47210.9174
1791317356,47217.0487
1791317358,47211.0606
1791317360,47220.3487
1791317362,47201.5605
1791317364,47197.6785
1791317366,47198.4927
1791317368,47188.2596
1791317370,47171.1799
1791317372,47160.1929
1791317374,47162.1188
1791317376,47165.4061
1791317378,47153.2376
1791317380,47152.4482
1791317382,47151.9654
1791317384,47143.8476
1791317386,47141.368
1791317388,47132.3472
1791317390,47123.7064
1791317392,47117.8382
1791317394,47123.262
1791317396,47134.4689
1791317398,47139.4135
1791317400,47135.4352
1791317402,47134.8704
1791317404,47146.969
1791317406,47156.0764
1791317408,47162.3093
1791317410,47166.4522
1791317412,47168.9892
1791317414,47169.93
1791317416,47176.3221
1791317418,47165.2802
1791317420,47168.9829
1791317422,47172.182
1791317424,47186.4883
1791317426,47205.6218
1791317428,47206.5178
1791317430,47197.7786
1791317432,47208.1817
1791317434,47210.5812
1791317436,47207.5864
1791317438,47196.175
1791317440,47190.547
1791317442,47209.8326
1791317444,47203.5775
1791317446,47219.8544
1791317448,47216.7251
1791317450,47221.7619
1791317452,47229.2775
1791317454,47215.9323
1791317456,47214.1734
1791317458,47238.5317
1791317460,47228.9852
1791317462,47214.6465
1791317464,47216.6337
1791317466,47219.6961
1791317468,47214.8113
1791317470,47220.5941
1791317472,47212.8088
1791317474,47211.2626
1791317476,47210.0405
1791317478,47199.3931
1791317480,47216.4315
1791317482,47207.9316
1791317484,47211.0305
1791317486,47191.6501
1791317488,47194.0286
1791317490,47186.5599
1791317492,47193.1903
1791317494,47204.4646
1791317496,47206.6034
1791317498,47193.5614
1791317500,47204.8334
1791317502,47210.1186
1791317504,47215.0882
1791317506,47206.4609
1791317508,47189.8391
1791317510,47183.4101
1791317512,47178.4788
1791317514,47165.7816
1791317516,47179.3779
1791317518,47199.206
1791317520,47198.3178
1791317522,47189.2393
1791317524,47169.7662
1791317526,47152.6813
1791317528,47147.4516
1791317530,47145.0843
1791317532,47148.4598
1791317534,47141.8828
1791317536,47157.3358
1791317538,47155.4609
1791317540,47159.7855
1791317542,47162.2026
1791317544,47175.2166
1791317546,47181.6286
1791317548,47182.0398
1791317550,47191.1675
1791317552,47191.5724
1791317554,47184.0721
1791317556,47191.8943
1791317558,47195.4826
1791317560,47214.8377
1791317562,47204.3968
1791317564,47200.8342
1791317566,47209.9041
1791317568,47215.8062
1791317570,47208.8391
1791317572,47201.6613
1791317574,47203.3832
1791317576,47204.2737
1791317578,47201.7871
1791317580,47206.9935
1791317582,47205.7686
1791317584,47208.7712
1791317586,47192.5942
1791317588,47209.5045
1791317590,47230.0701
1791317592,47237.3162
1791317594,47246.6651
1791317596,47239.5414
1791317598,47243.3107
1791317600,47252.6568
1791317602,47257.8366
1791317604,47256.5469
1791317606,47256.9427
1791317608,47253.4891
1791317610,47242.7187
1791317612,47245.9431
1791317614,47253.5884
1791317616,47241.1274
1791317618,47242.9255
1791317620,47239.0593
1791317622,47234.7718
1791317624,47219.4891
1791317626,47226.1521
1791317628,47213.1884
1791317630,47207.2272
1791317632,47208.4673
1791317634,47205.7633
1791317636,47210.4198
1791317638,47209.3359
1791317640,47211.3962
1791317642,47208.5239
1791317644,47224.4939
1791317646,47227.4619
1791317648,47216.4477
1791317650,47199.1921
1791317652,47193.7749
1791317654,47187.0331
1791317656,47182.9176
1791317658,47195.3188
1791317660,47195.2645
1791317662,47198.6169
1791317664,47197.4872
1791317666,47196.2771
1791317668,47193.1689
1791317670,47197.0882
1791317672,47200.3787
1791317674,47196.4726
1791317676,47193.2879
1791317678,47197.014
1791317680,47189.2737
1791317682,47196.6569
1791317684,47185.9952
1791317686,47189.5889
1791317688,47186.6989
1791317690,47191.3463
1791317692,47191.3108
1791317694,47169.5192
1791317696,47162.1623
1791317698,47159.5478
1791317700,47162.7909
1791317702,47176.3144
1791317704,47178.2881
1791317706,47182.5438
1791317708,47187.7809
1791317710,47185.4992
1791317712,47197.678
1791317714,47201.7397
1791317716,47191.5669
1791317718,47200.5336
1791317720,47187.8922
1791317722,47206.9747
1791317724,47195.1847
1791317726,47187.6567
1791317728,47201.9911
1791317730,47200.8892
1791317732,47193.4615
1791317734,47188.2647
1791317736,47171.4659
1791317738,47174.3687
1791317740,47167.1465
1791317742,47176.5514
1791317744,47165.3316
1791317746,47151.6343
1791317748,47154.6253
1791317750,47153.8712
1791317752,47171.0836
1791317754,47162.1817
1791317756,47165.2514
1791317758,47174.9055
1791317760,47165.6942
1791317762,47172.5557
1791317764,47163.6835
1791317766,47168.8564
1791317768,47172.6158
1791317770,47166.4648
1791317772,47174.0147
1791317774,47173.8877
1791317776,47178.3358
1791317778,47172.29
1791317780,47161.2419
1791317782,47164.9546
1791317784,47178.3139
1791317786,47184.7317
1791317788,47182.8766
1791317790,47186.8359
1791317792,47172.5334
1791317794,47178.1254
1791317796,47177.5979
1791317798,47168.7109
1791317800,47179.3924
1791317802,47199.1492
1791317804,47207.7999
1791317806,47208.0859
1791317808,47194.0003
1791317810,47207.9078
1791317812,47202.6969
1791317814,47217.6118
1791317816,47207.0335
1791317818,47193.2986
1791317820,47206.7261
1791317822,47210.1854
1791317824,47220.5651
1791317826,47218.2398
1791317828,47218.27
1791317830,47238.5964
1791317832,47230.6848
1791317834,47228.1784
1791317836,47233.8922
1791317838,47232.8627
1791317840,47249.9061
1791317842,47237.0444
1791317844,47238.9552
1791317846,47229.3512
1791317848,47225.9454
1791317850,47237.6515
1791317852,47224.086
1791317854,47228.0809
1791317856,47235.3372
1791317858,47240.0138
1791317860,47238.0153
1791317862,47245.4649
1791317864,47243.404
1791317866,47239.2385
1791317868,47221.9422
1791317870,47217.5664
1791317872,47211.5502
1791317874,47215.6094
1791317876,47232.0386
1791317878,47216.5686
1791317880,47220.408
1791317882,47230.2148
1791317884,47246.4545
1791317886,47251.7125
1791317888,47255.013
1791317890,47248.1139
1791317892,47257.4516
1791317894,47263.3932
1791317896,47276.36
1791317898,47274.866
1791317900,47280.6167
1791317902,47274.5345
1791317904,47276.7034
1791317906,47285.6348
1791317908,47277.3176
1791317910,47280.7521
1791317912,47267.2142
1791317914,47271.3588
1791317916,47262.5962
1791317918,47268.2547
1791317920,47280.0624
1791317922,47291.6692
1791317924,47291.7485
1791317926,47293.8041
1791317928,47298.2332
1791317930,47292.6434
1791317932,47282.6221
1791317934,47280.409
1791317936,47286.0378
1791317938,47283.9732
1791317940,47271.3395
1791317942,47276.9961
1791317944,47288.2741
1791317946,47292.972
1791317948,47302.4781
1791317950,47301.2771
1791317952,47281.8743
1791317954,47279.9378
1791317956,47276.7662
1791317958,47277.4143
1791317960,47267.9859
1791317962,47276.5479
1791317964,47267.7608
1791317966,47264.8035
1791317968,47257.0767
1791317970,47276.3713
1791317972,47276.4217
1791317974,47274.4949
1791317976,47298.4578
1791317978,47300.0535
1791317980,47287.8807
1791317982,47278.3807
1791317984,47280.4472
1791317986,47286.425
1791317988,47291.8169
1791317990,47292.0695
1791317992,47282.1254
1791317994,47294.8642
1791317996,47294.842
1791317998,47305.4477
1791318000,47322.1368
1791318002,47315.6443
1791318004,47306.6292
1791318006,47296.5499
1791318008,47304.079
1791318010,47299.0151
1791318012,47308.8726
1791318014,47300.3223
1791318016,47298.4797
1791318018,47317.8506
1791318020,47300.6821
1791318022,47295.6727
1791318024,47297.8923
1791318026,47297.579
1791318028,47308.0681
1791318030,47309.7275
1791318032,47322.0466
1791318034,47333.8304
1791318036,47342.9857
1791318038,47352.115
1791318040,47368.8088
1791318042,47360.6632
1791318044,47349.1894
1791318046,47350.6202
1791318048,47362.886
1791318050,47360.7603
1791318052,47360.2133
1791318054,47351.7529
1791318056,47354.7849
1791318058,47347.8133
1791318060,47339.6963
1791318062,47340.6469
1791318064,47335.7069
1791318066,47330.7277
1791318068,47344.0633
1791318070,47328.7951
1791318072,47321.3729
1791318074,47345.0032
1791318076,47337.245
1791318078,47335.0348
1791318080,47344.8735
1791318082,47347.1716
1791318084,47336.9182
1791318086,47342.9411
1791318088,47338.1414
1791318090,47341.2198
1791318092,47336.306
1791318094,47342.0292
1791318096,47340.1442
1791318098,47334.4384
1791318100,47332.1144
1791318102,47326.9675
1791318104,47321.1701
1791318106,47315.412
1791318108,47319.8478
1791318110,47310.5676
1791318112,47320.3583
1791318114,47319.1865
1791318116,47329.4588
1791318118,47326.1809
1791318120,47325.7968
1791318122,47337.911
1791318124,47340.7956
1791318126,47321.4527
1791318128,47324.9418
1791318130,47330.5186
1791318132,47350.8524
1791318134,47363.1561
1791318136,47361.0104
1791318138,47369.1051
1791318140,47366.2103
1791318142,47356.9671
1791318144,47359.7918
1791318146,47376.0924
1791318148,47377.4766
1791318150,47368.4267
1791318152,47356.9964
1791318154,47356.9395
1791318156,47350.4417
1791318158,47329.6179
1791318160,47341.607
1791318162,47352.6649
1791318164,47356.8093
1791318166,47352.002
1791318168,47348.2609
1791318170,47347.7726
1791318172,47331.7978
1791318174,47333.9634
1791318176,47361.3358
1791318178,47387.7408
1791318180,47378.0605
1791318182,47379.4435
1791318184,47376.5877
1791318186,47360.9223
1791318188,47352.779
1791318190,47359.6916
1791318192,47353.4578
1791318194,47345.8197
1791318196,47343.2089
1791318198,47345.9093
1791318200,47315.4273
1791318202,47313.3872
1791318204,47310.7806
1791318206,47313.6344
1791318208,47315.4702
1791318210,47302.8161
1791318212,47302.239
1791318214,47320.0597
1791318216,47313.7612
1791318218,47311.3804
1791318220,47314.3359
1791318222,47315.5472
1791318224,47330.1659
1791318226,47328.451
1791318228,47322.2304
1791318230,47306.1907
1791318232,47293.1264
1791318234,47299.8488
1791318236,47289.8506
1791318238,47278.7866
1791318240,47282.8471
1791318242,47279.0903
1791318244,47277.0854
1791318246,47267.3681
1791318248,47263.458
1791318250,47259.5117
1791318252,47249.8279
1791318254,47239.9588
1791318256,47234.4473
1791318258,47238.3034
1791318260,47221.1113
1791318262,47224.8526
1791318264,47238.4846
1791318266,47214.9832
1791318268,47217.3262
1791318270,47219.7966
1791318272,47216.6279
1791318274,47203.9583
1791318276,47191.016
1791318278,47194.1748
1791318280,47203.3972
1791318282,47193.6088
1791318284,47206.3694
1791318286,47213.081
1791318288,47202.3791
1791318290,47193.9596
1791318292,47192.2575
1791318294,47196.1393
1791318296,47197.1415
1791318298,47212.036
1791318300,47217.8589
1791318302,47199.6506
1791318304,47194.1718
1791318306,47190.905
1791318308,47202.2806
1791318310,47199.3146
1791318312,47205.9133
1791318314,47210.9975
1791318316,47222.0604
1791318318,47219.4285
1791318320,47223.741
1791318322,47229.9262
1791318324,47238.3915
1791318326,47249.1852
1791318328,47237.8742
1791318330,47232.4584
1791318332,47218.3547
1791318334,47234.3308
1791318336,47225.3659
1791318338,47213.0111
1791318340,47232.899
1791318342,47231.5195
1791318344,47233.1372
1791318346,47225.6915
1791318348,47217.5326
1791318350,47227.8924
1791318352,47217.8246
1791318354,47211.395
1791318356,47211.2396
1791318358,47204.3956
1791318360,47203.1692
1791318362,47199.1434
1791318364,47211.888
1791318366,47213.324
1791318368,47210.5446
1791318370,47206.8341
1791318372,47219.9381
1791318374,47231.1872
1791318376,47220.8609
1791318378,47218.9799
1791318380,47220.5476
1791318382,47223.1179
1791318384,47198.5085
1791318386,47203.5616
1791318388,47203.1314
1791318390,47209.1659
1791318392,47217.8477
1791318394,47204.3897
1791318396,47212.7362
1791318398,47220.7172
1791318400,47220.3244
1791318402,47218.9075
1791318404,47220.6286
1791318406,47234.6204
1791318408,47242.098
1791318410,47260.8897
1791318412,47250.7472
1791318414,47252.1139
1791318416,47255.5038
1791318418,47248.8819
1791318420,47254.9242
1791318422,47252.4617
1791318424,47251.6418
1791318426,47252.7927
1791318428,47260.4583
1791318430,47255.399
1791318432,47257.8254
1791318434,47262.8936
1791318436,47266.5331
1791318438,47283.7427
1791318440,47271.4523
1791318442,47263.8474
1791318444,47276.9655
1791318446,47281.7491
1791318448,47272.88
1791318450,47293.5171
1791318452,47290.9455
1791318454,47296.0345
1791318456,47289.4252
1791318458,47284.9642
1791318460,47273.8992
1791318462,47273.0453
1791318464,47265.049
1791318466,47265.8581
1791318468,47271.8344
1791318470,47272.5213
1791318472,47259.5793
1791318474,47261.2162
1791318476,47255.0736
1791318478,47258.8508
1791318480,47263.5999
1791318482,47259.7488
1791318484,47252.0873
1791318486,47228.3262
1791318488,47227.6638
1791318490,47227.9487
1791318492,47225.7795
1791318494,47224.8356
1791318496,47215.6874
1791318498,47223.6888
1791318500,47227.4181
1791318502,47215.8554
1791318504,47203.2825
1791318506,47200.5638
1791318508,47193.3359
1791318510,47199.0892
1791318512,47200.3429
1791318514,47189.5064
1791318516,47195.8332
1791318518,47200.0426
1791318520,47190.3001
1791318522,47203.6702
1791318524,47206.96
1791318526,47212.3045
1791318528,47218.3142
1791318530,47225.4476
1791318532,47209.278
1791318534,47214.0767
1791318536,47211.5357
1791318538,47208.5469
1791318540,47213.4817
1791318542,47198.3341
1791318544,47193.6945
1791318546,47184.0501
1791318548,47177.1167
1791318550,47195.067
1791318552,47210.5023
1791318554,47197.3701
1791318556,47191.8232
1791318558,47200.0732
1791318560,47197.3169
1791318562,47208.8978
1791318564,47197.9348
1791318566,47193.9429
1791318568,47195.4947
1791318570,47185.4214
1791318572,47188.1835
1791318574,47190.0667
1791318576,47203.9949
1791318578,47212.514
1791318580,47225.3963
1791318582,47226.6694
1791318584,47232.4397
1791318586,47219.5657
1791318588,47230.012
1791318590,47219.2782
1791318592,47223.2652
1791318594,47213.0625
1791318596,47223.5305
1791318598,47209.6694
1791318600,47216.2069
1791318602,47219.0887
1791318604,47209.9877
1791318606,47228.8816
1791318608,47234.4629
1791318610,47226.8182
1791318612,47209.9666
1791318614,47218.1496
1791318616,47213.7864
1791318618,47215.3509
1791318620,47197.5085
1791318622,47198.3736
1791318624,47193.8669
1791318626,47173.6802
1791318628,47179.2461
1791318630,47183.8236
1791318632,47189.6766
1791318634,47188.0296
1791318636,47189.8273
1791318638,47189.708
1791318640,47186.9623
1791318642,47172.8042
1791318644,47170.6936
1791318646,47175.3751
1791318648,47175.8532
1791318650,47195.3346
1791318652,47205.8327
1791318654,47196.8505
1791318656,47209.879
1791318658,47213.9508
1791318660,47220.6658
1791318662,47223.6363
1791318664,47203.436
1791318666,47200.7005
1791318668,47192.0496
1791318670,47199.1303
1791318672,47196.9498
1791318674,47203.9559
1791318676,47197.123
1791318678,47220.6584
1791318680,47228.8329
1791318682,47213.861
1791318684,47219.5539
1791318686,47226.0019
1791318688,47239.0811
1791318690,47231.3993
1791318692,47235.7427
1791318694,47224.1389
1791318696,47229.4726
1791318698,47227.0032
1791318700,47214.6756
1791318702,47198.2049
1791318704,47211.4895
1791318706,47215.7308
1791318708,47217.2598
1791318710,47214.0777
1791318712,47206.6973
1791318714,47207.0374
1791318716,47209.0615
1791318718,47219.4429
1791318720,47205.1893
1791318722,47200.6786
1791318724,47209.4761
1791318726,47210.0576
1791318728,47212.238
1791318730,47211.6888
1791318732,47217.3291
1791318734,47211.1464
1791318736,47217.4533
1791318738,47219.1154
1791318740,47210.9563
1791318742,47217.2982
1791318744,47212.1143
1791318746,47222.8578
1791318748,47212.6179
1791318750,47204.9959
1791318752,47196.297
1791318754,47208.0947
1791318756,47208.4393
1791318758,47233.5157
1791318760,47235.8311
1791318762,47236.8136
1791318764,47247.0822
1791318766,47255.5687
1791318768,47262.4429
1791318770,47264.6011
1791318772,47253.3367
1791318774,47271.4774
1791318776,47270.2926
1791318778,47263.1264
1791318780,47278.5189
1791318782,47269.3186
1791318784,47275.7793
1791318786,47273.0239
1791318788,47279.5821
1791318790,47269.1596
1791318792,47264.8096
1791318794,47256.8133
1791318796,47239.8662
1791318798,47239.1805
1791318800,47247.2887
1791318802,47258.4851
1791318804,47258.1743
1791318806,47265.0874
1791318808,47253.0454
1791318810,47254.0544
1791318812,47259.3486
1791318814,47275.7193
1791318816,47262.0676
1791318818,47265.3179
1791318820,47266.6019
1791318822,47276.9762
1791318824,47291.6008
1791318826,47293.1405
1791318828,47289.6401
1791318830,47289.152
1791318832,47287.2938
1791318834,47293.502
1791318836,47304.8479
1791318838,47306.0264
1791318840,47311.9666
1791318842,47306.7263
1791318844,47306.9158
1791318846,47315.3251
1791318848,47304.7176
1791318850,47306.4753
1791318852,47308.4132
1791318854,47313.8102
1791318856,47332.9041
1791318858,47334.6791
1791318860,47336.2643
1791318862,47326.1607
1791318864,47330.4273
1791318866,47325.3272
1791318868,47324.727
1791318870,47337.3919
1791318872,47346.1761
1791318874,47334.9973
1791318876,47346.3053
1791318878,47337.6652
1791318880,47343.1019
1791318882,47359.7419
1791318884,47368.6423
1791318886,47382.1932
1791318888,47375.5521
1791318890,47372.4182
1791318892,47365.0822
1791318894,47359.2983
1791318896,47370.9149
1791318898,47369.8354
1791318900,47371.1485
1791318902,47403.3021
1791318904,47411.8682
1791318906,47410.6688
1791318908,47401.2646
1791318910,47388.6854
1791318912,47395.8908
1791318914,47392.0922
1791318916,47393.2996
1791318918,47397.5429
1791318920,47394.028
1791318922,47406.0141
1791318924,47399.8549
1791318926,47402.2682
1791318928,47411.302
1791318930,47421.3106
1791318932,47452.295
1791318934,47464.8057
1791318936,47467.8343
1791318938,47475.063
1791318940,47469.6467
1791318942,47470.8965
1791318944,47478.5767
1791318946,47471.6644
1791318948,47480.171
1791318950,47478.5888
1791318952,47480.8202
1791318954,47488.3262
1791318956,47481.0458
1791318958,47480.8655
1791318960,47487.6283
1791318962,47474.7118
1791318964,47484.6298
1791318966,47485.7103
1791318968,47489.5382
1791318970,47493.0473
1791318972,47502.999
1791318974,47506.0711
1791318976,47498.3862
1791318978,47501.5169
1791318980,47482.3191
1791318982,47466.8421
1791318984,47452.2159
1791318986,47470.4367
1791318988,47456.9803
1791318990,47465.1233
1791318992,47472.2518
1791318994,47471.0443
1791318996,47466.2072
1791318998,47461.4944
1791319000,47469.0596
1791319002,47485.5058
1791319004,47478.5764
1791319006,47484.8621
1791319008,47484.059
1791319010,47490.8017
1791319012,47490.2581
1791319014,47492.2923
1791319016,47500.2495
1791319018,47496.9611
1791319020,47505.6041
1791319022,47502.004
1791319024,47494.3022
1791319026,47479.1056
1791319028,47470.4978
1791319030,47473.971
1791319032,47478.1781
1791319034,47478.7548
1791319036,47489.3986
1791319038,47489.8421
1791319040,47487.2603
1791319042,47487.4651
1791319044,47472.2326
1791319046,47473.356
1791319048,47474.7296
1791319050,47472.022
1791319052,47455.7588
1791319054,47443.3396
1791319056,47454.2449
1791319058,47449.1498
1791319060,47452.4259
1791319062,47465.8437
1791319064,47468.0514
1791319066,47455.8556
1791319068,47452.0416
1791319070,47462.9147
1791319072,47456.9492
1791319074,47467.9548
1791319076,47470.2173
1791319078,47475.8717
1791319080,47468.0807
1791319082,47468.9848
1791319084,47474.3918
1791319086,47475.6479
1791319088,47474.4663
1791319090,47479.3232
1791319092,47473.124
1791319094,47479.6661
1791319096,47475.4353
1791319098,47472.0481
1791319100,47477.2403
1791319102,47477.3791
1791319104,47483.6736
1791319106,47490.2561
1791319108,47500.3563
1791319110,47493.7011
1791319112,47503.1776
1791319114,47498.4312
1791319116,47480.0754
1791319118,47493.0336
1791319120,47494.1595
1791319122,47478.2675
1791319124,47495.1627
1791319126,47481.9192
1791319128,47484.9641
1791319130,47482.2903
1791319132,47484.9205
1791319134,47485.0487
1791319136,47484.9138
1791319138,47489.5942
1791319140,47483.9046
1791319142,47487.8018
1791319144,47482.6778
1791319146,47485.2968
1791319148,47487.9104
1791319150,47487.9917
1791319152,47503.5177
1791319154,47510.0738
1791319156,47507.2176
1791319158,47509.904
1791319160,47505.8899
1791319162,47503.8694
1791319164,47512.689
1791319166,47515.6734
1791319168,47518.4315
1791319170,47531.2097
1791319172,47531.1605
1791319174,47554.4782
1791319176,47546.2772
1791319178,47536.1923
1791319180,47530.6548
1791319182,47518.9877
1791319184,47489.6384
1791319186,47497.2766
1791319188,47504.1144
1791319190,47507.4835
1791319192,47521.4488
1791319194,47511.4886
1791319196,47507.7629
1791319198,47509.7909
1791319200,47512.0221
1791319202,47520.458
1791319204,47522.4573
1791319206,47539.9308
1791319208,47544.5332
1791319210,47550.0731
1791319212,47540.6439
1791319214,47536.4538
1791319216,47533.7724
1791319218,47528.2261
1791319220,47524.135
1791319222,47518.0227
1791319224,47523.5088
1791319226,47515.5183
1791319228,47520.0813
1791319230,47520.9763
1791319232,47529.7941
1791319234,47524.2895
1791319236,47513.5253
1791319238,47521.4242
1791319240,47519.893
1791319242,47519.8692
1791319244,47517.4959
1791319246,47504.2285
1791319248,47515.1553
1791319250,47517.4223
1791319252,47535.3603
1791319254,47535.7556
1791319256,47535.4701
1791319258,47540.0016
1791319260,47551.4388
1791319262,47547.9517
1791319264,47546.332
1791319266,47551.5453
1791319268,47527.3343
1791319270,47526.9177
1791319272,47515.8802
1791319274,47499.3756
1791319276,47505.1824
1791319278,47490.1638
1791319280,47497.2787
1791319282,47500.2885
1791319284,47505.6908
1791319286,47506.8891
1791319288,47500.4027
1791319290,47503.1386
1791319292,47503.1997
1791319294,47501.3739
1791319296,47508.2047
1791319298,47513.0976
1791319300,47510.4905
1791319302,47514.2801
1791319304,47510.5172
1791319306,47506.1699
1791319308,47529.4424
1791319310,47524.4362
1791319312,47541.8354
1791319314,47543.1351
1791319316,47538.5604
1791319318,47535.8774
1791319320,47541.9609
1791319322,47548.5949
1791319324,47548.6185
1791319326,47554.3518
1791319328,47553.0179
1791319330,47563.685
1791319332,47571.3942
1791319334,47578.9708
1791319336,47583.9111
1791319338,47607.7309
1791319340,47605.4518
1791319342,47604.288
1791319344,47582.3898
1791319346,47572.7147
1791319348,47589.2275
1791319350,47588.9846
1791319352,47578.4749
1791319354,47582.516
1791319356,47583.826
1791319358,47567.8002
1791319360,47576.9972
1791319362,47566.2952
1791319364,47566.2298
1791319366,47558.7898
1791319368,47569.3142
1791319370,47571.9188
1791319372,47577.3976
1791319374,47578.3058
1791319376,47567.5172
1791319378,47554.9757
1791319380,47567.7848
1791319382,47555.5845
1791319384,47558.8119
1791319386,47552.4176
1791319388,47562.5888
1791319390,47559.2941
1791319392,47566.3689
1791319394,47566.0852
1791319396,47573.6682
1791319398,47579.8571
1791319400,47569.8472
1791319402,47561.2
1791319404,47553.7388
1791319406,47575.7718
1791319408,47581.3002
1791319410,47580.9566
1791319412,47583.7508
1791319414,47587.3094
1791319416,47599.5519
1791319418,47590.6335
1791319420,47592.1113
1791319422,47601.362
1791319424,47606.2014
1791319426,47612.8395
1791319428,47620.5919
1791319430,47638.089
1791319432,47634.1434
1791319434,47637.1474
1791319436,47617.3285
1791319438,47620.4812
1791319440,47623.4401
1791319442,47643.5823
1791319444,47657.1588
1791319446,47656.1814
1791319448,47654.7251
1791319450,47638.6942
1791319452,47635.4808
1791319454,47606.815
1791319456,47605.3456
1791319458,47613.2412
1791319460,47614.2996
1791319462,47624.4571
1791319464,47628.7855
1791319466,47634.9101
1791319468,47626.4445
1791319470,47626.4415
1791319472,47624.0874
1791319474,47625.3399
1791319476,47617.4141
1791319478,47617.3439
1791319480,47620.4162
1791319482,47616.2681
1791319484,47611.2472
1791319486,47610.7692
1791319488,47623.2492
1791319490,47616.1583
1791319492,47599.4796
1791319494,47596.924
1791319496,47604.0785
1791319498,47610.7559
1791319500,47604.7923
1791319502,47625.0324
1791319504,47622.6716
1791319506,47628.516
1791319508,47630.2344
1791319510,47606.6481
1791319512,47612.8879
1791319514,47623.1188
1791319516,47630.5415
1791319518,47620.7625
1791319520,47617.6618
1791319522,47622.9133
1791319524,47620.6129
1791319526,47616.8159
1791319528,47624.7074
1791319530,47637.968
1791319532,47633.6419
1791319534,47641.8436
1791319536,47653.3969
1791319538,47666.1061
1791319540,47651.5389
1791319542,47649.6498
1791319544,47663.2309
1791319546,47660.9769
1791319548,47669.0071
1791319550,47664.7326
1791319552,47667.185
1791319554,47671.8368
1791319556,47684.1435
1791319558,47691.2431
1791319560,47684.5446
1791319562,47677.5314
1791319564,47685.361
1791319566,47665.4318
1791319568,47654.0324
1791319570,47654.6748
1791319572,47646.3296
1791319574,47641.8116
1791319576,47645.8649
1791319578,47644.4448
1791319580,47654.0035
1791319582,47666.6667
1791319584,47663.254
1791319586,47664.7765
1791319588,47648.3089
1791319590,47651.0908
1791319592,47654.0149
1791319594,47659.4956
1791319596,47658.3284
1791319598,47656.6097
1791319600,47658.8548
1791319602,47655.0857
1791319604,47635.5347
1791319606,47621.7316
1791319608,47617.9067
1791319610,47613.1686
1791319612,47605.8174
1791319614,47597.0039
1791319616,47586.1465
1791319618,47598.9052
1791319620,47606.1672
1791319622,47607.5015
1791319624,47616.3154
1791319626,47607.7611
1791319628,47599.9675
1791319630,47608.9896
1791319632,47598.7035
1791319634,47606.252
1791319636,47609.0902
1791319638,47627.216
1791319640,47615.2484
1791319642,47608.0949
1791319644,47608.1261
1791319646,47613.3068
1791319648,47608.4838
1791319650,47619.3119
1791319652,47631.421
1791319654,47633.0498
1791319656,47640.6523
1791319658,47643.2758
1791319660,47638.4038
1791319662,47635.8339
1791319664,47652.546
1791319666,47669.8552
1791319668,47666.6417
1791319670,47676.9631
1791319672,47681.6909
1791319674,47694.9988
1791319676,47692.2227
1791319678,47682.1192
1791319680,47680.6648
1791319682,47684.3169
1791319684,47681.0994
1791319686,47673.2703
1791319688,47669.5826
1791319690,47674.6306
1791319692,47666.746
1791319694,47655.3217
1791319696,47640.2927
1791319698,47645.1036
1791319700,47649.4401
1791319702,47647.8552
1791319704,47663.3068
1791319706,47674.9945
1791319708,47678.9219
1791319710,47688.0436
1791319712,47666.7381
1791319714,47677.6647
1791319716,47658.2976
1791319718,47640.9597
1791319720,47643.6596
1791319722,47645.5291
1791319724,47634.8546
1791319726,47630.8228
1791319728,47608.8379
1791319730,47611.0052
1791319732,47613.4682
1791319734,47616.1995
1791319736,47608.8642
1791319738,47608.586
1791319740,47640.3952
1791319742,47634.5545
1791319744,47635.65
1791319746,47651.3333
1791319748,47662.6798
1791319750,47664.2667
1791319752,47661.1014
1791319754,47648.0732
1791319756,47642.3745
1791319758,47633.4707
1791319760,47627.4206
1791319762,47634.2013
1791319764,47635.5248
1791319766,47622.7935
1791319768,47617.9204
1791319770,47611.7896
1791319772,47638.8305
1791319774,47632.0133
1791319776,47624.4613
1791319778,47617.9749
1791319780,47629.6602
1791319782,47628.3213
1791319784,47616.0796
1791319786,47618.5207
1791319788,47615.9075
1791319790,47619.1405
1791319792,47610.9723
1791319794,47593.1626
1791319796,47589.4249
1791319798,47596.2132
1791319800,47612.9098
1791319802,47618.1493
1791319804,47617.9725
1791319806,47614.8429
1791319808,47631.9328
1791319810,47620.6015
1791319812,47621.3522
1791319814,47627.5407
1791319816,47618.8793
1791319818,47617.8281
1791319820,47617.7922
1791319822,47609.2062
1791319824,47614.4723
1791319826,47615.4634
1791319828,47604.6122
1791319830,47611.6328
1791319832,47605.295
1791319834,47604.1708
1791319836,47608.0918
1791319838,47610.3308
1791319840,47608.5259
1791319842,47606.4416
1791319844,47617.049
1791319846,47616.6937
1791319848,47617.3794
1791319850,47637.8757
1791319852,47639.0573
1791319854,47646.0581
1791319856,47637.7055
1791319858,47635.0371
1791319860,47634.4467
1791319862,47619.1471
1791319864,47621.4016
1791319866,47637.6806
1791319868,47622.8682
1791319870,47634.5614
1791319872,47631.3572
1791319874,47630.5891
1791319876,47619.0373
1791319878,47608.6988
1791319880,47609.5997
1791319882,47595.1536
1791319884,47592.744
1791319886,47608.6475
1791319888,47602.7786
1791319890,47599.0043
1791319892,47608.8863
1791319894,47617.8782
1791319896,47638.031
1791319898,47636.5118
1791319900,47639.9713
1791319902,47631.7501
1791319904,47631.2481
1791319906,47633.0436
1791319908,47645.1982
1791319910,47665.1804
1791319912,47679.9467
1791319914,47689.2653
1791319916,47679.2415
1791319918,47686.4686
1791319920,47685.7073
1791319922,47689.2089
1791319924,47683.6065
1791319926,47692.4405
1791319928,47679.2559
1791319930,47691.4596
1791319932,47705.1858
1791319934,47688.2884
1791319936,47689.7067
1791319938,47677.4921
1791319940,47681.2958
1791319942,47679.1382
1791319944,47677.5457
1791319946,47687.9124
1791319948,47690.5774
1791319950,47679.9768
1791319952,47678.1073
1791319954,47675.8917
1791319956,47672.2231
1791319958,47687.35
1791319960,47699.3805
1791319962,47714.6368
1791319964,47707.66
1791319966,47696.5373
1791319968,47690.6413
1791319970,47686.3441
1791319972,47677.4819
1791319974,47692.156
1791319976,47690.0898
1791319978,47694.7299
1791319980,47691.4164
1791319982,47702.5347
1791319984,47706.6378
1791319986,47696.2512
1791319988,47694.2439
1791319990,47707.3404
1791319992,47701.9802
1791319994,47710.7591
1791319996,47714.0207
1791319998,47715.0723
1791320000,47710.879
1791320002,47722.7322
1791320004,47738.8618
1791320006,47732.4037
1791320008,47746.2973
1791320010,47745.2604
1791320012,47733.7907
1791320014,47730.7785
1791320016,47741.6553
1791320018,47746.9605
1791320020,47739.8186
1791320022,47732.2263
1791320024,47731.8117
1791320026,47732.0877
1791320028,47736.4516
1791320030,47723.2693
1791320032,47709.3005
1791320034,47692.9714
1791320036,47689.3012
1791320038,47694.761
1791320040,47697.3474
1791320042,47695.039
1791320044,47696.1659
1791320046,47690.8534
1791320048,47696.1914
1791320050,47692.8986
1791320052,47671.4818
1791320054,47674.5014
1791320056,47679.1932
1791320058,47674.8063
1791320060,47670.5665
1791320062,47673.2665
1791320064,47676.6427
1791320066,47677.9433
1791320068,47660.538
1791320070,47657.8318
1791320072,47671.3411
1791320074,47674.6019
1791320076,47670.8048
1791320078,47684.2048
1791320080,47675.0375
1791320082,47672.5131
1791320084,47693.6562
1791320086,47690.6621
1791320088,47700.6805
1791320090,47681.1808
1791320092,47677.3894
1791320094,47674.2689
1791320096,47668.609
1791320098,47656.2419
1791320100,47647.0643
1791320102,47654.4249
1791320104,47659.2796
1791320106,47667.4142
1791320108,47657.1465
1791320110,47663.3186
1791320112,47656.9094
1791320114,47646.6054
1791320116,47653.7734
1791320118,47655.7435
1791320120,47657.4317
1791320122,47655.4619
1791320124,47661.0242
1791320126,47650.7868
1791320128,47673.6306
1791320130,47663.663
1791320132,47661.8727
1791320134,47660.9076
1791320136,47678.8259
1791320138,47677.0218
1791320140,47694.1277
1791320142,47694.7974
1791320144,47697.3737
1791320146,47695.4984
1791320148,47695.8819
1791320150,47683.8572
1791320152,47673.1699
1791320154,47678.5494
1791320156,47675.0821
1791320158,47683.6957
1791320160,47666.5171
1791320162,47664.3792
1791320164,47662.6828
1791320166,47674.6898
1791320168,47678.6032
1791320170,47674.4441
1791320172,47685.9649
1791320174,47700.8521
1791320176,47690.5862
1791320178,47698.4325
1791320180,47718.9662
1791320182,47706.4414
1791320184,47718.5349
1791320186,47718.861
1791320188,47726.8818
1791320190,47716.7438
1791320192,47712.758
1791320194,47719.5778
1791320196,47714.9693
1791320198,47713.3216
1791320200,47715.0762
1791320202,47721.4197
1791320204,47711.165
1791320206,47708.4634
1791320208,47703.8545
1791320210,47707.2255
1791320212,47689.1816
1791320214,47682.966
1791320216,47675.5404
1791320218,47675.8023
1791320220,47667.0726
1791320222,47657.9279
1791320224,47649.2352
1791320226,47656.1203
1791320228,47675.2177
1791320230,47682.1252
1791320232,47682.2962
1791320234,47678.867
1791320236,47688.6462
1791320238,47680.8662
1791320240,47680.9874
1791320242,47684.1892
1791320244,47680.8798
1791320246,47685.4049
1791320248,47699.3439
1791320250,47709.9509
1791320252,47722.3853
1791320254,47715.7052
1791320256,47732.9668
1791320258,47731.6231
1791320260,47737.566
1791320262,47735.2604
1791320264,47729.8983
1791320266,47723.981
1791320268,47722.321
1791320270,47730.5685
1791320272,47724.8257
1791320274,47720.0274
1791320276,47731.5908
1791320278,47735.7293
1791320280,47730.6544
1791320282,47713.8649
1791320284,47709.3867
1791320286,47711.9751
1791320288,47717.5874
1791320290,47715.2089
1791320292,47709.6689
1791320294,47714.8212
1791320296,47726.2796
1791320298,47718.7457
1791320300,47711.7997
1791320302,47696.0881
1791320304,47687.1753
1791320306,47693.3786
1791320308,47710.5695
1791320310,47718.3468
1791320312,47709.1179
1791320314,47695.7827
1791320316,47695.762
1791320318,47701.1095
1791320320,47679.9698
1791320322,47690.4598
1791320324,47694.4751
1791320326,47697.123
1791320328,47703.8713
1791320330,47702.8068
1791320332,47703.3332
1791320334,47697.6768
1791320336,47691.6883
1791320338,47691.028
1791320340,47693.8032
1791320342,47676.4447
1791320344,47678.319
1791320346,47674.3792
1791320348,47673.6309
1791320350,47677.4807
1791320352,47671.0518
1791320354,47671.2916
1791320356,47667.3044
1791320358,47656.407
1791320360,47670.343
1791320362,47690.2757
1791320364,47697.25
1791320366,47700.82
1791320368,47711.2982
1791320370,47716.8397
1791320372,47717.7186
1791320374,47712.8463
1791320376,47713.7331
1791320378,47715.3547
1791320380,47725.9808
1791320382,47727.1827
1791320384,47718.354
1791320386,47698.2695
1791320388,47701.8569
1791320390,47695.4212
1791320392,47689.8274
1791320394,47672.4749
1791320396,47670.782
1791320398,47668.0489
1791320400,47664.6861
1791320402,47664.286
1791320404,47668.0355
1791320406,47654.259
1791320408,47657.3913
1791320410,47657.6858
1791320412,47658.6315
1791320414,47654.9207
1791320416,47647.1111
1791320418,47644.1011
1791320420,47644.4541
1791320422,47641.2699
1791320424,47625.9605
1791320426,47635.7969
1791320428,47634.2146
1791320430,47641.6588
1791320432,47635.1918
1791320434,47624.4197
1791320436,47618.3736
1791320438,47608.9817
1791320440,47600.4103
1791320442,47585.6934
1791320444,47592.081
1791320446,47588.897
1791320448,47583.8585
1791320450,47582.7072
1791320452,47583.2248
1791320454,47586.0737
1791320456,47589.4018
1791320458,47566.4996
1791320460,47537.7895
1791320462,47537.0857
1791320464,47533.9917
1791320466,47532.1055
1791320468,47527.4514
1791320470,47520.0376
1791320472,47520.0712
1791320474,47503.1988
1791320476,47498.2059
1791320478,47499.2443
1791320480,47513.628
1791320482,47516.4388
1791320484,47518.6792
1791320486,47511.6397
1791320488,47495.4432
1791320490,47499.6441
1791320492,47492.3501
1791320494,47478.3067
1791320496,47484.5243
1791320498,47488.7243
1791320500,47489.1428
1791320502,47479.0221
1791320504,47489.5961
1791320506,47486.3083
1791320508,47483.5851
1791320510,47490.3466
1791320512,47489.0276
1791320514,47490.2933
1791320516,47493.3883
1791320518,47496.0113
1791320520,47495.4726
1791320522,47485.9265
1791320524,47485.1336
1791320526,47481.8254
1791320528,47470.0974
1791320530,47472.2196
1791320532,47473.8663
1791320534,47472.7426
1791320536,47481.3401
1791320538,47482.4297
1791320540,47490.9029
1791320542,47490.5746
1791320544,47506.0472
1791320546,47516.4921
1791320548,47503.4425
1791320550,47506.1983
1791320552,47504.1042
1791320554,47500.4684
1791320556,47484.1176
1791320558,47486.5074
1791320560,47503.3357
1791320562,47499.2872
1791320564,47497.864
1791320566,47493.3803
1791320568,47476.7083
1791320570,47486.4705
1791320572,47495.8454
1791320574,47482.4934
1791320576,47487.8328
1791320578,47483.3626
1791320580,47482.4648
1791320582,47485.1594
1791320584,47489.019
1791320586,47478.8386
1791320588,47477.0635
1791320590,47473.8257
1791320592,47460.7715
1791320594,47447.2768
1791320596,47441.9001
1791320598,47451.4676
1791320600,47450.0315
1791320602,47446.8046
1791320604,47464.708
1791320606,47454.2474
1791320608,47453.04
1791320610,47453.589
1791320612,47452.3269
1791320614,47455.3062
1791320616,47465.3797
1791320618,47484.2106
1791320620,47473.6295
1791320622,47486.9603
1791320624,47483.0357
1791320626,47482.1309
1791320628,47476.7006
1791320630,47468.532
1791320632,47453.8665
1791320634,47447.1624
1791320636,47461.6285
1791320638,47480.5459
1791320640,47477.3598
1791320642,47481.752
1791320644,47469.6524
1791320646,47467.1084
1791320648,47470.8958
1791320650,47483.9673
1791320652,47498.5231
1791320654,47502.033
1791320656,47509.4161
1791320658,47509.0461
1791320660,47504.9857
1791320662,47502.5388
1791320664,47513.4798
1791320666,47518.2698
1791320668,47515.7937
1791320670,47505.6731
1791320672,47497.9265
1791320674,47492.5277
1791320676,47484.489
1791320678,47482.4511
1791320680,47470.0224
1791320682,47467.7093
1791320684,47472.6698
1791320686,47488.2202
1791320688,47476.5368
1791320690,47466.6555
1791320692,47466.8569
1791320694,47463.9449
1791320696,47469.0183
1791320698,47462.6553
1791320700,47461.0281
1791320702,47463.2312
1791320704,47470.7507
1791320706,47460.8556
1791320708,47438.9494
1791320710,47429.779
1791320712,47413.7463
1791320714,47423.6126
1791320716,47441.3666
1791320718,47420.6668
1791320720,47415.0053
1791320722,47406.9187
1791320724,47414.0639
1791320726,47416.9795
1791320728,47407.1126
1791320730,47407.9761
1791320732,47400.5753
1791320734,47417.8304
1791320736,47410.5687
1791320738,47406.1799
1791320740,47391.9679
1791320742,47374.467
1791320744,47370.9906
1791320746,47372.24
1791320748,47376.7403
1791320750,47378.5485
1791320752,47371.1479
1791320754,47373.2502
1791320756,47361.7086
1791320758,47370.841
1791320760,47379.4784
1791320762,47377.6544
1791320764,47378.2499
1791320766,47388.0391
1791320768,47394.5384
1791320770,47403.5914
1791320772,47393.1873
1791320774,47384.0372
1791320776,47383.7457
1791320778,47381.9695
1791320780,47374.7522
1791320782,47364.8995
1791320784,47363.2253
1791320786,47356.8653
1791320788,47359.7809
1791320790,47353.6823
1791320792,47355.51
1791320794,47348.8848
1791320796,47357.4043
1791320798,47367.7763
1791320800,47373.8194
1791320802,47384.6045
1791320804,47378.6395
1791320806,47375.2597
1791320808,47370.7534
1791320810,47378.3673
1791320812,47384.5417
1791320814,47372.8019
1791320816,47372.8826
1791320818,47379.163
1791320820,47375.857
1791320822,47375.8313
1791320824,47381.7852
1791320826,47383.685
1791320828,47370.1299
1791320830,47360.731
1791320832,47351.8467
1791320834,47349.0485
1791320836,47357.446
1791320838,47367.4657
1791320840,47349.5884
1791320842,47350.1921
1791320844,47342.6423
1791320846,47328.7369
1791320848,47339.222
1791320850,47337.2713
1791320852,47339.3779
1791320854,47334.1286
1791320856,47339.2375
1791320858,47344.6629
1791320860,47338.9772
1791320862,47354.2956
1791320864,47356.8165
1791320866,47361.468
1791320868,47361.083
1791320870,47359.1296
1791320872,47337.7976
1791320874,47345.8236
1791320876,47361.1994
1791320878,47351.6483
1791320880,47357.1306
1791320882,47363.1182
1791320884,47353.9133
1791320886,47337.9633
1791320888,47328.5073
1791320890,47333.1824
1791320892,47324.872
1791320894,47333.8746
1791320896,47336.8631
1791320898,47340.1031
1791320900,47350.2851
1791320902,47345.2378
1791320904,47346.6495
1791320906,47329.4014
1791320908,47338.0663
1791320910,47338.3894
1791320912,47337.3676
1791320914,47324.2086
1791320916,47315.3571
1791320918,47311.4626
1791320920,47305.0968
1791320922,47311.7834
1791320924,47320.3427
1791320926,47316.7155
1791320928,47304.8023
1791320930,47315.1665
1791320932,47316.7405
1791320934,47328.2518
1791320936,47330.6406
1791320938,47329.15
1791320940,47319.0855
1791320942,47313.8751
1791320944,47327.3755
1791320946,47328.4231
1791320948,47321.7415
1791320950,47320.273
1791320952,47323.5686
1791320954,47324.3206
1791320956,47314.1495
1791320958,47325.2947
1791320960,47327.6329
1791320962,47332.1874
1791320964,47319.5884
1791320966,47328.2998
1791320968,47329.9233
1791320970,47326.3461
1791320972,47322.2218
1791320974,47323.88
1791320976,47327.8924
1791320978,47342.8138
1791320980,47325.5436
1791320982,47317.2756
1791320984,47324.832
1791320986,47316.1499
1791320988,47312.5263
1791320990,47313.2903
1791320992,47320.0453
1791320994,47320.6287
1791320996,47330.1068
1791320998,47331.0502
1791321000,47323.4141
1791321002,47320.077
1791321004,47313.191
1791321006,47299.2121
1791321008,47297.2559
1791321010,47301.6927
1791321012,47298.0786
1791321014,47309.9441
1791321016,47310.7042
1791321018,47313.2851
1791321020,47311.6715
1791321022,47311.8847
1791321024,47316.592
1791321026,47325.8575
1791321028,47326.5959
1791321030,47325.2449
1791321032,47330.5078
1791321034,47335.4009
1791321036,47321.1206
1791321038,47332.9973
1791321040,47338.4681
1791321042,47349.0062
1791321044,47330.5424
1791321046,47342.5924
1791321048,47342.3498
1791321050,47355.218
1791321052,47357.1323
1791321054,47352.0028
1791321056,47329.1838
1791321058,47334.7627
1791321060,47310.5909
1791321062,47317.5891
1791321064,47334.2898
1791321066,47347.4539
1791321068,47329.3137
1791321070,47333.0005
1791321072,47331.1525
1791321074,47319.3309
1791321076,47326.8644
1791321078,47328.5753
1791321080,47331.6641
1791321082,47339.7565
1791321084,47343.855
1791321086,47342.5581
1791321088,47338.8166
1791321090,47339.8297
1791321092,47341.2121
1791321094,47345.7457
1791321096,47340.3169
1791321098,47339.3684
1791321100,47345.6582
1791321102,47327.6114
1791321104,47344.5632
1791321106,47346.6805
1791321108,47356.3073
1791321110,47353.6466
1791321112,47366.4038
1791321114,47355.1518
1791321116,47354.531
1791321118,47361.1493
1791321120,47364.7672
1791321122,47365.6806
1791321124,47362.0138
1791321126,47361.6423
1791321128,47360.0115
1791321130,47359.4999
1791321132,47370.4372
1791321134,47371.2205
1791321136,47375.2425
1791321138,47359.8691
1791321140,47356.257
1791321142,47354.9266
1791321144,47339.1067
1791321146,47323.9609
1791321148,47323.3177
1791321150,47310.3375
1791321152,47313.4455
1791321154,47319.128
1791321156,47324.5007
1791321158,47303.0884
1791321160,47295.7273
1791321162,47294.7434
1791321164,47278.4104
1791321166,47281.2545
1791321168,47279.3974
1791321170,47279.0441
1791321172,47273.4655
1791321174,47267.8433
1791321176,47277.9906
1791321178,47271.7676
1791321180,47277.1463
1791321182,47277.0594
1791321184,47262.7526
1791321186,47259.941
1791321188,47247.8998
1791321190,47245.9916
1791321192,47240.8696
1791321194,47231.3062
1791321196,47224.0406
1791321198,47227.2335
1791321200,47246.0798
1791321202,47254.5445
1791321204,47257.1745
1791321206,47271.9135
1791321208,47272.0918
1791321210,47285.7013
1791321212,47287.9205
1791321214,47294.8646
1791321216,47277.6773
1791321218,47278.7552
1791321220,47277.2217
1791321222,47293.4173
1791321224,47297.6762
1791321226,47307.1021
1791321228,47295.3732
1791321230,47291.7417
1791321232,47289.7849
1791321234,47290.4217
1791321236,47290.6562
1791321238,47301.7651
1791321240,47301.4109
1791321242,47306.0471
1791321244,47307.0599
1791321246,47327.1863
1791321248,47318.0239
1791321250,47309.7151
1791321252,47308.7258
1791321254,47299.9862
1791321256,47298.3028
1791321258,47307.4053
1791321260,47313.6476
1791321262,47318.1243
1791321264,47301.6058
1791321266,47286.857
1791321268,47282.9788
1791321270,47275.4567
1791321272,47272.4924
1791321274,47261.7832
1791321276,47256.9244
1791321278,47259.916
1791321280,47250.2537
1791321282,47248.4975
1791321284,47246.8538
1791321286,47262.1962
1791321288,47271.9365
1791321290,47264.1956
1791321292,47268.2873
1791321294,47272.4518
1791321296,47274.4465
1791321298,47281.8291
1791321300,47269.1017
1791321302,47261.2906
1791321304,47255.3842
1791321306,47245.0011
1791321308,47246.9804
1791321310,47254.447
1791321312,47257.3302
1791321314,47253.0262
1791321316,47253.86
1791321318,47250.921
1791321320,47243.5351
1791321322,47233.9701
1791321324,47227.6893
1791321326,47220.5907
1791321328,47234.3663
1791321330,47218.7151
1791321332,47218.994
1791321334,47227.3518
1791321336,47221.6412
1791321338,47213.4581
1791321340,47218.6426
1791321342,47217.1525
1791321344,47216.3392
1791321346,47222.9836
1791321348,47202.6537
1791321350,47193.8867
1791321352,47198.8692
1791321354,47187.4747
1791321356,47200.1197
1791321358,47183.1623
1791321360,47183.8358
1791321362,47176.4647
1791321364,47179.9726
1791321366,47178.1002
1791321368,47172.341
1791321370,47182.8302
1791321372,47190.956
1791321374,47189.8343
1791321376,47172.9797
1791321378,47161.9678
1791321380,47150.9473
1791321382,47143.6798
1791321384,47133.2122
1791321386,47134.879
1791321388,47123.3093
1791321390,47118.2678
1791321392,47105.6698
1791321394,47089.5484
1791321396,47098.4517
1791321398,47081.5167
1791321400,47086.006
1791321402,47081.8275
1791321404,47076.3778
1791321406,47081.5491
1791321408,47080.7385
1791321410,47083.7593
1791321412,47083.8268
1791321414,47087.5917
1791321416,47105.8511
1791321418,47099.1667
1791321420,47108.0302
1791321422,47106.1621
1791321424,47108.7507
1791321426,47101.5225
1791321428,47083.4164
1791321430,47070.2492
1791321432,47083.2777
1791321434,47084.323
1791321436,47086.5553
1791321438,47100.1728
1791321440,47104.6063
1791321442,47106.257
1791321444,47109.7661
1791321446,47107.2
1791321448,47109.8884
1791321450,47112.3858
1791321452,47113.5042
1791321454,47098.7049
1791321456,47088.1532
1791321458,47092.7229
1791321460,47074.544
1791321462,47089.6384
1791321464,47085.7448
1791321466,47087.6481
1791321468,47093.619
1791321470,47090.1147
1791321472,47077.653
1791321474,47069.8019
1791321476,47050.907
1791321478,47054.2115
1791321480,47060.1531
1791321482,47056.333
1791321484,47055.3788
1791321486,47059.4429
1791321488,47055.5667
1791321490,47052.3499
1791321492,47064.1117
1791321494,47063.3723
1791321496,47055.27
1791321498,47055.955
1791321500,47041.5498
1791321502,47053.6538
1791321504,47054.0129
1791321506,47062.9249
1791321508,47064.3308
1791321510,47074.2347
1791321512,47071.331
1791321514,47055.5503
1791321516,47053.9415
1791321518,47038.9618
1791321520,47050.089
1791321522,47040.2388
1791321524,47028.0679
1791321526,47029.2693
1791321528,47035.3493
1791321530,47019.7649
1791321532,47017.0221
1791321534,47013.2801
1791321536,47010.7144
1791321538,47024.2516
1791321540,47018.8274
1791321542,47023.2884
1791321544,47019.3032
1791321546,47006.9444
1791321548,46993.208
1791321550,46996.688
1791321552,46998.6908
1791321554,46990.7858
1791321556,46988.4578
1791321558,46996.2779
1791321560,46989.9361
1791321562,46984.8836
1791321564,46982.0623
1791321566,46989.9967
1791321568,46991.2358
1791321570,46984.9209
1791321572,46984.7748
1791321574,46982.7209
1791321576,46992.3046
1791321578,46994.4535
1791321580,46992.646
1791321582,46992.9947
1791321584,46989.2524
1791321586,46973.267
1791321588,46983.4009
1791321590,47001.1585
1791321592,47006.5423
1791321594,47000.9879
1791321596,46995.5211
1791321598,46987.8282
1791321600,46986.346
1791321602,46983.411
1791321604,46985.3878
1791321606,46979.3632
1791321608,46967.6391
1791321610,46957.2337
1791321612,46957.5511
1791321614,46952.0282
1791321616,46957.9312
1791321618,46950.7197
1791321620,46954.3513
1791321622,46932.5059
1791321624,46928.9674
1791321626,46935.3736
1791321628,46925.5433
1791321630,46916.7494
1791321632,46915.0434
1791321634,46914.4054
1791321636,46908.0866
1791321638,46898.1292
1791321640,46898.0288
1791321642,46901.5261
1791321644,46900.8312
1791321646,46902.0679
1791321648,46904.3858
1791321650,46898.4432
1791321652,46903.3481
1791321654,46900.3133
1791321656,46893.5311
1791321658,46894.3745
1791321660,46904.6061
1791321662,46905.9123
1791321664,46892.6108
1791321666,46886.8314
1791321668,46896.7411
1791321670,46886.9386
1791321672,46888.1859
1791321674,46891.6098
1791321676,46883.626
1791321678,46876.9682
1791321680,46875.9767
1791321682,46886.8469
1791321684,46892.1496
1791321686,46888.5567
1791321688,46890.5096
1791321690,46905.7474
1791321692,46915.9878
1791321694,46915.575
1791321696,46899.9404
1791321698,46912.2815
1791321700,46922.481
1791321702,46930.8123
1791321704,46929.5023
1791321706,46939.284
1791321708,46945.6416
1791321710,46943.2668
1791321712,46938.0604
1791321714,46928.4914
1791321716,46933.3323
1791321718,46928.505
1791321720,46934.9387
1791321722,46929.528
1791321724,46928.2376
1791321726,46942.2736
1791321728,46936.713
1791321730,46932.0547
1791321732,46945.3014
1791321734,46953.6074
1791321736,46960.2985
1791321738,46965.0228
1791321740,46963.254
1791321742,46957.9093
1791321744,46965.2122
1791321746,46960.3127
1791321748,46957.5441
1791321750,46958.8106
1791321752,46961.7378
1791321754,46975.2354
1791321756,46986.7598
1791321758,46980.7432
1791321760,46981.769
1791321762,46980.3937
1791321764,46988.0472
1791321766,46999.7015
1791321768,46998.8245
1791321770,46999.4493
1791321772,47003.7005
1791321774,47004.0181
1791321776,47010.5795
1791321778,47008.8404
1791321780,47005.677
1791321782,47009.554
1791321784,46998.1346
1791321786,47003.0192
1791321788,46991.8718
1791321790,46994.9948
1791321792,46987.319
1791321794,46991.9363
1791321796,46979.6062
1791321798,46977.2778
1791321800,46988.1555
1791321802,47003.2071
1791321804,47004.6246
1791321806,47000.3057
1791321808,46990.1731
1791321810,46999.5541
1791321812,46995.9129
1791321814,46988.7935
1791321816,46989.5579
1791321818,46999.5073
1791321820,47018.409
1791321822,47032.287
1791321824,47026.2384
1791321826,47016.2521
1791321828,47015.4784
1791321830,47034.2632
1791321832,47040.592
1791321834,47047.5929
1791321836,47063.9208
1791321838,47072.9822
1791321840,47080.4399
1791321842,47086.2868
1791321844,47088.8966
1791321846,47089.0909
1791321848,47098.9607
1791321850,47093.4643
1791321852,47097.8266
1791321854,47096.3694
1791321856,47090.0918
1791321858,47088.3931
1791321860,47084.7076
1791321862,47089.5613
1791321864,47080.9778
1791321866,47066.1717
1791321868,47079.7866
1791321870,47071.5709
1791321872,47063.0005
1791321874,47047.7588
1791321876,47035.9517
1791321878,47021.2477
1791321880,47024.6919
1791321882,47036.8224
1791321884,47035.0112
1791321886,47041.2505
1791321888,47030.392
1791321890,47032.3295
1791321892,47028.1997
1791321894,47016.6847
1791321896,47023.5516
1791321898,47025.17
1791321900,47027.7014
1791321902,47050.9456
1791321904,47056.7782
1791321906,47058.2247
1791321908,47053.7025
1791321910,47065.901
1791321912,47066.3544
1791321914,47077.4369
1791321916,47066.478
1791321918,47059.1302
1791321920,47060.6373
1791321922,47048.6957
1791321924,47047.3641
1791321926,47031.7857
1791321928,47045.2586
1791321930,47061.4867
1791321932,47062.6867
1791321934,47062.3278
1791321936,47060.4338
1791321938,47065.107
1791321940,47055.304
1791321942,47036.89
1791321944,47022.083
1791321946,47006.0434
1791321948,46995.5974
1791321950,46997.851
1791321952,47001.5088
1791321954,47004.703
1791321956,46990.2401
1791321958,46988.3452
1791321960,46976.4057
1791321962,46971.8665
1791321964,46950.1276
1791321966,46936.3336
1791321968,46926.7914
1791321970,46936.6565
1791321972,46939.9562
1791321974,46953.7593
1791321976,46955.2094
1791321978,46967.2535
1791321980,46962.0401
1791321982,46969.9195
1791321984,46961.8434
1791321986,46962.6893
1791321988,46964.1516
1791321990,46955.9718
1791321992,46935.9635
1791321994,46933.5484
1791321996,46935.236
1791321998,46945.6509
1791322000,46926.5655
1791322002,46927.3382
1791322004,46913.0528
1791322006,46910.1039
1791322008,46911.6856
1791322010,46912.9484
1791322012,46916.5781
1791322014,46923.4332
1791322016,46936.8056
1791322018,46937.5906
1791322020,46936.3265
1791322022,46920.3136
1791322024,46914.6825
1791322026,46917.8457
1791322028,46916.6033
1791322030,46910.2328
1791322032,46904.3323
1791322034,46913.0231
1791322036,46917.906
1791322038,46922.1784
1791322040,46923.8169
1791322042,46912.704
1791322044,46915.5825
1791322046,46904.9535
1791322048,46910.0579
1791322050,46907.0747
1791322052,46903.9123
1791322054,46905.9894
1791322056,46914.9657
1791322058,46919.6229
1791322060,46925.8581
1791322062,46924.0267
1791322064,46917.4641
1791322066,46923.6771
1791322068,46922.3943
1791322070,46928.3201
1791322072,46921.4134
1791322074,46923.8159
1791322076,46927.4699
1791322078,46934.18
1791322080,46936.8318
1791322082,46935.0006
1791322084,46918.9517
1791322086,46906.8248
1791322088,46898.6387
1791322090,46905.5848
1791322092,46903.9806
1791322094,46895.5053
1791322096,46884.3473
1791322098,46877.3863
1791322100,46870.679
1791322102,46864.4837
1791322104,46862.4556
1791322106,46871.9051
1791322108,46891.5632
1791322110,46890.8025
1791322112,46886.2313
1791322114,46890.7982
1791322116,46884.4241
1791322118,46895.7136
1791322120,46892.6248
1791322122,46898.2673
1791322124,46896.1476
1791322126,46916.2238
1791322128,46924.5274
1791322130,46934.7291
1791322132,46918.9435
1791322134,46934.392
1791322136,46936.3621
1791322138,46945.07
1791322140,46928.1931
1791322142,46935.8721
1791322144,46956.2722
1791322146,46941.0909
1791322148,46936.3308
1791322150,46929.9122
1791322152,46935.4596
1791322154,46939.7928
1791322156,46927.9297
1791322158,46920.1257
1791322160,46928.7521
1791322162,46938.2535
1791322164,46931.6256
1791322166,46925.0683
1791322168,46923.797
1791322170,46916.4782
1791322172,46920.4819
1791322174,46912.6315
1791322176,46916.2996
1791322178,46918.8112
1791322180,46904.6819
1791322182,46912.1754
1791322184,46900.7915
1791322186,46876.7233
1791322188,46878.0762
1791322190,46875.7059
1791322192,46866.5164
1791322194,46870.6199
1791322196,46891.8512
1791322198,46893.9577
1791322200,46894.7866
1791322202,46900.938
1791322204,46900.6671
1791322206,46892.46
1791322208,46892.6205
1791322210,46894.8422
1791322212,46893.2647
1791322214,46901.5201
1791322216,46896.5483
1791322218,46889.109
1791322220,46879.0412
1791322222,46881.76
1791322224,46883.5123
1791322226,46894.3356
1791322228,46898.8925
1791322230,46875.7339
1791322232,46867.6403
1791322234,46859.463
1791322236,46845.5671
1791322238,46854.186
1791322240,46847.3162
1791322242,46856.9274
1791322244,46860.4642
1791322246,46850.8356
1791322248,46877.3489
1791322250,46888.2579
1791322252,46865.792
1791322254,46865.2744
1791322256,46863.6007
1791322258,46864.5817
1791322260,46873.4988
1791322262,46869.0653
1791322264,46873.8834
1791322266,46881.1991
1791322268,46866.9488
1791322270,46872.6771
1791322272,46874.2999
1791322274,46887.9596
1791322276,46890.6916
1791322278,46898.9789
1791322280,46896.8105
1791322282,46901.1096
1791322284,46896.7944
1791322286,46891.136
1791322288,46890.4845
1791322290,46887.2097
1791322292,46884.5785
1791322294,46894.5685
1791322296,46885.9421
1791322298,46904.1738
1791322300,46891.8984
1791322302,46894.9035
1791322304,46892.9452
1791322306,46893.5288
1791322308,46891.0994
1791322310,46885.1404
1791322312,46885.6565
1791322314,46874.1282
1791322316,46870.63
1791322318,46869.9923
1791322320,46865.5214
1791322322,46880.7527
1791322324,46871.548
1791322326,46858.3526
1791322328,46861.4505
1791322330,46851.5279
1791322332,46837.1348
1791322334,46843.0019
1791322336,46836.5389
1791322338,46823.1953
1791322340,46827.963
1791322342,46821.0491
1791322344,46822.4324
1791322346,46826.3346
1791322348,46832.3475
1791322350,46832.4157
1791322352,46842.578
1791322354,46829.9926
1791322356,46833.4619
1791322358,46829.2306
1791322360,46845.0183
1791322362,46832.3091
1791322364,46830.0093
1791322366,46833.0412
1791322368,46843.0939
1791322370,46862.4082
1791322372,46866.0315
1791322374,46860.211
1791322376,46843.8523
1791322378,46837.1218
1791322380,46827.7268
1791322382,46819.5778
1791322384,46809.5235
1791322386,46801.3265
1791322388,46802.1313
1791322390,46794.4791
1791322392,46796.9498
1791322394,46785.9275
1791322396,46778.1789
1791322398,46791.3526
1791322400,46793.4316
1791322402,46796.4766
1791322404,46781.9321
1791322406,46773.1045
1791322408,46774.1014
1791322410,46785.1362
1791322412,46781.8605
1791322414,46790.7307
1791322416,46782.3254
1791322418,46787.215
1791322420,46779.4751
1791322422,46771.6436
1791322424,46764.8021
1791322426,46757.7279
1791322428,46751.9345
1791322430,46743.5949
1791322432,46731.0306
1791322434,46724.305
1791322436,46725.3443
1791322438,46735.7376
1791322440,46725.2578
1791322442,46735.3796
1791322444,46738.6421
1791322446,46731.3335
1791322448,46732.2569
1791322450,46732.843
1791322452,46724.1814
1791322454,46722.475
1791322456,46711.1221
1791322458,46702.9874
1791322460,46698.6984
1791322462,46687.8644
1791322464,46690.0841
1791322466,46701.0615
1791322468,46703.3532
1791322470,46697.3179
1791322472,46697.6854
1791322474,46711.7554
1791322476,46727.4486
1791322478,46727.079
1791322480,46719.0964
1791322482,46725.3103
1791322484,46738.9124
1791322486,46745.9643
1791322488,46752.84
1791322490,46738.1157
1791322492,46742.1398
1791322494,46742.8277
1791322496,46755.4021
1791322498,46758.064
1791322500,46768.0878
1791322502,46765.1568
1791322504,46754.2998
1791322506,46773.6557
1791322508,46780.4669
1791322510,46772.2378
1791322512,46766.0886
1791322514,46779.1317
1791322516,46778.9722
1791322518,46776.8345
1791322520,46784.6235
1791322522,46782.8356
1791322524,46775.1672
1791322526,46777.454
1791322528,46771.8143
1791322530,46772.6393
1791322532,46766.4641
1791322534,46768.4232
1791322536,46756.1959
1791322538,46751.4626
1791322540,46744.5412
1791322542,46747.1048
1791322544,46732.3032
1791322546,46717.3397
1791322548,46724.6835
1791322550,46729.0314
1791322552,46723.613
1791322554,46712.2713
1791322556,46716.7575
1791322558,46718.3325
1791322560,46714.3241
1791322562,46697.7475
1791322564,46699.3296
1791322566,46690.8102
1791322568,46699.0445
1791322570,46717.3134
1791322572,46724.256
1791322574,46733.0373
1791322576,46731.7602
1791322578,46727.5803
1791322580,46729.341
1791322582,46715.1755
1791322584,46722.5116
1791322586,46726.8561
1791322588,46737.4576
1791322590,46741.6445
1791322592,46760.5605
1791322594,46765.0117
1791322596,46777.2377
1791322598,46779.2811
1791322600,46792.5049
1791322602,46804.5482
1791322604,46800.3764
1791322606,46784.1064
1791322608,46803.6115
1791322610,46798.0954
1791322612,46799.6829
1791322614,46804.7954
1791322616,46805.3266
1791322618,46799.5499
1791322620,46803.8837
1791322622,46787.3458
1791322624,46780.406
1791322626,46797.3178
1791322628,46786.8417
1791322630,46772.7708
1791322632,46769.7649
1791322634,46777.8638
1791322636,46784.1894
1791322638,46795.3897
1791322640,46788.8874
1791322642,46763.9986
1791322644,46765.509
1791322646,46765.4218
1791322648,46774.0956
1791322650,46773.7703
1791322652,46770.5894
1791322654,46760.2654
1791322656,46762.7103
1791322658,46756.7431
1791322660,46754.2633
1791322662,46740.1932
1791322664,46749.2168
1791322666,46761.5363
1791322668,46756.8281
1791322670,46783.5015
1791322672,46776.4076
1791322674,46776.6279
1791322676,46773.0314
1791322678,46787.0275
1791322680,46764.6142
1791322682,46756.5566
1791322684,46759.4073
1791322686,46767.7969
1791322688,46776.9238
1791322690,46794.5529
1791322692,46785.3318
1791322694,46788.2375
1791322696,46783.9432
1791322698,46772.2393
1791322700,46764.4515
1791322702,46767.8302
1791322704,46765.2626
1791322706,46763.2699
1791322708,46777.9772
1791322710,46790.2664
1791322712,46793.1573
1791322714,46789.7594
1791322716,46782.6863
1791322718,46766.9001
1791322720,46769.4773
1791322722,46785.5564
1791322724,46782.9071
1791322726,46794.8502
1791322728,46807.3266
1791322730,46804.3926
1791322732,46789.7932
1791322734,46780.6816
1791322736,46786.8365
1791322738,46793.4598
1791322740,46790.2235
1791322742,46795.5729
1791322744,46807.0491
1791322746,46806.0579
1791322748,46786.2275
1791322750,46785.895
1791322752,46786.9312
1791322754,46799.7652
1791322756,46809.5501
1791322758,46802.849
1791322760,46813.6085
1791322762,46814.0589
1791322764,46824.1063
1791322766,46809.465
1791322768,46807.0009
1791322770,46804.1213
1791322772,46797.0345
1791322774,46789.9664
1791322776,46793.3261
1791322778,46791.2081
1791322780,46791.9615
1791322782,46780.2531
1791322784,46788.5896
1791322786,46776.454
1791322788,46780.6754
1791322790,46776.1443
1791322792,46779.9275
1791322794,46777.9506
1791322796,46784.2788
1791322798,46781.6508
1791322800,46765.5828
1791322802,46785.6696
1791322804,46787.8634
1791322806,46797.4875
1791322808,46792.4629
1791322810,46793.0901
1791322812,46775.875
1791322814,46770.3479
1791322816,46778.0796
1791322818,46760.2612
1791322820,46777.2565
1791322822,46778.8808
1791322824,46798.5616
1791322826,46806.2314
1791322828,46812.0969
1791322830,46821.2455
1791322832,46815.8815
1791322834,46808.6774
1791322836,46801.5091
1791322838,46785.9422
1791322840,46778.9218
1791322842,46773.9846
1791322844,46768.4968
1791322846,46772.4292
1791322848,46771.7858
1791322850,46786.0857
1791322852,46773.4741
1791322854,46770.1095
1791322856,46770.3267
1791322858,46789.5677
1791322860,46768.7602
1791322862,46763.7475
1791322864,46760.864
1791322866,46769.7319
1791322868,46772.847
1791322870,46765.3922
1791322872,46758.254
1791322874,46769.4995
1791322876,46756.3012
1791322878,46760.2705
1791322880,46762.5387
1791322882,46759.9288
1791322884,46759.7996
1791322886,46751.9387
1791322888,46769.088
1791322890,46769.2728
1791322892,46775.3634
1791322894,46776.8848
1791322896,46779.8529
1791322898,46777.5598
1791322900,46783.5269
1791322902,46780.4497
1791322904,46785.2616
1791322906,46777.669
1791322908,46760.3473
1791322910,46767.9557
1791322912,46755.8176
1791322914,46747.9223
1791322916,46745.3663
1791322918,46752.2303
1791322920,46740.1372
1791322922,46734.0103
1791322924,46733.378
1791322926,46730.9398
1791322928,46729.1427
1791322930,46726.357
1791322932,46727.1202
1791322934,46722.3944
1791322936,46720.631
1791322938,46731.1567
1791322940,46733.7762
1791322942,46722.7275
1791322944,46715.5682
1791322946,46712.0776
1791322948,46706.4919
1791322950,46704.0475
1791322952,46700.1792
1791322954,46694.9945
1791322956,46685.6948
1791322958,46694.4662
1791322960,46691.284
1791322962,46695.9921
1791322964,46707.6997
1791322966,46686.1105
1791322968,46682.6516
1791322970,46680.5681
1791322972,46681.8249
1791322974,46668.6607
1791322976,46672.2087
1791322978,46681.4143
1791322980,46687.9403
1791322982,46694.5301
1791322984,46705.9912
1791322986,46701.522
1791322988,46705.0141
1791322990,46708.0078
1791322992,46702.0066
1791322994,46700.7261
1791322996,46694.3736
1791322998,46700.2215
1791323000,46701.7099
1791323002,46689.1464
1791323004,46706.2953
1791323006,46689.89
1791323008,46677.7616
1791323010,46669.3154
1791323012,46662.008
1791323014,46671.0974
1791323016,46673.0678
1791323018,46681.8829
1791323020,46689.7219
1791323022,46688.4098
1791323024,46694.8883
1791323026,46686.8062
1791323028,46692.6545
1791323030,46688.7908
1791323032,46690.7146
1791323034,46684.6601
1791323036,46688.0629
1791323038,46687.1487
1791323040,46680.1047
1791323042,46684.5468
1791323044,46683.2732
1791323046,46677.7783
1791323048,46679.0636
1791323050,46669.998
1791323052,46668.2504
1791323054,46658.5166
1791323056,46656.0036
1791323058,46653.2486
1791323060,46649.5864
1791323062,46653.1497
1791323064,46645.0393
1791323066,46649.8534
1791323068,46634.4876
1791323070,46620.2007
1791323072,46608.425
1791323074,46605.0963
1791323076,46600.1491
1791323078,46593.2224
1791323080,46600.1486
1791323082,46599.0616
1791323084,46584.4337
1791323086,46592.5944
1791323088,46583.6502
1791323090,46578.8863
1791323092,46575.5218
1791323094,46573.6993
1791323096,46557.5221
1791323098,46561.6176
1791323100,46570.2493
1791323102,46594.4843
1791323104,46597.0345
1791323106,46602.9318
1791323108,46592.6804
1791323110,46588.6576
1791323112,46597.0865
1791323114,46579.6627
1791323116,46564.956
1791323118,46551.7888
1791323120,46554.9566
1791323122,46540.4806
1791323124,46531.3987
1791323126,46524.6085
1791323128,46525.2524
1791323130,46509.935
1791323132,46510.7875
1791323134,46492.8824
1791323136,46499.8383
1791323138,46496.7646
1791323140,46492.7492
1791323142,46494.4548
1791323144,46496.0952
1791323146,46494.3996
1791323148,46496.9319
1791323150,46494.8566
1791323152,46505.8156
1791323154,46500.973
1791323156,46502.1785
1791323158,46493.7947
1791323160,46502.5349
1791323162,46507.9415
1791323164,46499.2824
1791323166,46493.9879
1791323168,46515.6485
1791323170,46525.1399
1791323172,46521.9937
1791323174,46520.1291
1791323176,46528.254
1791323178,46526.3709
1791323180,46514.5646
1791323182,46499.6089
1791323184,46491.8725
1791323186,46488.9832
1791323188,46482.2256
1791323190,46474.2543
1791323192,46463.1219
1791323194,46466.0222
1791323196,46473.1117
1791323198,46465.723
1791323200,46467.6483
1791323202,46468.4523
1791323204,46473.5863
1791323206,46479.5119
1791323208,46487.2511
1791323210,46481.2582
1791323212,46489.7603
1791323214,46489.3784
1791323216,46486.143
1791323218,46488.9098
1791323220,46500.746
1791323222,46493.0252
1791323224,46485.7041
1791323226,46491.156
1791323228,46502.3467
1791323230,46504.7627
1791323232,46510.2981
1791323234,46516.9344
1791323236,46521.8354
1791323238,46530.2606
1791323240,46516.1961
1791323242,46514.1561
1791323244,46508.3884
1791323246,46504.479
1791323248,46510.6946
1791323250,46517.4759
1791323252,46530.6315
1791323254,46526.543
1791323256,46520.6132
1791323258,46538.143
1791323260,46542.877
1791323262,46555.8449
1791323264,46546.4782
1791323266,46556.0934
1791323268,46548.9156
1791323270,46536.47
1791323272,46538.1374
1791323274,46533.6055
1791323276,46520.2254
1791323278,46511.9235
1791323280,46511.4552
1791323282,46513.4479
1791323284,46500.3015
1791323286,46507.6099
1791323288,46504.6647
1791323290,46496.7866
1791323292,46501.2396
1791323294,46507.8146
1791323296,46511.702
1791323298,46521.0419
1791323300,46530.9752
1791323302,46538.0731
1791323304,46557.5458
1791323306,46561.2788
1791323308,46561.1493
1791323310,46552.101
1791323312,46570.0055
1791323314,46580.1493
1791323316,46597.3466
1791323318,46610.3853
1791323320,46624.3503
1791323322,46618.3202
1791323324,46603.5464
1791323326,46611.445
1791323328,46591.1594
1791323330,46590.6902
1791323332,46601.4723
1791323334,46599.6509
1791323336,46589.7436
1791323338,46593.2542
1791323340,46585.7285
1791323342,46583.1197
1791323344,46594.3559
1791323346,46603.0868
1791323348,46614.7702
1791323350,46622.9149
1791323352,46625.2187
1791323354,46635.0118
1791323356,46632.099
1791323358,46641.676
1791323360,46656.8142
1791323362,46647.6934
1791323364,46665.0881
1791323366,46658.872
1791323368,46657.7008
1791323370,46673.4132
1791323372,46657.9017
1791323374,46656.1552
1791323376,46656.9873
1791323378,46657.7451
1791323380,46663.3605
1791323382,46668.8233
1791323384,46667.0378
1791323386,46659.3105
1791323388,46664.9059
1791323390,46668.8246
1791323392,46661.3564
1791323394,46649.1097
1791323396,46648.7328
1791323398,46658.3052
1791323400,46661.5517
1791323402,46653.4124
1791323404,46655.1334
1791323406,46637.1216
1791323408,46621.6123
1791323410,46612.1464
1791323412,46620.7552
1791323414,46622.8908
1791323416,46604.8467
1791323418,46613.9348
1791323420,46614.1882
1791323422,46608.7727
1791323424,46591.5281
1791323426,46604.2686
1791323428,46608.6444
1791323430,46618.0854
1791323432,46615.7748
1791323434,46619.2678
1791323436,46610.8625
1791323438,46611.8445
1791323440,46593.6529
1791323442,46590.1528
1791323444,46585.6913
1791323446,46576.8963
1791323448,46592.0582
1791323450,46584.6018
1791323452,46566.6742
1791323454,46571.3753
1791323456,46577.3073
1791323458,46564.1688
1791323460,46559.3987
1791323462,46562.8734
1791323464,46566.8263
