symbol,server_timestamp,local_receipt_timestamp,price,source,session_id,sequence_id,data_quality_flags,latency_ms
R_75,1791477322,1791477321.5174425,45386.7935,deriv_websocket_live,11e76524,1,NORMAL,-482.56
R_75,1791477324,1791477323.5352495,45388.8071,deriv_websocket_live,11e76524,2,NORMAL,-464.75
R_75,1791477326,1791477325.565123,45386.1314,deriv_websocket_live,11e76524,3,NORMAL,-434.88
R_75,1791477328,1791477327.5296576,45385.1609,deriv_websocket_live,11e76524,4,NORMAL,-470.34
R_75,1791477330,1791477329.577035,45392.4338,deriv_websocket_live,11e76524,5,NORMAL,-422.97
R_75,1791477332,1791477331.4488826,45381.4375,deriv_websocket_live,11e76524,6,NORMAL,-551.12
R_75,1791477334,1791477333.4844615,45389.6032,deriv_websocket_live,11e76524,7,NORMAL,-515.54
R_75,1791477336,1791477335.4743931,45401.495,deriv_websocket_live,11e76524,8,NORMAL,-525.61
R_75,1791477338,1791477337.6677756,45386.1808,deriv_websocket_live,11e76524,9,NORMAL,-332.22
R_75,1791477340,1791477339.510005,45392.5205,deriv_websocket_live,11e76524,10,NORMAL,-490.0
R_75,1791477342,1791477341.557628,45385.5941,deriv_websocket_live,11e76524,11,NORMAL,-442.37
R_75,1791477344,1791477343.5644062,45386.2796,deriv_websocket_live,11e76524,12,NORMAL,-435.59
R_75,1791477346,1791477345.475688,45406.2832,deriv_websocket_live,11e76524,13,NORMAL,-524.31
R_75,1791477348,1791477347.443836,45401.5685,deriv_websocket_live,11e76524,14,NORMAL,-556.16
R_75,1791477350,1791477349.5875268,45405.2724,deriv_websocket_live,11e76524,15,NORMAL,-412.47
R_75,1791477352,1791477351.4905405,45403.296,deriv_websocket_live,11e76524,16,NORMAL,-509.46
R_75,1791477354,1791477353.5392838,45394.7251,deriv_websocket_live,11e76524,17,NORMAL,-460.72
R_75,1791477356,1791477355.440285,45399.2032,deriv_websocket_live,11e76524,18,NORMAL,-559.72
R_75,1791477358,1791477357.5332572,45386.3181,deriv_websocket_live,11e76524,19,NORMAL,-466.74
R_75,1791477360,1791477359.5362089,45382.7507,deriv_websocket_live,11e76524,20,NORMAL,-463.79
R_75,1791477362,1791477361.4283159,45390.1078,deriv_websocket_live,11e76524,21,NORMAL,-571.68
R_75,1791477364,1791477363.472573,45396.0578,deriv_websocket_live,11e76524,22,NORMAL,-527.43
R_75,1791477366,1791477365.4334114,45384.7998,deriv_websocket_live,11e76524,23,NORMAL,-566.59
R_75,1791477368,1791477367.5159411,45387.9463,deriv_websocket_live,11e76524,24,NORMAL,-484.06
R_75,1791477370,1791477369.512377,45391.6568,deriv_websocket_live,11e76524,25,NORMAL,-487.62
R_75,1791477372,1791477371.5138335,45407.7473,deriv_websocket_live,11e76524,26,NORMAL,-486.17
R_75,1791477374,1791477373.4779003,45413.0506,deriv_websocket_live,11e76524,27,NORMAL,-522.1
R_75,1791477376,1791477375.4383395,45420.4703,deriv_websocket_live,11e76524,28,NORMAL,-561.66
R_75,1791477378,1791477377.4793165,45415.1986,deriv_websocket_live,11e76524,29,NORMAL,-520.68
R_75,1791477380,1791477379.4385085,45431.7079,deriv_websocket_live,11e76524,30,NORMAL,-561.49
R_75,1791477382,1791477381.699071,45426.0685,deriv_websocket_live,11e76524,31,NORMAL,-300.93
R_75,1791477384,1791477383.4438567,45422.6654,deriv_websocket_live,11e76524,32,NORMAL,-556.14
R_75,1791477386,1791477385.5902407,45412.8129,deriv_websocket_live,11e76524,33,NORMAL,-409.76
R_75,1791477388,1791477387.4919906,45410.2358,deriv_websocket_live,11e76524,34,NORMAL,-508.01
R_75,1791477390,1791477389.488587,45412.6641,deriv_websocket_live,11e76524,35,NORMAL,-511.41
R_75,1791477392,1791477391.537936,45418.5449,deriv_websocket_live,11e76524,36,NORMAL,-462.06
R_75,1791477394,1791477393.5788572,45430.5136,deriv_websocket_live,11e76524,37,NORMAL,-421.14
R_75,1791477396,1791477395.4458742,45441.1255,deriv_websocket_live,11e76524,38,NORMAL,-554.13
R_75,1791477398,1791477397.4963887,45451.575,deriv_websocket_live,11e76524,39,NORMAL,-503.61
R_75,1791477400,1791477399.6264076,45440.7025,deriv_websocket_live,11e76524,40,NORMAL,-373.59
R_75,1791477402,1791477401.4271874,45437.6031,deriv_websocket_live,11e76524,41,NORMAL,-572.81
R_75,1791477404,1791477403.563156,45430.6986,deriv_websocket_live,11e76524,42,NORMAL,-436.84
R_75,1791477406,1791477405.4374158,45427.2057,deriv_websocket_live,11e76524,43,NORMAL,-562.58
R_75,1791477408,1791477408.5618355,45432.3887,deriv_websocket_live,11e76524,44,NORMAL,561.84
R_75,1791477410,1791477409.4813054,45421.8874,deriv_websocket_live,11e76524,45,NORMAL,-518.69
R_75,1791477412,1791477411.4994528,45404.0893,deriv_websocket_live,11e76524,46,NORMAL,-500.55
R_75,1791477414,1791477413.5025997,45390.4055,deriv_websocket_live,11e76524,47,NORMAL,-497.4
R_75,1791477416,1791477415.623889,45389.7698,deriv_websocket_live,11e76524,48,NORMAL,-376.11
R_75,1791477418,1791477418.994771,45382.4936,deriv_websocket_live,11e76524,49,NORMAL,994.77
R_75,1791477420,1791477419.5056727,45388.0554,deriv_websocket_live,11e76524,50,NORMAL,-494.33
R_75,1791477422,1791477421.5411563,45387.192,deriv_websocket_live,11e76524,51,NORMAL,-458.84
R_75,1791477424,1791477423.5196965,45377.8661,deriv_websocket_live,11e76524,52,NORMAL,-480.3
R_75,1791477426,1791477425.7322872,45381.8708,deriv_websocket_live,11e76524,53,NORMAL,-267.71
R_75,1791477428,1791477427.4729815,45384.5359,deriv_websocket_live,11e76524,54,NORMAL,-527.02
R_75,1791477430,1791477429.4567144,45387.2118,deriv_websocket_live,11e76524,55,NORMAL,-543.29
R_75,1791477432,1791477431.4451675,45398.0978,deriv_websocket_live,11e76524,56,NORMAL,-554.83
R_75,1791477434,1791477433.4669476,45415.6902,deriv_websocket_live,11e76524,57,NORMAL,-533.05
R_75,1791477436,1791477435.4632978,45422.6987,deriv_websocket_live,11e76524,58,NORMAL,-536.7
R_75,1791477438,1791477438.851679,45438.6709,deriv_websocket_live,11e76524,59,NORMAL,851.68
R_75,1791477440,1791477439.4111464,45431.3542,deriv_websocket_live,11e76524,60,NORMAL,-588.85
R_75,1791477442,1791477441.5131776,45421.1519,deriv_websocket_live,11e76524,61,NORMAL,-486.82
R_75,1791477444,1791477443.5503192,45426.8362,deriv_websocket_live,11e76524,62,NORMAL,-449.68
R_75,1791477446,1791477445.5533247,45412.517,deriv_websocket_live,11e76524,63,NORMAL,-446.68
R_75,1791477448,1791477447.4931083,45418.0,deriv_websocket_live,11e76524,64,NORMAL,-506.89
R_75,1791477450,1791477449.5851705,45417.2629,deriv_websocket_live,11e76524,65,NORMAL,-414.83
R_75,1791477452,1791477451.479283,45425.8157,deriv_websocket_live,11e76524,66,NORMAL,-520.72
R_75,1791477454,1791477453.4830194,45428.4586,deriv_websocket_live,11e76524,67,NORMAL,-516.98
R_75,1791477456,1791477455.4585402,45418.6288,deriv_websocket_live,11e76524,68,NORMAL,-541.46
R_75,1791477458,1791477457.5418262,45420.5289,deriv_websocket_live,11e76524,69,NORMAL,-458.17
R_75,1791477460,1791477459.5501957,45432.9986,deriv_websocket_live,11e76524,70,NORMAL,-449.8
R_75,1791477462,1791477461.6696439,45439.6331,deriv_websocket_live,11e76524,71,NORMAL,-330.36
R_75,1791477464,1791477463.518286,45449.0566,deriv_websocket_live,11e76524,72,NORMAL,-481.71
R_75,1791477466,1791477465.453084,45447.4899,deriv_websocket_live,11e76524,73,NORMAL,-546.92
R_75,1791477468,1791477467.716398,45436.7409,deriv_websocket_live,11e76524,74,NORMAL,-283.6
R_75,1791477470,1791477469.4992704,45432.1124,deriv_websocket_live,11e76524,75,NORMAL,-500.73
R_75,1791477472,1791477471.5045116,45424.849,deriv_websocket_live,11e76524,76,NORMAL,-495.49
R_75,1791477474,1791477473.4654229,45425.177,deriv_websocket_live,11e76524,77,NORMAL,-534.58
R_75,1791477476,1791477475.4643183,45416.8868,deriv_websocket_live,11e76524,78,NORMAL,-535.68
R_75,1791477478,1791477477.5480754,45416.1492,deriv_websocket_live,11e76524,79,NORMAL,-451.92
R_75,1791477480,1791477479.5938995,45416.5369,deriv_websocket_live,11e76524,80,NORMAL,-406.1
R_75,1791477482,1791477481.516154,45426.3732,deriv_websocket_live,11e76524,81,NORMAL,-483.85
R_75,1791477484,1791477483.4606254,45423.3358,deriv_websocket_live,11e76524,82,NORMAL,-539.37
R_75,1791477486,1791477485.4964132,45423.8176,deriv_websocket_live,11e76524,83,NORMAL,-503.59
R_75,1791477488,1791477487.5213733,45431.5167,deriv_websocket_live,11e76524,84,NORMAL,-478.63
R_75,1791477490,1791477491.3003392,45434.9455,deriv_websocket_live,11e76524,85,NORMAL,1300.34
R_75,1791477492,1791477491.492605,45447.7586,deriv_websocket_live,11e76524,86,NORMAL,-507.4
R_75,1791477494,1791477493.466078,45446.0385,deriv_websocket_live,11e76524,87,NORMAL,-533.92
R_75,1791477496,1791477495.983466,45452.0036,deriv_websocket_live,11e76524,88,NORMAL,-16.53
R_75,1791477498,1791477497.6192691,45442.5219,deriv_websocket_live,11e76524,89,NORMAL,-380.73
R_75,1791477500,1791477499.585046,45428.7831,deriv_websocket_live,11e76524,90,NORMAL,-414.95
R_75,1791477502,1791477501.508134,45421.8018,deriv_websocket_live,11e76524,91,NORMAL,-491.87
R_75,1791477504,1791477503.5613534,45424.7666,deriv_websocket_live,11e76524,92,NORMAL,-438.65
R_75,1791477506,1791477505.60623,45426.4536,deriv_websocket_live,11e76524,93,NORMAL,-393.77
R_75,1791477508,1791477507.4459476,45421.0795,deriv_websocket_live,11e76524,94,NORMAL,-554.05
R_75,1791477510,1791477509.5270343,45443.369,deriv_websocket_live,11e76524,95,NORMAL,-472.97
R_75,1791477512,1791477511.4693713,45450.2874,deriv_websocket_live,11e76524,96,NORMAL,-530.63
R_75,1791477514,1791477513.4380815,45447.6364,deriv_websocket_live,11e76524,97,NORMAL,-561.92
R_75,1791477516,1791477515.470026,45453.6387,deriv_websocket_live,11e76524,98,NORMAL,-529.97
R_75,1791477518,1791477518.8241365,45451.5519,deriv_websocket_live,11e76524,99,NORMAL,824.14
R_75,1791477520,1791477519.6088824,45458.6142,deriv_websocket_live,11e76524,100,NORMAL,-391.12
R_75,1791477522,1791477521.438537,45457.7293,deriv_websocket_live,11e76524,101,NORMAL,-561.46
R_75,1791477524,1791477523.481473,45453.9216,deriv_websocket_live,11e76524,102,NORMAL,-518.53
R_75,1791477526,1791477525.4470506,45453.3317,deriv_websocket_live,11e76524,103,NORMAL,-552.95
R_75,1791477528,1791477527.44703,45445.7898,deriv_websocket_live,11e76524,104,NORMAL,-552.97
R_75,1791477530,1791477529.5093708,45454.1288,deriv_websocket_live,11e76524,105,NORMAL,-490.63
R_75,1791477532,1791477531.480527,45455.9705,deriv_websocket_live,11e76524,106,NORMAL,-519.47
R_75,1791477534,1791477533.539311,45464.0532,deriv_websocket_live,11e76524,107,NORMAL,-460.69
R_75,1791477536,1791477535.4772685,45475.1865,deriv_websocket_live,11e76524,108,NORMAL,-522.73
R_75,1791477538,1791477537.6655946,45473.6328,deriv_websocket_live,11e76524,109,NORMAL,-334.41
R_75,1791477540,1791477539.5048056,45472.401,deriv_websocket_live,11e76524,110,NORMAL,-495.19
R_75,1791477542,1791477541.5492399,45480.502,deriv_websocket_live,11e76524,111,NORMAL,-450.76
R_75,1791477544,1791477543.6282675,45470.4027,deriv_websocket_live,11e76524,112,NORMAL,-371.73
R_75,1791477546,1791477545.542935,45473.5452,deriv_websocket_live,11e76524,113,NORMAL,-457.07
R_75,1791477548,1791477547.5038095,45462.0858,deriv_websocket_live,11e76524,114,NORMAL,-496.19
R_75,1791477550,1791477549.509992,45457.6838,deriv_websocket_live,11e76524,115,NORMAL,-490.01
R_75,1791477552,1791477551.423646,45438.7065,deriv_websocket_live,11e76524,116,NORMAL,-576.35
R_75,1791477554,1791477553.564789,45425.7006,deriv_websocket_live,11e76524,117,NORMAL,-435.21
R_75,1791477556,1791477555.4568489,45417.1235,deriv_websocket_live,11e76524,118,NORMAL,-543.15
R_75,1791477558,1791477557.4614837,45419.4798,deriv_websocket_live,11e76524,119,NORMAL,-538.52
R_75,1791477560,1791477559.47222,45407.3894,deriv_websocket_live,11e76524,120,NORMAL,-527.78
R_75,1791477562,1791477561.6164038,45417.4245,deriv_websocket_live,11e76524,121,NORMAL,-383.6
R_75,1791477564,1791477563.5647504,45412.6655,deriv_websocket_live,11e76524,122,NORMAL,-435.25
R_75,1791477566,1791477565.5109456,45398.6859,deriv_websocket_live,11e76524,123,NORMAL,-489.05
R_75,1791477568,1791477567.4612856,45396.1474,deriv_websocket_live,11e76524,124,NORMAL,-538.71
R_75,1791477570,1791477569.504996,45409.8394,deriv_websocket_live,11e76524,125,NORMAL,-495.0
R_75,1791477572,1791477571.4530408,45407.0099,deriv_websocket_live,11e76524,126,NORMAL,-546.96
R_75,1791477574,1791477573.449932,45398.7905,deriv_websocket_live,11e76524,127,NORMAL,-550.07
R_75,1791477576,1791477575.465919,45409.0764,deriv_websocket_live,11e76524,128,NORMAL,-534.08
R_75,1791477578,1791477577.6982722,45404.186,deriv_websocket_live,11e76524,129,NORMAL,-301.73
R_75,1791477580,1791477579.6572387,45408.9483,deriv_websocket_live,11e76524,130,NORMAL,-342.76
R_75,1791477582,1791477581.5877528,45404.6815,deriv_websocket_live,11e76524,131,NORMAL,-412.25
R_75,1791477584,1791477583.463764,45400.4448,deriv_websocket_live,11e76524,132,NORMAL,-536.24
R_75,1791477586,1791477585.4971535,45407.6218,deriv_websocket_live,11e76524,133,NORMAL,-502.85
R_75,1791477588,1791477587.6286535,45414.1454,deriv_websocket_live,11e76524,134,NORMAL,-371.35
R_75,1791477590,1791477589.4731295,45420.9024,deriv_websocket_live,11e76524,135,NORMAL,-526.87
R_75,1791477592,1791477591.6953719,45422.9929,deriv_websocket_live,11e76524,136,NORMAL,-304.63
R_75,1791477594,1791477593.5690422,45414.9126,deriv_websocket_live,11e76524,137,NORMAL,-430.96
R_75,1791477596,1791477595.8264866,45417.8828,deriv_websocket_live,11e76524,138,NORMAL,-173.51
R_75,1791477598,1791477597.4600756,45411.2711,deriv_websocket_live,11e76524,139,NORMAL,-539.92
R_75,1791477600,1791477599.5174994,45412.9811,deriv_websocket_live,11e76524,140,NORMAL,-482.5
R_75,1791477602,1791477601.5474641,45411.5019,deriv_websocket_live,11e76524,141,NORMAL,-452.54
R_75,1791477604,1791477603.4668107,45410.5012,deriv_websocket_live,11e76524,142,NORMAL,-533.19
R_75,1791477606,1791477605.5497253,45397.6721,deriv_websocket_live,11e76524,143,NORMAL,-450.27
R_75,1791477608,1791477607.5977414,45387.3786,deriv_websocket_live,11e76524,144,NORMAL,-402.26
R_75,1791477610,1791477609.5433924,45388.5716,deriv_websocket_live,11e76524,145,NORMAL,-456.61
R_75,1791477612,1791477611.475499,45397.7663,deriv_websocket_live,11e76524,146,NORMAL,-524.5
R_75,1791477614,1791477614.1451733,45404.9285,deriv_websocket_live,11e76524,147,NORMAL,145.17
R_75,1791477616,1791477615.5133197,45400.9005,deriv_websocket_live,11e76524,148,NORMAL,-486.68
R_75,1791477618,1791477617.4559917,45407.6396,deriv_websocket_live,11e76524,149,NORMAL,-544.01
R_75,1791477620,1791477619.4920995,45400.6791,deriv_websocket_live,11e76524,150,NORMAL,-507.9
R_75,1791477622,1791477621.558443,45411.8112,deriv_websocket_live,11e76524,151,NORMAL,-441.56
R_75,1791477624,1791477623.4696262,45416.5251,deriv_websocket_live,11e76524,152,NORMAL,-530.37
R_75,1791477626,1791477625.5179164,45408.7339,deriv_websocket_live,11e76524,153,NORMAL,-482.08
R_75,1791477628,1791477627.4640176,45414.5125,deriv_websocket_live,11e76524,154,NORMAL,-535.98
R_75,1791477630,1791477629.510934,45408.3626,deriv_websocket_live,11e76524,155,NORMAL,-489.07
R_75,1791477632,1791477631.4929116,45404.6461,deriv_websocket_live,11e76524,156,NORMAL,-507.09
R_75,1791477634,1791477633.7096965,45407.5827,deriv_websocket_live,11e76524,157,NORMAL,-290.3
R_75,1791477636,1791477635.466804,45417.5976,deriv_websocket_live,11e76524,158,NORMAL,-533.2
R_75,1791477638,1791477637.4221818,45414.0137,deriv_websocket_live,11e76524,159,NORMAL,-577.82
R_75,1791477640,1791477639.6490233,45410.9527,deriv_websocket_live,11e76524,160,NORMAL,-350.98
R_75,1791477642,1791477641.4791462,45403.6528,deriv_websocket_live,11e76524,161,NORMAL,-520.85
R_75,1791477644,1791477643.5106258,45407.982,deriv_websocket_live,11e76524,162,NORMAL,-489.37
R_75,1791477646,1791477645.4784513,45420.6499,deriv_websocket_live,11e76524,163,NORMAL,-521.55
R_75,1791477648,1791477647.4329956,45415.7495,deriv_websocket_live,11e76524,164,NORMAL,-567.0
R_75,1791477650,1791477650.0039666,45422.7508,deriv_websocket_live,11e76524,165,NORMAL,3.97
R_75,1791477652,1791477651.4644697,45417.7661,deriv_websocket_live,11e76524,166,NORMAL,-535.53
R_75,1791477654,1791477653.5750623,45435.411,deriv_websocket_live,11e76524,167,NORMAL,-424.94
R_75,1791477656,1791477655.4453673,45433.0367,deriv_websocket_live,11e76524,168,NORMAL,-554.63
R_75,1791477658,1791477657.4672077,45431.4227,deriv_websocket_live,11e76524,169,NORMAL,-532.79
R_75,1791477660,1791477659.4930103,45432.6243,deriv_websocket_live,11e76524,170,NORMAL,-506.99
R_75,1791477662,1791477661.4774463,45436.5139,deriv_websocket_live,11e76524,171,NORMAL,-522.55
R_75,1791477664,1791477663.48262,45452.479,deriv_websocket_live,11e76524,172,NORMAL,-517.38
R_75,1791477666,1791477665.473394,45459.604,deriv_websocket_live,11e76524,173,NORMAL,-526.61
R_75,1791477668,1791477667.5025547,45458.0494,deriv_websocket_live,11e76524,174,NORMAL,-497.45
R_75,1791477670,1791477669.4482863,45457.4641,deriv_websocket_live,11e76524,175,NORMAL,-551.71
R_75,1791477672,1791477671.700683,45461.3363,deriv_websocket_live,11e76524,176,NORMAL,-299.32
R_75,1791477674,1791477673.5454268,45461.6425,deriv_websocket_live,11e76524,177,NORMAL,-454.57
R_75,1791477676,1791477675.4888015,45457.4391,deriv_websocket_live,11e76524,178,NORMAL,-511.2
R_75,1791477678,1791477677.538534,45439.0569,deriv_websocket_live,11e76524,179,NORMAL,-461.47
R_75,1791477680,1791477679.4490588,45437.5832,deriv_websocket_live,11e76524,180,NORMAL,-550.94
R_75,1791477682,1791477681.530817,45430.2,deriv_websocket_live,11e76524,181,NORMAL,-469.18
R_75,1791477684,1791477683.4922702,45413.1809,deriv_websocket_live,11e76524,182,NORMAL,-507.73
R_75,1791477686,1791477685.7504134,45413.0668,deriv_websocket_live,11e76524,183,NORMAL,-249.59
R_75,1791477688,1791477694.2144554,45411.0151,deriv_websocket_live,11e76524,184,NORMAL,6214.46
R_75,1791477690,1791477694.2303185,45419.6267,deriv_websocket_live,11e76524,185,NORMAL,4230.32
R_75,1791477692,1791477694.242783,45407.219,deriv_websocket_live,11e76524,186,NORMAL,2242.78
R_75,1791477694,1791477694.2555768,45422.2169,deriv_websocket_live,11e76524,187,NORMAL,255.58
R_75,1791477696,1791477695.4339125,45421.6873,deriv_websocket_live,11e76524,188,NORMAL,-566.09
R_75,1791477698,1791477697.4914057,45415.109,deriv_websocket_live,11e76524,189,NORMAL,-508.59
R_75,1791477700,1791477699.4462576,45409.654,deriv_websocket_live,11e76524,190,NORMAL,-553.74
R_75,1791477702,1791477701.4210973,45405.5468,deriv_websocket_live,11e76524,191,NORMAL,-578.9
R_75,1791477704,1791477703.479519,45393.3594,deriv_websocket_live,11e76524,192,NORMAL,-520.48
R_75,1791477706,1791477705.4961011,45379.9971,deriv_websocket_live,11e76524,193,NORMAL,-503.9
R_75,1791477708,1791477707.4041758,45366.8903,deriv_websocket_live,11e76524,194,NORMAL,-595.82
R_75,1791477710,1791477709.4320333,45370.5263,deriv_websocket_live,11e76524,195,NORMAL,-567.97
R_75,1791477712,1791477711.464884,45386.4553,deriv_websocket_live,11e76524,196,NORMAL,-535.12
R_75,1791477714,1791477713.4877958,45391.8447,deriv_websocket_live,11e76524,197,NORMAL,-512.2
R_75,1791477716,1791477715.4238992,45380.6538,deriv_websocket_live,11e76524,198,NORMAL,-576.1
R_75,1791477718,1791477717.5426807,45390.7823,deriv_websocket_live,11e76524,199,NORMAL,-457.32
R_75,1791477720,1791477719.4219491,45388.9557,deriv_websocket_live,11e76524,200,NORMAL,-578.05
R_75,1791477722,1791477721.5005994,45382.661,deriv_websocket_live,11e76524,201,NORMAL,-499.4
R_75,1791477724,1791477723.4036133,45390.2858,deriv_websocket_live,11e76524,202,NORMAL,-596.39
R_75,1791477726,1791477725.4333673,45379.4387,deriv_websocket_live,11e76524,203,NORMAL,-566.63
R_75,1791477728,1791477727.4465845,45369.7982,deriv_websocket_live,11e76524,204,NORMAL,-553.42
R_75,1791477730,1791477729.7649539,45377.552,deriv_websocket_live,11e76524,205,NORMAL,-235.05
R_75,1791477732,1791477731.5101235,45380.5324,deriv_websocket_live,11e76524,206,NORMAL,-489.88
R_75,1791477734,1791477733.4640853,45389.7072,deriv_websocket_live,11e76524,207,NORMAL,-535.91
R_75,1791477736,1791477735.6362596,45400.6452,deriv_websocket_live,11e76524,208,NORMAL,-363.74
R_75,1791477738,1791477738.9517627,45401.4538,deriv_websocket_live,11e76524,209,NORMAL,951.76
R_75,1791477740,1791477739.4414136,45402.3703,deriv_websocket_live,11e76524,210,NORMAL,-558.59
R_75,1791477742,1791477741.4362955,45407.8788,deriv_websocket_live,11e76524,211,NORMAL,-563.7
R_75,1791477744,1791477743.5898821,45416.4414,deriv_websocket_live,11e76524,212,NORMAL,-410.12
R_75,1791477746,1791477745.5321286,45420.7795,deriv_websocket_live,11e76524,213,NORMAL,-467.87
R_75,1791477748,1791477747.5819325,45424.8069,deriv_websocket_live,11e76524,214,NORMAL,-418.07
R_75,1791477750,1791477749.5264914,45406.8607,deriv_websocket_live,11e76524,215,NORMAL,-473.51
R_75,1791477752,1791477751.4733868,45383.8515,deriv_websocket_live,11e76524,216,NORMAL,-526.61
R_75,1791477754,1791477756.246064,45382.9525,deriv_websocket_live,11e76524,217,NORMAL,2246.06
R_75,1791477756,1791477756.2645879,45383.4735,deriv_websocket_live,11e76524,218,NORMAL,264.59
R_75,1791477758,1791477757.4790154,45374.1968,deriv_websocket_live,11e76524,219,NORMAL,-520.98
R_75,1791477760,1791477759.4576073,45372.2598,deriv_websocket_live,11e76524,220,NORMAL,-542.39
R_75,1791477762,1791477761.4089448,45375.4238,deriv_websocket_live,11e76524,221,NORMAL,-591.06
R_75,1791477764,1791477763.466422,45377.2056,deriv_websocket_live,11e76524,222,NORMAL,-533.58
R_75,1791477766,1791477767.501316,45368.9572,deriv_websocket_live,11e76524,223,NORMAL,1501.32
R_75,1791477768,1791477767.6740794,45370.388,deriv_websocket_live,11e76524,224,NORMAL,-325.92
R_75,1791477770,1791477769.4638622,45370.4955,deriv_websocket_live,11e76524,225,NORMAL,-536.14
R_75,1791477772,1791477771.5429285,45366.486,deriv_websocket_live,11e76524,226,NORMAL,-457.07
R_75,1791477774,1791477773.435668,45350.3187,deriv_websocket_live,11e76524,227,NORMAL,-564.33
R_75,1791477776,1791477775.469021,45341.9107,deriv_websocket_live,11e76524,228,NORMAL,-530.98
R_75,1791477778,1791477777.3806295,45322.9658,deriv_websocket_live,11e76524,229,NORMAL,-619.37
R_75,1791477780,1791477779.407208,45326.4178,deriv_websocket_live,11e76524,230,NORMAL,-592.79
R_75,1791477782,1791477781.558293,45337.727,deriv_websocket_live,11e76524,231,NORMAL,-441.71
R_75,1791477784,1791477783.4368074,45329.9307,deriv_websocket_live,11e76524,232,NORMAL,-563.19
R_75,1791477786,1791477785.4688303,45327.8649,deriv_websocket_live,11e76524,233,NORMAL,-531.17
R_75,1791477788,1791477787.5902064,45325.432,deriv_websocket_live,11e76524,234,NORMAL,-409.79
R_75,1791477790,1791477789.4622056,45326.5724,deriv_websocket_live,11e76524,235,NORMAL,-537.79
R_75,1791477792,1791477791.5108614,45316.224,deriv_websocket_live,11e76524,236,NORMAL,-489.14
R_75,1791477794,1791477793.4664378,45309.1415,deriv_websocket_live,11e76524,237,NORMAL,-533.56
R_75,1791477796,1791477795.6067936,45317.0286,deriv_websocket_live,11e76524,238,NORMAL,-393.21
R_75,1791477798,1791477797.4557574,45322.2691,deriv_websocket_live,11e76524,239,NORMAL,-544.24
R_75,1791477800,1791477799.4701657,45331.3392,deriv_websocket_live,11e76524,240,NORMAL,-529.83
R_75,1791477802,1791477801.5464642,45326.2735,deriv_websocket_live,11e76524,241,NORMAL,-453.54
R_75,1791477804,1791477803.6003838,45333.3293,deriv_websocket_live,11e76524,242,NORMAL,-399.62
R_75,1791477806,1791477805.4267628,45331.1978,deriv_websocket_live,11e76524,243,NORMAL,-573.24
R_75,1791477808,1791477807.4289806,45350.9341,deriv_websocket_live,11e76524,244,NORMAL,-571.02
R_75,1791477810,1791477809.4423707,45359.0461,deriv_websocket_live,11e76524,245,NORMAL,-557.63
R_75,1791477812,1791477811.4796276,45375.0422,deriv_websocket_live,11e76524,246,NORMAL,-520.37
R_75,1791477814,1791477813.5272288,45370.942,deriv_websocket_live,11e76524,247,NORMAL,-472.77
R_75,1791477816,1791477815.575275,45351.7173,deriv_websocket_live,11e76524,248,NORMAL,-424.73
R_75,1791477818,1791477817.441611,45355.0547,deriv_websocket_live,11e76524,249,NORMAL,-558.39
R_75,1791477820,1791477819.77379,45349.7114,deriv_websocket_live,11e76524,250,NORMAL,-226.21
R_75,1791477822,1791477821.4769475,45347.5589,deriv_websocket_live,11e76524,251,NORMAL,-523.05
R_75,1791477824,1791477823.4667556,45349.2835,deriv_websocket_live,11e76524,252,NORMAL,-533.24
R_75,1791477826,1791477825.5088499,45339.2137,deriv_websocket_live,11e76524,253,NORMAL,-491.15
R_75,1791477828,1791477827.5109174,45343.634,deriv_websocket_live,11e76524,254,NORMAL,-489.08
R_75,1791477830,1791477829.5373218,45333.8003,deriv_websocket_live,11e76524,255,NORMAL,-462.68
R_75,1791477832,1791477831.528941,45342.8148,deriv_websocket_live,11e76524,256,NORMAL,-471.06
R_75,1791477834,1791477833.7005067,45331.4681,deriv_websocket_live,11e76524,257,NORMAL,-299.49
R_75,1791477836,1791477835.501739,45350.4472,deriv_websocket_live,11e76524,258,NORMAL,-498.26
R_75,1791477838,1791477837.510612,45363.7215,deriv_websocket_live,11e76524,259,NORMAL,-489.39
R_75,1791477840,1791477839.5488727,45349.6083,deriv_websocket_live,11e76524,260,NORMAL,-451.13
R_75,1791477842,1791477841.4625072,45338.7866,deriv_websocket_live,11e76524,261,NORMAL,-537.49
R_75,1791477844,1791477843.4271324,45320.9224,deriv_websocket_live,11e76524,262,NORMAL,-572.87
R_75,1791477846,1791477845.4756916,45325.6859,deriv_websocket_live,11e76524,263,NORMAL,-524.31
R_75,1791477848,1791477847.5244615,45339.5701,deriv_websocket_live,11e76524,264,NORMAL,-475.54
R_75,1791477850,1791477849.572218,45324.1788,deriv_websocket_live,11e76524,265,NORMAL,-427.78
R_75,1791477852,1791477851.537477,45336.9558,deriv_websocket_live,11e76524,266,NORMAL,-462.52
R_75,1791477854,1791477853.5781624,45357.2388,deriv_websocket_live,11e76524,267,NORMAL,-421.84
R_75,1791477856,1791477855.4697726,45367.0302,deriv_websocket_live,11e76524,268,NORMAL,-530.23
R_75,1791477858,1791477859.095945,45355.8048,deriv_websocket_live,11e76524,269,NORMAL,1095.94
R_75,1791477860,1791477859.4844587,45343.6796,deriv_websocket_live,11e76524,270,NORMAL,-515.54
R_75,1791477862,1791477861.5253088,45346.364,deriv_websocket_live,11e76524,271,NORMAL,-474.69
R_75,1791477864,1791477863.6020343,45333.3779,deriv_websocket_live,11e76524,272,NORMAL,-397.97
R_75,1791477866,1791477865.5483363,45337.1957,deriv_websocket_live,11e76524,273,NORMAL,-451.66
R_75,1791477868,1791477867.4931536,45360.9095,deriv_websocket_live,11e76524,274,NORMAL,-506.85
R_75,1791477870,1791477869.494596,45360.7213,deriv_websocket_live,11e76524,275,NORMAL,-505.4
R_75,1791477872,1791477871.4604294,45370.8019,deriv_websocket_live,11e76524,276,NORMAL,-539.57
R_75,1791477874,1791477873.6679983,45370.1755,deriv_websocket_live,11e76524,277,NORMAL,-332.0
R_75,1791477876,1791477876.064567,45372.5388,deriv_websocket_live,11e76524,278,NORMAL,64.57
R_75,1791477878,1791477877.4903533,45385.2334,deriv_websocket_live,11e76524,279,NORMAL,-509.65
R_75,1791477880,1791477879.56239,45397.7983,deriv_websocket_live,11e76524,280,NORMAL,-437.61
R_75,1791477882,1791477881.5227773,45394.0979,deriv_websocket_live,11e76524,281,NORMAL,-477.22
R_75,1791477884,1791477883.5668516,45407.9108,deriv_websocket_live,11e76524,282,NORMAL,-433.15
R_75,1791477886,1791477885.4767048,45418.8687,deriv_websocket_live,11e76524,283,NORMAL,-523.3
R_75,1791477888,1791477887.703392,45423.8601,deriv_websocket_live,11e76524,284,NORMAL,-296.61
R_75,1791477890,1791477889.7133615,45428.0539,deriv_websocket_live,11e76524,285,NORMAL,-286.64
R_75,1791477892,1791477891.6589284,45435.561,deriv_websocket_live,11e76524,286,NORMAL,-341.07
R_75,1791477894,1791477893.6588447,45435.6791,deriv_websocket_live,11e76524,287,NORMAL,-341.16
R_75,1791477896,1791477895.527811,45426.5462,deriv_websocket_live,11e76524,288,NORMAL,-472.19
R_75,1791477898,1791477897.553243,45421.4057,deriv_websocket_live,11e76524,289,NORMAL,-446.76
R_75,1791477900,1791477900.077726,45423.4189,deriv_websocket_live,11e76524,290,NORMAL,77.73
R_75,1791477902,1791477901.5238147,45419.2394,deriv_websocket_live,11e76524,291,NORMAL,-476.19
R_75,1791477904,1791477903.6403894,45420.3491,deriv_websocket_live,11e76524,292,NORMAL,-359.61
R_75,1791477906,1791477905.6890752,45422.9901,deriv_websocket_live,11e76524,293,NORMAL,-310.92
R_75,1791477908,1791477907.7148223,45418.0046,deriv_websocket_live,11e76524,294,NORMAL,-285.18
R_75,1791477910,1791477909.5889204,45425.9367,deriv_websocket_live,11e76524,295,NORMAL,-411.08
R_75,1791477912,1791477911.892363,45416.471,deriv_websocket_live,11e76524,296,NORMAL,-107.64
R_75,1791477914,1791477913.7756987,45420.9115,deriv_websocket_live,11e76524,297,NORMAL,-224.3
R_75,1791477916,1791477915.5705862,45416.9507,deriv_websocket_live,11e76524,298,NORMAL,-429.41
R_75,1791477918,1791477917.6744652,45419.541,deriv_websocket_live,11e76524,299,NORMAL,-325.53
R_75,1791477920,1791477919.5999541,45436.6225,deriv_websocket_live,11e76524,300,NORMAL,-400.05
R_75,1791477922,1791477921.787833,45432.024,deriv_websocket_live,11e76524,301,NORMAL,-212.17
R_75,1791477924,1791477923.6444957,45413.9284,deriv_websocket_live,11e76524,302,NORMAL,-355.5
R_75,1791477926,1791477925.557294,45415.293,deriv_websocket_live,11e76524,303,NORMAL,-442.71
R_75,1791477928,1791477927.4853003,45418.5096,deriv_websocket_live,11e76524,304,NORMAL,-514.7
R_75,1791477930,1791477929.6561017,45427.5774,deriv_websocket_live,11e76524,305,NORMAL,-343.9
R_75,1791477932,1791477931.6375446,45412.4915,deriv_websocket_live,11e76524,306,NORMAL,-362.46
R_75,1791477934,1791477933.703563,45425.2333,deriv_websocket_live,11e76524,307,NORMAL,-296.44
R_75,1791477936,1791477935.6907222,45430.8062,deriv_websocket_live,11e76524,308,NORMAL,-309.28
R_75,1791477938,1791477937.5354517,45421.1359,deriv_websocket_live,11e76524,309,NORMAL,-464.55
R_75,1791477940,1791477939.5833042,45419.6391,deriv_websocket_live,11e76524,310,NORMAL,-416.7
R_75,1791477942,1791477941.7340162,45406.0536,deriv_websocket_live,11e76524,311,NORMAL,-265.98
R_75,1791477944,1791477943.57158,45400.7025,deriv_websocket_live,11e76524,312,NORMAL,-428.42
R_75,1791477946,1791477945.522257,45403.5783,deriv_websocket_live,11e76524,313,NORMAL,-477.74
R_75,1791477948,1791477947.6366715,45403.4043,deriv_websocket_live,11e76524,314,NORMAL,-363.33
R_75,1791477950,1791477949.6480258,45385.3286,deriv_websocket_live,11e76524,315,NORMAL,-351.97
R_75,1791477952,1791477951.5644567,45391.306,deriv_websocket_live,11e76524,316,NORMAL,-435.54
R_75,1791477954,1791477953.522868,45386.6407,deriv_websocket_live,11e76524,317,NORMAL,-477.13
R_75,1791477956,1791477955.6239862,45366.95,deriv_websocket_live,11e76524,318,NORMAL,-376.01
R_75,1791477958,1791477957.6630938,45378.0045,deriv_websocket_live,11e76524,319,NORMAL,-336.91
R_75,1791477960,1791477959.6890907,45363.4808,deriv_websocket_live,11e76524,320,NORMAL,-310.91
R_75,1791477962,1791477961.6008973,45361.5402,deriv_websocket_live,11e76524,321,NORMAL,-399.1
R_75,1791477964,1791477963.5982947,45343.9711,deriv_websocket_live,11e76524,322,NORMAL,-401.71
R_75,1791477966,1791477965.5829074,45353.8698,deriv_websocket_live,11e76524,323,NORMAL,-417.09
R_75,1791477968,1791477967.5395951,45358.1565,deriv_websocket_live,11e76524,324,NORMAL,-460.4
R_75,1791477970,1791477969.6898277,45352.9731,deriv_websocket_live,11e76524,325,NORMAL,-310.17
R_75,1791477972,1791477971.5263774,45350.6055,deriv_websocket_live,11e76524,326,NORMAL,-473.62
R_75,1791477974,1791477973.582445,45354.6689,deriv_websocket_live,11e76524,327,NORMAL,-417.56
R_75,1791477976,1791477975.642808,45348.0943,deriv_websocket_live,11e76524,328,NORMAL,-357.19
R_75,1791477978,1791477977.6766837,45344.4819,deriv_websocket_live,11e76524,329,NORMAL,-323.32
R_75,1791477980,1791477979.6347384,45346.5805,deriv_websocket_live,11e76524,330,NORMAL,-365.26
R_75,1791477982,1791477981.793873,45344.4867,deriv_websocket_live,11e76524,331,NORMAL,-206.13
R_75,1791477984,1791477983.690286,45343.4398,deriv_websocket_live,11e76524,332,NORMAL,-309.71
R_75,1791477986,1791477985.5186384,45338.3469,deriv_websocket_live,11e76524,333,NORMAL,-481.36
R_75,1791477988,1791477988.278929,45325.5255,deriv_websocket_live,11e76524,334,NORMAL,278.93
R_75,1791477990,1791477989.6390553,45312.9249,deriv_websocket_live,11e76524,335,NORMAL,-360.94
R_75,1791477992,1791477991.6823156,45324.5314,deriv_websocket_live,11e76524,336,NORMAL,-317.68
R_75,1791477994,1791477993.524864,45315.2745,deriv_websocket_live,11e76524,337,NORMAL,-475.14
R_75,1791477996,1791477995.597641,45321.4702,deriv_websocket_live,11e76524,338,NORMAL,-402.36
R_75,1791477998,1791477997.6612713,45321.2385,deriv_websocket_live,11e76524,339,NORMAL,-338.73
R_75,1791478000,1791477999.66745,45323.279,deriv_websocket_live,11e76524,340,NORMAL,-332.55
R_75,1791478002,1791478001.6925726,45324.1974,deriv_websocket_live,11e76524,341,NORMAL,-307.43
R_75,1791478004,1791478003.6855066,45318.5705,deriv_websocket_live,11e76524,342,NORMAL,-314.49
R_75,1791478006,1791478005.6508245,45320.8874,deriv_websocket_live,11e76524,343,NORMAL,-349.18
R_75,1791478008,1791478007.7057714,45324.6271,deriv_websocket_live,11e76524,344,NORMAL,-294.23
R_75,1791478010,1791478009.6324813,45309.849,deriv_websocket_live,11e76524,345,NORMAL,-367.52
R_75,1791478012,1791478011.7777536,45309.5766,deriv_websocket_live,11e76524,346,NORMAL,-222.25
R_75,1791478014,1791478013.5998883,45304.8232,deriv_websocket_live,11e76524,347,NORMAL,-400.11
R_75,1791478016,1791478015.5923555,45313.9875,deriv_websocket_live,11e76524,348,NORMAL,-407.64
R_75,1791478018,1791478017.6593645,45316.6213,deriv_websocket_live,11e76524,349,NORMAL,-340.64
R_75,1791478020,1791478019.664544,45310.7127,deriv_websocket_live,11e76524,350,NORMAL,-335.46
R_75,1791478022,1791478021.5888364,45319.3566,deriv_websocket_live,11e76524,351,NORMAL,-411.16
R_75,1791478024,1791478023.6057756,45328.3848,deriv_websocket_live,11e76524,352,NORMAL,-394.22
R_75,1791478026,1791478025.705468,45331.9726,deriv_websocket_live,11e76524,353,NORMAL,-294.53
R_75,1791478028,1791478027.6484807,45333.5594,deriv_websocket_live,11e76524,354,NORMAL,-351.52
R_75,1791478030,1791478029.6601987,45335.5952,deriv_websocket_live,11e76524,355,NORMAL,-339.8
R_75,1791478032,1791478031.6038167,45331.8829,deriv_websocket_live,11e76524,356,NORMAL,-396.18
R_75,1791478034,1791478033.679865,45336.8835,deriv_websocket_live,11e76524,357,NORMAL,-320.14
R_75,1791478036,1791478035.6835222,45330.2473,deriv_websocket_live,11e76524,358,NORMAL,-316.48
R_75,1791478038,1791478037.6705399,45333.6905,deriv_websocket_live,11e76524,359,NORMAL,-329.46
R_75,1791478040,1791478039.5837724,45333.4644,deriv_websocket_live,11e76524,360,NORMAL,-416.23
R_75,1791478042,1791478041.7910903,45327.6165,deriv_websocket_live,11e76524,361,NORMAL,-208.91
R_75,1791478044,1791478043.716868,45323.7433,deriv_websocket_live,11e76524,362,NORMAL,-283.13
R_75,1791478046,1791478045.702608,45316.8617,deriv_websocket_live,11e76524,363,NORMAL,-297.39
R_75,1791478048,1791478047.5829957,45311.0832,deriv_websocket_live,11e76524,364,NORMAL,-417.0
R_75,1791478050,1791478049.607349,45295.0552,deriv_websocket_live,11e76524,365,NORMAL,-392.65
R_75,1791478052,1791478051.6533957,45296.6761,deriv_websocket_live,11e76524,366,NORMAL,-346.6
R_75,1791478054,1791478053.6745887,45299.469,deriv_websocket_live,11e76524,367,NORMAL,-325.41
R_75,1791478056,1791478055.67637,45305.3261,deriv_websocket_live,11e76524,368,NORMAL,-323.63
R_75,1791478058,1791478057.6561902,45301.1338,deriv_websocket_live,11e76524,369,NORMAL,-343.81
R_75,1791478060,1791478059.6809182,45295.6083,deriv_websocket_live,11e76524,370,NORMAL,-319.08
R_75,1791478062,1791478061.6867626,45297.9751,deriv_websocket_live,11e76524,371,NORMAL,-313.24
R_75,1791478064,1791478063.715132,45294.633,deriv_websocket_live,11e76524,372,NORMAL,-284.87
R_75,1791478066,1791478065.6154444,45285.015,deriv_websocket_live,11e76524,373,NORMAL,-384.56
R_75,1791478068,1791478067.6140275,45276.4366,deriv_websocket_live,11e76524,374,NORMAL,-385.97
R_75,1791478070,1791478069.636226,45274.3743,deriv_websocket_live,11e76524,375,NORMAL,-363.77
R_75,1791478072,1791478071.5916154,45277.092,deriv_websocket_live,11e76524,376,NORMAL,-408.38
R_75,1791478074,1791478073.660004,45269.6149,deriv_websocket_live,11e76524,377,NORMAL,-340.0
R_75,1791478076,1791478075.674937,45270.6993,deriv_websocket_live,11e76524,378,NORMAL,-325.06
R_75,1791478078,1791478077.6768625,45286.6844,deriv_websocket_live,11e76524,379,NORMAL,-323.14
R_75,1791478080,1791478079.6787965,45290.9124,deriv_websocket_live,11e76524,380,NORMAL,-321.2
R_75,1791478082,1791478081.6114311,45295.8535,deriv_websocket_live,11e76524,381,NORMAL,-388.57
R_75,1791478084,1791478083.6641104,45290.216,deriv_websocket_live,11e76524,382,NORMAL,-335.89
R_75,1791478086,1791478085.6084385,45282.6733,deriv_websocket_live,11e76524,383,NORMAL,-391.56
R_75,1791478088,1791478087.6584866,45282.9028,deriv_websocket_live,11e76524,384,NORMAL,-341.51
R_75,1791478090,1791478089.6588256,45275.9612,deriv_websocket_live,11e76524,385,NORMAL,-341.17
R_75,1791478092,1791478091.6955285,45283.2677,deriv_websocket_live,11e76524,386,NORMAL,-304.47
R_75,1791478094,1791478093.6744804,45260.5486,deriv_websocket_live,11e76524,387,NORMAL,-325.52
R_75,1791478096,1791478095.651196,45243.1626,deriv_websocket_live,11e76524,388,NORMAL,-348.8
R_75,1791478098,1791478097.6894124,45240.204,deriv_websocket_live,11e76524,389,NORMAL,-310.59
R_75,1791478100,1791478099.6709268,45243.3373,deriv_websocket_live,11e76524,390,NORMAL,-329.07
R_75,1791478102,1791478101.6882572,45235.9364,deriv_websocket_live,11e76524,391,NORMAL,-311.74
R_75,1791478104,1791478103.678416,45234.0725,deriv_websocket_live,11e76524,392,NORMAL,-321.58
R_75,1791478106,1791478105.6845617,45233.8123,deriv_websocket_live,11e76524,393,NORMAL,-315.44
R_75,1791478108,1791478107.7959273,45234.9482,deriv_websocket_live,11e76524,394,NORMAL,-204.07
R_75,1791478110,1791478109.635243,45219.6052,deriv_websocket_live,11e76524,395,NORMAL,-364.76
R_75,1791478112,1791478111.703301,45212.5468,deriv_websocket_live,11e76524,396,NORMAL,-296.7
R_75,1791478114,1791478113.6209111,45215.4686,deriv_websocket_live,11e76524,397,NORMAL,-379.09
R_75,1791478116,1791478115.7420897,45202.5889,deriv_websocket_live,11e76524,398,NORMAL,-257.91
R_75,1791478118,1791478117.7614808,45195.7732,deriv_websocket_live,11e76524,399,NORMAL,-238.52
R_75,1791478120,1791478119.6302748,45203.8772,deriv_websocket_live,11e76524,400,NORMAL,-369.73
R_75,1791478122,1791478121.6828063,45204.3513,deriv_websocket_live,11e76524,401,NORMAL,-317.19
R_75,1791478124,1791478123.6747625,45198.9347,deriv_websocket_live,11e76524,402,NORMAL,-325.24
R_75,1791478126,1791478125.6583812,45220.6374,deriv_websocket_live,11e76524,403,NORMAL,-341.62
R_75,1791478128,1791478127.641873,45239.583,deriv_websocket_live,11e76524,404,NORMAL,-358.13
R_75,1791478130,1791478129.648082,45241.0673,deriv_websocket_live,11e76524,405,NORMAL,-351.92
R_75,1791478132,1791478131.6909025,45239.0363,deriv_websocket_live,11e76524,406,NORMAL,-309.1
R_75,1791478134,1791478133.737937,45251.0724,deriv_websocket_live,11e76524,407,NORMAL,-262.06
R_75,1791478136,1791478135.6829405,45268.1934,deriv_websocket_live,11e76524,408,NORMAL,-317.06
R_75,1791478138,1791478137.6746051,45267.993,deriv_websocket_live,11e76524,409,NORMAL,-325.39
R_75,1791478140,1791478139.7792559,45250.0116,deriv_websocket_live,11e76524,410,NORMAL,-220.74
R_75,1791478142,1791478141.7253213,45240.87,deriv_websocket_live,11e76524,411,NORMAL,-274.68
R_75,1791478144,1791478143.6862657,45247.2964,deriv_websocket_live,11e76524,412,NORMAL,-313.73
R_75,1791478146,1791478145.7212534,45249.7597,deriv_websocket_live,11e76524,413,NORMAL,-278.75
R_75,1791478148,1791478147.7665486,45242.2881,deriv_websocket_live,11e76524,414,NORMAL,-233.45
R_75,1791478150,1791478149.7120736,45215.4691,deriv_websocket_live,11e76524,415,NORMAL,-287.93
R_75,1791478152,1791478151.6964328,45210.852,deriv_websocket_live,11e76524,416,NORMAL,-303.57
R_75,1791478154,1791478153.706818,45218.112,deriv_websocket_live,11e76524,417,NORMAL,-293.18
R_75,1791478156,1791478155.6822205,45223.754,deriv_websocket_live,11e76524,418,NORMAL,-317.78
R_75,1791478158,1791478157.6993685,45227.2794,deriv_websocket_live,11e76524,419,NORMAL,-300.63
R_75,1791478160,1791478159.7474282,45224.0574,deriv_websocket_live,11e76524,420,NORMAL,-252.57
R_75,1791478162,1791478161.6764526,45215.8107,deriv_websocket_live,11e76524,421,NORMAL,-323.55
R_75,1791478164,1791478163.7407734,45221.1821,deriv_websocket_live,11e76524,422,NORMAL,-259.23
R_75,1791478166,1791478165.6627095,45206.4282,deriv_websocket_live,11e76524,423,NORMAL,-337.29
R_75,1791478168,1791478167.6782029,45210.9916,deriv_websocket_live,11e76524,424,NORMAL,-321.8
R_75,1791478170,1791478169.692824,45214.7989,deriv_websocket_live,11e76524,425,NORMAL,-307.18
R_75,1791478172,1791478171.6992402,45208.3834,deriv_websocket_live,11e76524,426,NORMAL,-300.76
R_75,1791478174,1791478173.6729932,45211.2519,deriv_websocket_live,11e76524,427,NORMAL,-327.01
R_75,1791478176,1791478175.6781301,45201.973,deriv_websocket_live,11e76524,428,NORMAL,-321.87
R_75,1791478178,1791478177.689203,45192.8028,deriv_websocket_live,11e76524,429,NORMAL,-310.8
R_75,1791478180,1791478179.727765,45190.1547,deriv_websocket_live,11e76524,430,NORMAL,-272.23
R_75,1791478182,1791478181.7630293,45184.4775,deriv_websocket_live,11e76524,431,NORMAL,-236.97
R_75,1791478184,1791478183.7687469,45179.672,deriv_websocket_live,11e76524,432,NORMAL,-231.25
R_75,1791478186,1791478185.697854,45175.3091,deriv_websocket_live,11e76524,433,NORMAL,-302.15
R_75,1791478188,1791478187.704592,45181.5695,deriv_websocket_live,11e76524,434,NORMAL,-295.41
R_75,1791478190,1791478189.6929996,45195.4073,deriv_websocket_live,11e76524,435,NORMAL,-307.0
R_75,1791478192,1791478191.6850889,45199.6695,deriv_websocket_live,11e76524,436,NORMAL,-314.91
R_75,1791478194,1791478193.7191617,45200.8094,deriv_websocket_live,11e76524,437,NORMAL,-280.84
R_75,1791478196,1791478195.6771464,45196.5714,deriv_websocket_live,11e76524,438,NORMAL,-322.85
R_75,1791478198,1791478197.6896055,45214.7712,deriv_websocket_live,11e76524,439,NORMAL,-310.39
R_75,1791478200,1791478199.7275848,45218.8642,deriv_websocket_live,11e76524,440,NORMAL,-272.42
R_75,1791478202,1791478205.689995,45208.5824,deriv_websocket_live,11e76524,441,NORMAL,3690.0
R_75,1791478204,1791478205.710992,45194.8788,deriv_websocket_live,11e76524,442,NORMAL,1710.99
R_75,1791478206,1791478205.7335129,45183.0069,deriv_websocket_live,11e76524,443,NORMAL,-266.49
R_75,1791478208,1791478207.6926847,45182.6005,deriv_websocket_live,11e76524,444,NORMAL,-307.32
R_75,1791478210,1791478209.6812236,45173.3658,deriv_websocket_live,11e76524,445,NORMAL,-318.78
R_75,1791478212,1791478211.695009,45179.9062,deriv_websocket_live,11e76524,446,NORMAL,-304.99
R_75,1791478214,1791478213.711456,45185.8203,deriv_websocket_live,11e76524,447,NORMAL,-288.54
R_75,1791478216,1791478215.6366506,45193.6471,deriv_websocket_live,11e76524,448,NORMAL,-363.35
R_75,1791478218,1791478217.655767,45196.5779,deriv_websocket_live,11e76524,449,NORMAL,-344.23
R_75,1791478220,1791478219.7546074,45194.0356,deriv_websocket_live,11e76524,450,NORMAL,-245.39
R_75,1791478222,1791478221.8030982,45195.3908,deriv_websocket_live,11e76524,451,NORMAL,-196.9
R_75,1791478224,1791478223.638229,45209.0089,deriv_websocket_live,11e76524,452,NORMAL,-361.77
R_75,1791478226,1791478225.703568,45207.065,deriv_websocket_live,11e76524,453,NORMAL,-296.43
R_75,1791478228,1791478227.678166,45209.9558,deriv_websocket_live,11e76524,454,NORMAL,-321.83
R_75,1791478230,1791478229.6951878,45188.5777,deriv_websocket_live,11e76524,455,NORMAL,-304.81
R_75,1791478232,1791478231.7102149,45182.984,deriv_websocket_live,11e76524,456,NORMAL,-289.79
R_75,1791478234,1791478233.7836137,45177.8016,deriv_websocket_live,11e76524,457,NORMAL,-216.39
R_75,1791478236,1791478235.6570644,45196.1285,deriv_websocket_live,11e76524,458,NORMAL,-342.94
R_75,1791478238,1791478237.6750135,45187.465,deriv_websocket_live,11e76524,459,NORMAL,-324.99
R_75,1791478240,1791478239.6938062,45185.6376,deriv_websocket_live,11e76524,460,NORMAL,-306.19
R_75,1791478242,1791478241.7554612,45206.4307,deriv_websocket_live,11e76524,461,NORMAL,-244.54
R_75,1791478244,1791478243.7169483,45203.9799,deriv_websocket_live,11e76524,462,NORMAL,-283.05
R_75,1791478246,1791478245.7652192,45197.5078,deriv_websocket_live,11e76524,463,NORMAL,-234.78
R_75,1791478248,1791478247.6903183,45193.6204,deriv_websocket_live,11e76524,464,NORMAL,-309.68
R_75,1791478250,1791478249.7026668,45197.8158,deriv_websocket_live,11e76524,465,NORMAL,-297.33
R_75,1791478252,1791478251.693331,45199.7409,deriv_websocket_live,11e76524,466,NORMAL,-306.67
R_75,1791478254,1791478253.7329812,45212.3321,deriv_websocket_live,11e76524,467,NORMAL,-267.02
R_75,1791478256,1791478255.6867938,45212.5728,deriv_websocket_live,11e76524,468,NORMAL,-313.21
R_75,1791478258,1791478257.6753373,45227.9282,deriv_websocket_live,11e76524,469,NORMAL,-324.66
R_75,1791478260,1791478259.659282,45221.3143,deriv_websocket_live,11e76524,470,NORMAL,-340.72
R_75,1791478262,1791478261.6371534,45231.0439,deriv_websocket_live,11e76524,471,NORMAL,-362.85
R_75,1791478264,1791478263.631509,45232.9464,deriv_websocket_live,11e76524,472,NORMAL,-368.49
R_75,1791478266,1791478265.6208532,45220.0549,deriv_websocket_live,11e76524,473,NORMAL,-379.15
R_75,1791478268,1791478267.6494098,45221.7633,deriv_websocket_live,11e76524,474,NORMAL,-350.59
R_75,1791478270,1791478269.7089498,45222.0987,deriv_websocket_live,11e76524,475,NORMAL,-291.05
R_75,1791478272,1791478271.6056175,45219.945,deriv_websocket_live,11e76524,476,NORMAL,-394.38
R_75,1791478274,1791478273.665556,45226.1052,deriv_websocket_live,11e76524,477,NORMAL,-334.44
R_75,1791478276,1791478275.628503,45237.5326,deriv_websocket_live,11e76524,478,NORMAL,-371.5
R_75,1791478278,1791478277.6290102,45239.0508,deriv_websocket_live,11e76524,479,NORMAL,-370.99
R_75,1791478280,1791478279.6599796,45241.3206,deriv_websocket_live,11e76524,480,NORMAL,-340.02
R_75,1791478282,1791478281.6171887,45247.875,deriv_websocket_live,11e76524,481,NORMAL,-382.81
R_75,1791478284,1791478283.6018615,45243.8438,deriv_websocket_live,11e76524,482,NORMAL,-398.14
R_75,1791478286,1791478285.6699688,45230.8026,deriv_websocket_live,11e76524,483,NORMAL,-330.03
R_75,1791478288,1791478287.6233454,45232.5573,deriv_websocket_live,11e76524,484,NORMAL,-376.65
R_75,1791478290,1791478289.654297,45224.9442,deriv_websocket_live,11e76524,485,NORMAL,-345.7
R_75,1791478292,1791478291.607815,45237.3013,deriv_websocket_live,11e76524,486,NORMAL,-392.18
R_75,1791478294,1791478293.7057774,45235.2551,deriv_websocket_live,11e76524,487,NORMAL,-294.22
R_75,1791478296,1791478295.611356,45230.913,deriv_websocket_live,11e76524,488,NORMAL,-388.64
R_75,1791478298,1791478297.6293497,45240.69,deriv_websocket_live,11e76524,489,NORMAL,-370.65
R_75,1791478300,1791478299.6041596,45239.9964,deriv_websocket_live,11e76524,490,NORMAL,-395.84
R_75,1791478302,1791478301.655871,45254.555,deriv_websocket_live,11e76524,491,NORMAL,-344.13
R_75,1791478304,1791478303.6695342,45250.4729,deriv_websocket_live,11e76524,492,NORMAL,-330.47
R_75,1791478306,1791478305.6545413,45253.829,deriv_websocket_live,11e76524,493,NORMAL,-345.46
R_75,1791478308,1791478307.6314921,45249.3777,deriv_websocket_live,11e76524,494,NORMAL,-368.51
R_75,1791478310,1791478309.6265583,45243.7955,deriv_websocket_live,11e76524,495,NORMAL,-373.44
R_75,1791478312,1791478311.7106998,45261.1523,deriv_websocket_live,11e76524,496,NORMAL,-289.3
R_75,1791478314,1791478313.6324995,45264.7903,deriv_websocket_live,11e76524,497,NORMAL,-367.5
R_75,1791478316,1791478315.7058444,45268.1883,deriv_websocket_live,11e76524,498,NORMAL,-294.16
R_75,1791478318,1791478317.6312382,45260.307,deriv_websocket_live,11e76524,499,NORMAL,-368.76
R_75,1791478320,1791478319.5986736,45268.339,deriv_websocket_live,11e76524,500,NORMAL,-401.33
R_75,1791478322,1791478321.7146554,45259.4794,deriv_websocket_live,11e76524,501,NORMAL,-285.34
R_75,1791478324,1791478323.594695,45250.6105,deriv_websocket_live,11e76524,502,NORMAL,-405.3
R_75,1791478326,1791478325.5903642,45251.1059,deriv_websocket_live,11e76524,503,NORMAL,-409.64
R_75,1791478328,1791478327.5582495,45249.6887,deriv_websocket_live,11e76524,504,NORMAL,-441.75
R_75,1791478330,1791478329.6910236,45242.8817,deriv_websocket_live,11e76524,505,NORMAL,-308.98
R_75,1791478332,1791478331.6100338,45232.8316,deriv_websocket_live,11e76524,506,NORMAL,-389.97
R_75,1791478334,1791478333.669002,45221.7213,deriv_websocket_live,11e76524,507,NORMAL,-331.0
R_75,1791478336,1791478335.6176214,45222.3263,deriv_websocket_live,11e76524,508,NORMAL,-382.38
R_75,1791478338,1791478337.7202036,45215.5169,deriv_websocket_live,11e76524,509,NORMAL,-279.8
R_75,1791478340,1791478339.5814564,45218.6648,deriv_websocket_live,11e76524,510,NORMAL,-418.54
R_75,1791478342,1791478341.5081122,45215.2466,deriv_websocket_live,11e76524,511,NORMAL,-491.89
R_75,1791478344,1791478343.5558448,45217.8363,deriv_websocket_live,11e76524,512,NORMAL,-444.16
R_75,1791478346,1791478345.5461743,45214.1865,deriv_websocket_live,11e76524,513,NORMAL,-453.83
R_75,1791478348,1791478347.5796456,45214.2291,deriv_websocket_live,11e76524,514,NORMAL,-420.35
R_75,1791478350,1791478349.5726414,45204.584,deriv_websocket_live,11e76524,515,NORMAL,-427.36
R_75,1791478352,1791478351.575465,45213.3923,deriv_websocket_live,11e76524,516,NORMAL,-424.54
R_75,1791478354,1791478353.5746858,45224.5716,deriv_websocket_live,11e76524,517,NORMAL,-425.31
R_75,1791478356,1791478355.5600767,45214.3306,deriv_websocket_live,11e76524,518,NORMAL,-439.92
R_75,1791478358,1791478357.5861702,45194.674,deriv_websocket_live,11e76524,519,NORMAL,-413.83
R_75,1791478360,1791478359.749295,45184.2496,deriv_websocket_live,11e76524,520,NORMAL,-250.71
R_75,1791478362,1791478361.5899165,45179.8324,deriv_websocket_live,11e76524,521,NORMAL,-410.08
R_75,1791478364,1791478363.6967478,45182.2428,deriv_websocket_live,11e76524,522,NORMAL,-303.25
R_75,1791478366,1791478365.5842688,45200.6905,deriv_websocket_live,11e76524,523,NORMAL,-415.73
R_75,1791478368,1791478367.726307,45207.6762,deriv_websocket_live,11e76524,524,NORMAL,-273.69
R_75,1791478370,1791478369.569896,45226.1331,deriv_websocket_live,11e76524,525,NORMAL,-430.1
R_75,1791478372,1791478371.561057,45234.9776,deriv_websocket_live,11e76524,526,NORMAL,-438.94
R_75,1791478374,1791478373.6667535,45225.7847,deriv_websocket_live,11e76524,527,NORMAL,-333.25
R_75,1791478376,1791478375.598688,45224.52,deriv_websocket_live,11e76524,528,NORMAL,-401.31
R_75,1791478378,1791478377.5658915,45222.6183,deriv_websocket_live,11e76524,529,NORMAL,-434.11
R_75,1791478380,1791478379.6032298,45224.9339,deriv_websocket_live,11e76524,530,NORMAL,-396.77
R_75,1791478382,1791478381.5728467,45224.4928,deriv_websocket_live,11e76524,531,NORMAL,-427.15
R_75,1791478384,1791478383.5967262,45213.007,deriv_websocket_live,11e76524,532,NORMAL,-403.27
R_75,1791478386,1791478385.5679286,45207.3491,deriv_websocket_live,11e76524,533,NORMAL,-432.07
R_75,1791478388,1791478387.6053195,45199.0664,deriv_websocket_live,11e76524,534,NORMAL,-394.68
R_75,1791478390,1791478389.622157,45205.7762,deriv_websocket_live,11e76524,535,NORMAL,-377.84
R_75,1791478392,1791478391.6929114,45200.263,deriv_websocket_live,11e76524,536,NORMAL,-307.09
R_75,1791478394,1791478393.6658568,45205.5044,deriv_websocket_live,11e76524,537,NORMAL,-334.14
R_75,1791478396,1791478395.5452008,45222.4984,deriv_websocket_live,11e76524,538,NORMAL,-454.8
R_75,1791478398,1791478397.5244532,45230.8036,deriv_websocket_live,11e76524,539,NORMAL,-475.55
R_75,1791478400,1791478399.4907722,45235.5729,deriv_websocket_live,11e76524,540,NORMAL,-509.23
R_75,1791478402,1791478401.505892,45217.7565,deriv_websocket_live,11e76524,541,NORMAL,-494.11
R_75,1791478404,1791478403.5319905,45215.8536,deriv_websocket_live,11e76524,542,NORMAL,-468.01
R_75,1791478406,1791478405.6135924,45218.5329,deriv_websocket_live,11e76524,543,NORMAL,-386.41
R_75,1791478408,1791478407.558191,45226.1374,deriv_websocket_live,11e76524,544,NORMAL,-441.81
R_75,1791478410,1791478409.5231,45225.2504,deriv_websocket_live,11e76524,545,NORMAL,-476.9
R_75,1791478412,1791478411.5247025,45241.1915,deriv_websocket_live,11e76524,546,NORMAL,-475.3
R_75,1791478414,1791478413.6009166,45244.6629,deriv_websocket_live,11e76524,547,NORMAL,-399.08
R_75,1791478416,1791478415.5635664,45247.6395,deriv_websocket_live,11e76524,548,NORMAL,-436.43
R_75,1791478418,1791478417.5605094,45219.2835,deriv_websocket_live,11e76524,549,NORMAL,-439.49
R_75,1791478420,1791478419.652333,45218.1868,deriv_websocket_live,11e76524,550,NORMAL,-347.67
R_75,1791478422,1791478421.587765,45208.5357,deriv_websocket_live,11e76524,551,NORMAL,-412.24
R_75,1791478424,1791478423.6158185,45206.7103,deriv_websocket_live,11e76524,552,NORMAL,-384.18
R_75,1791478426,1791478425.5263045,45198.0793,deriv_websocket_live,11e76524,553,NORMAL,-473.7
R_75,1791478428,1791478427.5646496,45205.0048,deriv_websocket_live,11e76524,554,NORMAL,-435.35
R_75,1791478430,1791478429.5749505,45200.4543,deriv_websocket_live,11e76524,555,NORMAL,-425.05
R_75,1791478432,1791478431.4900064,45201.5868,deriv_websocket_live,11e76524,556,NORMAL,-509.99
R_75,1791478434,1791478433.5590816,45217.4482,deriv_websocket_live,11e76524,557,NORMAL,-440.92
R_75,1791478436,1791478435.5174322,45212.4779,deriv_websocket_live,11e76524,558,NORMAL,-482.57
R_75,1791478438,1791478437.6473205,45213.595,deriv_websocket_live,11e76524,559,NORMAL,-352.68
R_75,1791478440,1791478439.4318383,45202.7682,deriv_websocket_live,11e76524,560,NORMAL,-568.16
R_75,1791478442,1791478441.6582322,45214.1758,deriv_websocket_live,11e76524,561,NORMAL,-341.77
R_75,1791478444,1791478443.501475,45208.6464,deriv_websocket_live,11e76524,562,NORMAL,-498.52
R_75,1791478446,1791478445.4467297,45203.9021,deriv_websocket_live,11e76524,563,NORMAL,-553.27
R_75,1791478448,1791478447.4682393,45203.6926,deriv_websocket_live,11e76524,564,NORMAL,-531.76
R_75,1791478450,1791478449.5117028,45203.0451,deriv_websocket_live,11e76524,565,NORMAL,-488.3
R_75,1791478452,1791478452.5248861,45205.5915,deriv_websocket_live,11e76524,566,NORMAL,524.89
R_75,1791478454,1791478453.480482,45194.4474,deriv_websocket_live,11e76524,567,NORMAL,-519.52
R_75,1791478456,1791478455.4643335,45193.5503,deriv_websocket_live,11e76524,568,NORMAL,-535.67
R_75,1791478458,1791478457.4598372,45201.0613,deriv_websocket_live,11e76524,569,NORMAL,-540.16
R_75,1791478460,1791478459.689937,45194.1059,deriv_websocket_live,11e76524,570,NORMAL,-310.06
R_75,1791478462,1791478461.5678155,45190.2409,deriv_websocket_live,11e76524,571,NORMAL,-432.18
R_75,1791478464,1791478463.5063784,45190.7024,deriv_websocket_live,11e76524,572,NORMAL,-493.62
R_75,1791478466,1791478468.3875322,45186.565,deriv_websocket_live,11e76524,573,NORMAL,2387.53
R_75,1791478468,1791478468.4151652,45177.7003,deriv_websocket_live,11e76524,574,NORMAL,415.17
R_75,1791478470,1791478469.4856653,45181.5376,deriv_websocket_live,11e76524,575,NORMAL,-514.33
R_75,1791478472,1791478471.5266051,45182.2507,deriv_websocket_live,11e76524,576,NORMAL,-473.39
R_75,1791478474,1791478473.503167,45189.7427,deriv_websocket_live,11e76524,577,NORMAL,-496.83
R_75,1791478476,1791478475.7586277,45193.5477,deriv_websocket_live,11e76524,578,NORMAL,-241.37
R_75,1791478478,1791478477.6013434,45200.6381,deriv_websocket_live,11e76524,579,NORMAL,-398.66
R_75,1791478480,1791478479.5473025,45187.6648,deriv_websocket_live,11e76524,580,NORMAL,-452.7
R_75,1791478482,1791478481.5949996,45198.8585,deriv_websocket_live,11e76524,581,NORMAL,-405.0
R_75,1791478484,1791478483.540881,45198.0977,deriv_websocket_live,11e76524,582,NORMAL,-459.12
R_75,1791478486,1791478485.4864397,45214.1467,deriv_websocket_live,11e76524,583,NORMAL,-513.56
R_75,1791478488,1791478487.4786508,45210.6723,deriv_websocket_live,11e76524,584,NORMAL,-521.35
R_75,1791478490,1791478489.5048337,45221.8485,deriv_websocket_live,11e76524,585,NORMAL,-495.17
R_75,1791478492,1791478491.5277631,45213.2784,deriv_websocket_live,11e76524,586,NORMAL,-472.24
R_75,1791478494,1791478493.4715676,45210.2369,deriv_websocket_live,11e76524,587,NORMAL,-528.43
R_75,1791478496,1791478495.5227823,45217.5348,deriv_websocket_live,11e76524,588,NORMAL,-477.22
R_75,1791478498,1791478497.6719754,45221.8787,deriv_websocket_live,11e76524,589,NORMAL,-328.02
R_75,1791478500,1791478499.4374952,45221.7546,deriv_websocket_live,11e76524,590,NORMAL,-562.5
R_75,1791478502,1791478501.563294,45225.1369,deriv_websocket_live,11e76524,591,NORMAL,-436.71
R_75,1791478504,1791478503.5090792,45221.6853,deriv_websocket_live,11e76524,592,NORMAL,-490.92
R_75,1791478506,1791478505.459709,45229.3953,deriv_websocket_live,11e76524,593,NORMAL,-540.29
R_75,1791478508,1791478507.4801946,45243.1431,deriv_websocket_live,11e76524,594,NORMAL,-519.81
R_75,1791478510,1791478509.4492157,45247.1364,deriv_websocket_live,11e76524,595,NORMAL,-550.78
R_75,1791478512,1791478511.4401026,45241.3997,deriv_websocket_live,11e76524,596,NORMAL,-559.9
R_75,1791478514,1791478513.5444834,45236.6402,deriv_websocket_live,11e76524,597,NORMAL,-455.52
R_75,1791478516,1791478516.2078924,45230.8599,deriv_websocket_live,11e76524,598,NORMAL,207.89
R_75,1791478518,1791478517.6405993,45238.6434,deriv_websocket_live,11e76524,599,NORMAL,-359.4
R_75,1791478520,1791478519.5865781,45230.4957,deriv_websocket_live,11e76524,600,NORMAL,-413.42
R_75,1791478522,1791478521.4388206,45231.4097,deriv_websocket_live,11e76524,601,NORMAL,-561.18
R_75,1791478524,1791478523.5820847,45219.4608,deriv_websocket_live,11e76524,602,NORMAL,-417.92
R_75,1791478526,1791478525.574495,45200.9027,deriv_websocket_live,11e76524,603,NORMAL,-425.5
R_75,1791478528,1791478527.516393,45199.8348,deriv_websocket_live,11e76524,604,NORMAL,-483.61
R_75,1791478530,1791478529.467565,45223.9269,deriv_websocket_live,11e76524,605,NORMAL,-532.43
R_75,1791478532,1791478531.5658824,45228.77,deriv_websocket_live,11e76524,606,NORMAL,-434.12
R_75,1791478534,1791478533.643313,45226.6404,deriv_websocket_live,11e76524,607,NORMAL,-356.69
R_75,1791478536,1791478535.5611649,45201.5368,deriv_websocket_live,11e76524,608,NORMAL,-438.84
R_75,1791478538,1791478537.5182686,45198.4409,deriv_websocket_live,11e76524,609,NORMAL,-481.73
R_75,1791478540,1791478539.657572,45192.452,deriv_websocket_live,11e76524,610,NORMAL,-342.43
R_75,1791478542,1791478541.541913,45201.5661,deriv_websocket_live,11e76524,611,NORMAL,-458.09
R_75,1791478544,1791478543.4663181,45201.2145,deriv_websocket_live,11e76524,612,NORMAL,-533.68
R_75,1791478546,1791478545.6070566,45219.8633,deriv_websocket_live,11e76524,613,NORMAL,-392.94
R_75,1791478548,1791478547.5412662,45221.5208,deriv_websocket_live,11e76524,614,NORMAL,-458.73
R_75,1791478550,1791478549.5894775,45221.8161,deriv_websocket_live,11e76524,615,NORMAL,-410.52
R_75,1791478552,1791478551.445815,45215.0386,deriv_websocket_live,11e76524,616,NORMAL,-554.18
R_75,1791478554,1791478553.4377344,45223.2506,deriv_websocket_live,11e76524,617,NORMAL,-562.27
R_75,1791478556,1791478555.447579,45208.662,deriv_websocket_live,11e76524,618,NORMAL,-552.42
R_75,1791478558,1791478557.4750783,45219.5475,deriv_websocket_live,11e76524,619,NORMAL,-524.92
R_75,1791478560,1791478559.4459438,45219.4672,deriv_websocket_live,11e76524,620,NORMAL,-554.06
R_75,1791478562,1791478561.4829662,45228.7563,deriv_websocket_live,11e76524,621,NORMAL,-517.03
R_75,1791478564,1791478563.5169933,45217.6636,deriv_websocket_live,11e76524,622,NORMAL,-483.01
R_75,1791478566,1791478565.5699992,45226.2077,deriv_websocket_live,11e76524,623,NORMAL,-430.0
R_75,1791478568,1791478567.47779,45221.9796,deriv_websocket_live,11e76524,624,NORMAL,-522.21
R_75,1791478570,1791478569.4722457,45216.5829,deriv_websocket_live,11e76524,625,NORMAL,-527.75
R_75,1791478572,1791478571.5374274,45221.9828,deriv_websocket_live,11e76524,626,NORMAL,-462.57
R_75,1791478574,1791478573.4716117,45211.0493,deriv_websocket_live,11e76524,627,NORMAL,-528.39
R_75,1791478576,1791478575.4971533,45206.3588,deriv_websocket_live,11e76524,628,NORMAL,-502.85
R_75,1791478578,1791478577.5448315,45207.8321,deriv_websocket_live,11e76524,629,NORMAL,-455.17
R_75,1791478580,1791478579.4853747,45209.6392,deriv_websocket_live,11e76524,630,NORMAL,-514.63
R_75,1791478582,1791478581.4487479,45203.8331,deriv_websocket_live,11e76524,631,NORMAL,-551.25
R_75,1791478584,1791478583.485404,45191.0956,deriv_websocket_live,11e76524,632,NORMAL,-514.6
R_75,1791478586,1791478585.5445905,45187.4999,deriv_websocket_live,11e76524,633,NORMAL,-455.41
R_75,1791478588,1791478587.6826346,45176.3466,deriv_websocket_live,11e76524,634,NORMAL,-317.37
R_75,1791478590,1791478589.5608509,45167.2559,deriv_websocket_live,11e76524,635,NORMAL,-439.15
R_75,1791478592,1791478591.4744322,45156.8634,deriv_websocket_live,11e76524,636,NORMAL,-525.57
R_75,1791478594,1791478593.5202775,45175.545,deriv_websocket_live,11e76524,637,NORMAL,-479.72
R_75,1791478596,1791478595.4517124,45169.506,deriv_websocket_live,11e76524,638,NORMAL,-548.29
R_75,1791478598,1791478597.6158657,45180.7794,deriv_websocket_live,11e76524,639,NORMAL,-384.13
R_75,1791478600,1791478599.663797,45180.3854,deriv_websocket_live,11e76524,640,NORMAL,-336.2
R_75,1791478602,1791478601.4834888,45167.8652,deriv_websocket_live,11e76524,641,NORMAL,-516.51
R_75,1791478604,1791478603.5552301,45169.9469,deriv_websocket_live,11e76524,642,NORMAL,-444.77
R_75,1791478606,1791478605.4791954,45170.7293,deriv_websocket_live,11e76524,643,NORMAL,-520.8
R_75,1791478608,1791478607.461557,45162.1428,deriv_websocket_live,11e76524,644,NORMAL,-538.44
R_75,1791478610,1791478609.5313566,45158.7698,deriv_websocket_live,11e76524,645,NORMAL,-468.64
R_75,1791478612,1791478611.543161,45165.9026,deriv_websocket_live,11e76524,646,NORMAL,-456.84
R_75,1791478614,1791478613.693864,45177.3718,deriv_websocket_live,11e76524,647,NORMAL,-306.14
R_75,1791478616,1791478615.4388719,45178.9197,deriv_websocket_live,11e76524,648,NORMAL,-561.13
R_75,1791478618,1791478617.4923127,45181.1239,deriv_websocket_live,11e76524,649,NORMAL,-507.69
R_75,1791478620,1791478619.4846542,45186.7919,deriv_websocket_live,11e76524,650,NORMAL,-515.35
R_75,1791478622,1791478621.577913,45190.362,deriv_websocket_live,11e76524,651,NORMAL,-422.09
R_75,1791478624,1791478623.5692992,45193.7839,deriv_websocket_live,11e76524,652,NORMAL,-430.7
R_75,1791478626,1791478625.5848932,45204.5027,deriv_websocket_live,11e76524,653,NORMAL,-415.11
R_75,1791478628,1791478627.6198373,45207.6579,deriv_websocket_live,11e76524,654,NORMAL,-380.16
R_75,1791478630,1791478629.5656762,45209.0628,deriv_websocket_live,11e76524,655,NORMAL,-434.32
R_75,1791478632,1791478636.6308408,45202.228,deriv_websocket_live,11e76524,656,NORMAL,4630.84
R_75,1791478634,1791478636.6869602,45202.3931,deriv_websocket_live,11e76524,657,NORMAL,2686.96
R_75,1791478636,1791478636.7016156,45210.6461,deriv_websocket_live,11e76524,658,NORMAL,701.62
R_75,1791478638,1791478637.4216523,45200.5357,deriv_websocket_live,11e76524,659,NORMAL,-578.35
R_75,1791478640,1791478639.4988682,45199.3081,deriv_websocket_live,11e76524,660,NORMAL,-501.13
R_75,1791478642,1791478641.5469418,45195.2988,deriv_websocket_live,11e76524,661,NORMAL,-453.06
R_75,1791478644,1791478643.5945613,45204.7075,deriv_websocket_live,11e76524,662,NORMAL,-405.44
R_75,1791478646,1791478645.462485,45197.7436,deriv_websocket_live,11e76524,663,NORMAL,-537.51
R_75,1791478648,1791478647.4857724,45195.7887,deriv_websocket_live,11e76524,664,NORMAL,-514.23
R_75,1791478650,1791478649.642948,45185.9354,deriv_websocket_live,11e76524,665,NORMAL,-357.05
R_75,1791478652,1791478651.582005,45193.2602,deriv_websocket_live,11e76524,666,NORMAL,-417.99
R_75,1791478654,1791478653.5277133,45205.3057,deriv_websocket_live,11e76524,667,NORMAL,-472.29
R_75,1791478656,1791478655.4725316,45208.3618,deriv_websocket_live,11e76524,668,NORMAL,-527.47
R_75,1791478658,1791478657.3773563,45206.2715,deriv_websocket_live,11e76524,669,NORMAL,-622.64
R_75,1791478660,1791478659.5688863,45197.618,deriv_websocket_live,11e76524,670,NORMAL,-431.11
R_75,1791478662,1791478661.4751914,45203.2987,deriv_websocket_live,11e76524,671,NORMAL,-524.81
R_75,1791478664,1791478663.5628083,45207.0394,deriv_websocket_live,11e76524,672,NORMAL,-437.19
R_75,1791478666,1791478665.4066718,45197.5585,deriv_websocket_live,11e76524,673,NORMAL,-593.33
R_75,1791478668,1791478667.5566015,45205.0815,deriv_websocket_live,11e76524,674,NORMAL,-443.4
R_75,1791478670,1791478669.6036932,45206.0833,deriv_websocket_live,11e76524,675,NORMAL,-396.31
R_75,1791478672,1791478671.4298897,45204.7346,deriv_websocket_live,11e76524,676,NORMAL,-570.11
R_75,1791478674,1791478673.393113,45194.7095,deriv_websocket_live,11e76524,677,NORMAL,-606.89
R_75,1791478676,1791478675.3850505,45191.7772,deriv_websocket_live,11e76524,678,NORMAL,-614.95
R_75,1791478678,1791478677.4899938,45187.6842,deriv_websocket_live,11e76524,679,NORMAL,-510.01
R_75,1791478680,1791478679.4489605,45173.751,deriv_websocket_live,11e76524,680,NORMAL,-551.04
R_75,1791478682,1791478681.4354439,45182.6073,deriv_websocket_live,11e76524,681,NORMAL,-564.56
R_75,1791478684,1791478683.5312154,45179.4253,deriv_websocket_live,11e76524,682,NORMAL,-468.78
R_75,1791478686,1791478685.4761038,45168.0843,deriv_websocket_live,11e76524,683,NORMAL,-523.9
R_75,1791478688,1791478687.5245273,45155.4316,deriv_websocket_live,11e76524,684,NORMAL,-475.47
R_75,1791478690,1791478689.5720482,45154.4507,deriv_websocket_live,11e76524,685,NORMAL,-427.95
R_75,1791478692,1791478691.4708393,45159.0078,deriv_websocket_live,11e76524,686,NORMAL,-529.16
R_75,1791478694,1791478693.5664375,45141.8297,deriv_websocket_live,11e76524,687,NORMAL,-433.56
R_75,1791478696,1791478695.4475176,45132.9138,deriv_websocket_live,11e76524,688,NORMAL,-552.48
R_75,1791478698,1791478697.4680128,45123.6917,deriv_websocket_live,11e76524,689,NORMAL,-531.99
R_75,1791478700,1791478699.5227442,45126.9522,deriv_websocket_live,11e76524,690,NORMAL,-477.26
R_75,1791478702,1791478701.5540648,45138.6579,deriv_websocket_live,11e76524,691,NORMAL,-445.94
R_75,1791478704,1791478703.5165987,45141.3361,deriv_websocket_live,11e76524,692,NORMAL,-483.4
R_75,1791478706,1791478705.6288292,45142.539,deriv_websocket_live,11e76524,693,NORMAL,-371.17
R_75,1791478708,1791478707.4930866,45141.314,deriv_websocket_live,11e76524,694,NORMAL,-506.91
R_75,1791478710,1791478709.463858,45151.3853,deriv_websocket_live,11e76524,695,NORMAL,-536.14
R_75,1791478712,1791478711.5937722,45155.8826,deriv_websocket_live,11e76524,696,NORMAL,-406.23
R_75,1791478714,1791478713.5346186,45151.1982,deriv_websocket_live,11e76524,697,NORMAL,-465.38
R_75,1791478716,1791478715.480334,45147.9938,deriv_websocket_live,11e76524,698,NORMAL,-519.67
R_75,1791478718,1791478717.7225554,45156.7336,deriv_websocket_live,11e76524,699,NORMAL,-277.44
R_75,1791478720,1791478719.6787336,45153.1462,deriv_websocket_live,11e76524,700,NORMAL,-321.27
R_75,1791478722,1791478721.624537,45168.1384,deriv_websocket_live,11e76524,701,NORMAL,-375.46
R_75,1791478724,1791478723.7754507,45169.9309,deriv_websocket_live,11e76524,702,NORMAL,-224.55
R_75,1791478726,1791478725.5410838,45180.1137,deriv_websocket_live,11e76524,703,NORMAL,-458.92
R_75,1791478728,1791478727.628183,45177.7136,deriv_websocket_live,11e76524,704,NORMAL,-371.82
R_75,1791478730,1791478729.6114907,45172.2787,deriv_websocket_live,11e76524,705,NORMAL,-388.51
R_75,1791478732,1791478731.659143,45181.9435,deriv_websocket_live,11e76524,706,NORMAL,-340.86
R_75,1791478734,1791478733.6058204,45173.5161,deriv_websocket_live,11e76524,707,NORMAL,-394.18
R_75,1791478736,1791478735.6553068,45174.8179,deriv_websocket_live,11e76524,708,NORMAL,-344.69
R_75,1791478738,1791478737.5990298,45162.1343,deriv_websocket_live,11e76524,709,NORMAL,-400.97
R_75,1791478740,1791478739.6052732,45153.0444,deriv_websocket_live,11e76524,710,NORMAL,-394.73
R_75,1791478742,1791478741.5790725,45142.9157,deriv_websocket_live,11e76524,711,NORMAL,-420.93
R_75,1791478744,1791478743.6524677,45131.9482,deriv_websocket_live,11e76524,712,NORMAL,-347.53
R_75,1791478746,1791478745.5283353,45136.5844,deriv_websocket_live,11e76524,713,NORMAL,-471.66
R_75,1791478748,1791478747.5675337,45141.822,deriv_websocket_live,11e76524,714,NORMAL,-432.47
R_75,1791478750,1791478749.68214,45149.0113,deriv_websocket_live,11e76524,715,NORMAL,-317.86
R_75,1791478752,1791478751.5684197,45132.7283,deriv_websocket_live,11e76524,716,NORMAL,-431.58
R_75,1791478754,1791478753.5753698,45134.7668,deriv_websocket_live,11e76524,717,NORMAL,-424.63
R_75,1791478756,1791478755.7263117,45137.2862,deriv_websocket_live,11e76524,718,NORMAL,-273.69
R_75,1791478758,1791478757.585316,45135.4174,deriv_websocket_live,11e76524,719,NORMAL,-414.68
R_75,1791478760,1791478759.6152523,45139.1143,deriv_websocket_live,11e76524,720,NORMAL,-384.75
R_75,1791478762,1791478761.5612602,45147.0827,deriv_websocket_live,11e76524,721,NORMAL,-438.74
R_75,1791478764,1791478763.4954596,45143.2588,deriv_websocket_live,11e76524,722,NORMAL,-504.54
R_75,1791478766,1791478765.5641353,45143.9707,deriv_websocket_live,11e76524,723,NORMAL,-435.86
R_75,1791478768,1791478767.537539,45140.5413,deriv_websocket_live,11e76524,724,NORMAL,-462.46
R_75,1791478770,1791478769.532195,45124.8794,deriv_websocket_live,11e76524,725,NORMAL,-467.8
R_75,1791478772,1791478771.5976558,45124.1107,deriv_websocket_live,11e76524,726,NORMAL,-402.34
R_75,1791478774,1791478773.6441526,45118.2746,deriv_websocket_live,11e76524,727,NORMAL,-355.85
R_75,1791478776,1791478775.5899591,45114.3806,deriv_websocket_live,11e76524,728,NORMAL,-410.04
R_75,1791478778,1791478777.6417844,45106.8388,deriv_websocket_live,11e76524,729,NORMAL,-358.22
R_75,1791478780,1791478779.583778,45104.7153,deriv_websocket_live,11e76524,730,NORMAL,-416.22
R_75,1791478782,1791478781.5727348,45098.9152,deriv_websocket_live,11e76524,731,NORMAL,-427.27
R_75,1791478784,1791478783.5685916,45103.8141,deriv_websocket_live,11e76524,732,NORMAL,-431.41
R_75,1791478786,1791478785.5428288,45095.9442,deriv_websocket_live,11e76524,733,NORMAL,-457.17
R_75,1791478788,1791478787.5707555,45102.549,deriv_websocket_live,11e76524,734,NORMAL,-429.24
R_75,1791478790,1791478789.6188445,45107.1824,deriv_websocket_live,11e76524,735,NORMAL,-381.16
R_75,1791478792,1791478791.5643835,45107.8144,deriv_websocket_live,11e76524,736,NORMAL,-435.62
R_75,1791478794,1791478793.6126435,45116.0254,deriv_websocket_live,11e76524,737,NORMAL,-387.36
R_75,1791478796,1791478795.6632218,45102.6917,deriv_websocket_live,11e76524,738,NORMAL,-336.78
R_75,1791478798,1791478797.6070197,45109.2506,deriv_websocket_live,11e76524,739,NORMAL,-392.98
R_75,1791478800,1791478799.5573714,45110.5641,deriv_websocket_live,11e76524,740,NORMAL,-442.63
R_75,1791478802,1791478801.564199,45125.7561,deriv_websocket_live,11e76524,741,NORMAL,-435.8
R_75,1791478804,1791478803.5825849,45122.0059,deriv_websocket_live,11e76524,742,NORMAL,-417.42
R_75,1791478806,1791478805.5171223,45122.188,deriv_websocket_live,11e76524,743,NORMAL,-482.88
R_75,1791478808,1791478807.6427648,45111.6146,deriv_websocket_live,11e76524,744,NORMAL,-357.24
R_75,1791478810,1791478809.520415,45110.5882,deriv_websocket_live,11e76524,745,NORMAL,-479.58
R_75,1791478812,1791478811.5605097,45112.3963,deriv_websocket_live,11e76524,746,NORMAL,-439.49
R_75,1791478814,1791478813.5812967,45111.5935,deriv_websocket_live,11e76524,747,NORMAL,-418.7
R_75,1791478816,1791478815.6293423,45115.4512,deriv_websocket_live,11e76524,748,NORMAL,-370.66
R_75,1791478818,1791478817.6678755,45105.2287,deriv_websocket_live,11e76524,749,NORMAL,-332.12
R_75,1791478820,1791478819.5485733,45108.8292,deriv_websocket_live,11e76524,750,NORMAL,-451.43
R_75,1791478822,1791478821.570253,45108.1025,deriv_websocket_live,11e76524,751,NORMAL,-429.75
R_75,1791478824,1791478823.5143821,45109.9986,deriv_websocket_live,11e76524,752,NORMAL,-485.62
R_75,1791478826,1791478825.50849,45111.0907,deriv_websocket_live,11e76524,753,NORMAL,-491.51
R_75,1791478828,1791478827.5586529,45123.0458,deriv_websocket_live,11e76524,754,NORMAL,-441.35
R_75,1791478830,1791478829.5277839,45115.6532,deriv_websocket_live,11e76524,755,NORMAL,-472.22
R_75,1791478832,1791478831.502254,45115.6596,deriv_websocket_live,11e76524,756,NORMAL,-497.75
R_75,1791478834,1791478834.4716394,45117.816,deriv_websocket_live,11e76524,757,NORMAL,471.64
R_75,1791478836,1791478835.5268712,45130.5396,deriv_websocket_live,11e76524,758,NORMAL,-473.13
R_75,1791478838,1791478837.5991986,45136.3565,deriv_websocket_live,11e76524,759,NORMAL,-400.8
R_75,1791478840,1791478839.5103528,45152.8719,deriv_websocket_live,11e76524,760,NORMAL,-489.65
R_75,1791478842,1791478841.5377264,45139.4581,deriv_websocket_live,11e76524,761,NORMAL,-462.27
R_75,1791478844,1791478843.5851371,45118.849,deriv_websocket_live,11e76524,762,NORMAL,-414.86
R_75,1791478846,1791478845.5307086,45128.3084,deriv_websocket_live,11e76524,763,NORMAL,-469.29
R_75,1791478848,1791478847.5717633,45131.8459,deriv_websocket_live,11e76524,764,NORMAL,-428.24
R_75,1791478850,1791478849.5612416,45138.3317,deriv_websocket_live,11e76524,765,NORMAL,-438.76
R_75,1791478852,1791478851.546682,45131.2913,deriv_websocket_live,11e76524,766,NORMAL,-453.32
R_75,1791478854,1791478853.6201918,45122.8321,deriv_websocket_live,11e76524,767,NORMAL,-379.81
R_75,1791478856,1791478855.6159935,45126.8616,deriv_websocket_live,11e76524,768,NORMAL,-384.01
R_75,1791478858,1791478857.4977329,45143.3777,deriv_websocket_live,11e76524,769,NORMAL,-502.27
R_75,1791478860,1791478859.5132287,45131.1648,deriv_websocket_live,11e76524,770,NORMAL,-486.77
R_75,1791478862,1791478861.51343,45127.6359,deriv_websocket_live,11e76524,771,NORMAL,-486.57
R_75,1791478864,1791478863.6114752,45121.8089,deriv_websocket_live,11e76524,772,NORMAL,-388.52
R_75,1791478866,1791478865.543888,45123.8419,deriv_websocket_live,11e76524,773,NORMAL,-456.11
R_75,1791478868,1791478867.546004,45110.42,deriv_websocket_live,11e76524,774,NORMAL,-454.0
R_75,1791478870,1791478869.5945814,45101.5424,deriv_websocket_live,11e76524,775,NORMAL,-405.42
R_75,1791478872,1791478871.5404174,45100.7932,deriv_websocket_live,11e76524,776,NORMAL,-459.58
R_75,1791478874,1791478873.6919966,45097.2429,deriv_websocket_live,11e76524,777,NORMAL,-308.0
R_75,1791478876,1791478875.5396795,45105.0597,deriv_websocket_live,11e76524,778,NORMAL,-460.32
R_75,1791478878,1791478877.5199332,45114.801,deriv_websocket_live,11e76524,779,NORMAL,-480.07
R_75,1791478880,1791478879.5207944,45118.3572,deriv_websocket_live,11e76524,780,NORMAL,-479.21
R_75,1791478882,1791478881.6786668,45126.861,deriv_websocket_live,11e76524,781,NORMAL,-321.33
R_75,1791478884,1791478883.603397,45128.7028,deriv_websocket_live,11e76524,782,NORMAL,-396.6
R_75,1791478886,1791478885.6199107,45134.1012,deriv_websocket_live,11e76524,783,NORMAL,-380.09
R_75,1791478888,1791478887.5551343,45135.7496,deriv_websocket_live,11e76524,784,NORMAL,-444.87
R_75,1791478890,1791478889.5022392,45137.4885,deriv_websocket_live,11e76524,785,NORMAL,-497.76
R_75,1791478892,1791478891.520885,45144.9956,deriv_websocket_live,11e76524,786,NORMAL,-479.12
R_75,1791478894,1791478893.5867603,45137.794,deriv_websocket_live,11e76524,787,NORMAL,-413.24
R_75,1791478896,1791478895.7165773,45143.9683,deriv_websocket_live,11e76524,788,NORMAL,-283.42
R_75,1791478898,1791478897.472976,45164.4215,deriv_websocket_live,11e76524,789,NORMAL,-527.02
R_75,1791478900,1791478899.5277803,45169.4366,deriv_websocket_live,11e76524,790,NORMAL,-472.22
R_75,1791478902,1791478901.7506397,45154.2556,deriv_websocket_live,11e76524,791,NORMAL,-249.36
R_75,1791478904,1791478903.5924299,45148.8011,deriv_websocket_live,11e76524,792,NORMAL,-407.57
R_75,1791478906,1791478905.5400224,45139.8215,deriv_websocket_live,11e76524,793,NORMAL,-459.98
R_75,1791478908,1791478907.5870578,45135.996,deriv_websocket_live,11e76524,794,NORMAL,-412.94
R_75,1791478910,1791478909.530079,45151.7039,deriv_websocket_live,11e76524,795,NORMAL,-469.92
R_75,1791478912,1791478911.5795662,45145.368,deriv_websocket_live,11e76524,796,NORMAL,-420.43
R_75,1791478914,1791478913.5243719,45154.1621,deriv_websocket_live,11e76524,797,NORMAL,-475.63
R_75,1791478916,1791478915.4703832,45159.1874,deriv_websocket_live,11e76524,798,NORMAL,-529.62
R_75,1791478918,1791478917.4673502,45149.186,deriv_websocket_live,11e76524,799,NORMAL,-532.65
R_75,1791478920,1791478919.464271,45147.1106,deriv_websocket_live,11e76524,800,NORMAL,-535.73
R_75,1791478922,1791478921.4740124,45145.0441,deriv_websocket_live,11e76524,801,NORMAL,-525.99
R_75,1791478924,1791478923.5818872,45143.2238,deriv_websocket_live,11e76524,802,NORMAL,-418.11
R_75,1791478926,1791478925.6275284,45153.7855,deriv_websocket_live,11e76524,803,NORMAL,-372.47
R_75,1791478928,1791478927.67599,45157.2403,deriv_websocket_live,11e76524,804,NORMAL,-324.01
R_75,1791478930,1791478929.4998164,45170.5674,deriv_websocket_live,11e76524,805,NORMAL,-500.18
R_75,1791478932,1791478931.4858904,45157.2021,deriv_websocket_live,11e76524,806,NORMAL,-514.11
R_75,1791478934,1791478933.470004,45165.9446,deriv_websocket_live,11e76524,807,NORMAL,-530.0
R_75,1791478936,1791478935.5026,45156.4485,deriv_websocket_live,11e76524,808,NORMAL,-497.4
R_75,1791478938,1791478937.4932978,45155.9219,deriv_websocket_live,11e76524,809,NORMAL,-506.7
R_75,1791478940,1791478939.535245,45162.6849,deriv_websocket_live,11e76524,810,NORMAL,-464.76
R_75,1791478942,1791478941.5831273,45166.1422,deriv_websocket_live,11e76524,811,NORMAL,-416.87
R_75,1791478944,1791478943.52897,45158.3065,deriv_websocket_live,11e76524,812,NORMAL,-471.03
R_75,1791478946,1791478945.4921124,45152.4592,deriv_websocket_live,11e76524,813,NORMAL,-507.89
R_75,1791478948,1791478947.4785862,45156.9086,deriv_websocket_live,11e76524,814,NORMAL,-521.41
R_75,1791478950,1791478949.6728053,45158.2936,deriv_websocket_live,11e76524,815,NORMAL,-327.19
R_75,1791478952,1791478951.5167701,45152.3208,deriv_websocket_live,11e76524,816,NORMAL,-483.23
R_75,1791478954,1791478953.576997,45149.6321,deriv_websocket_live,11e76524,817,NORMAL,-423.0
R_75,1791478956,1791478955.6301394,45165.4214,deriv_websocket_live,11e76524,818,NORMAL,-369.86
R_75,1791478958,1791478957.6633193,45169.37,deriv_websocket_live,11e76524,819,NORMAL,-336.68
R_75,1791478960,1791478959.4757137,45177.1411,deriv_websocket_live,11e76524,820,NORMAL,-524.29
R_75,1791478962,1791478961.4880135,45182.0499,deriv_websocket_live,11e76524,821,NORMAL,-511.99
R_75,1791478964,1791478963.609814,45193.2155,deriv_websocket_live,11e76524,822,NORMAL,-390.19
R_75,1791478966,1791478966.1318188,45193.5732,deriv_websocket_live,11e76524,823,NORMAL,131.82
R_75,1791478968,1791478967.492041,45183.629,deriv_websocket_live,11e76524,824,NORMAL,-507.96
R_75,1791478970,1791478969.6231604,45197.3366,deriv_websocket_live,11e76524,825,NORMAL,-376.84
R_75,1791478972,1791478971.4419775,45197.6741,deriv_websocket_live,11e76524,826,NORMAL,-558.02
R_75,1791478974,1791478973.9082093,45212.4309,deriv_websocket_live,11e76524,827,NORMAL,-91.79
R_75,1791478976,1791478975.6829069,45201.6569,deriv_websocket_live,11e76524,828,NORMAL,-317.09
R_75,1791478978,1791478977.5016668,45191.7985,deriv_websocket_live,11e76524,829,NORMAL,-498.33
R_75,1791478980,1791478979.5521455,45176.5014,deriv_websocket_live,11e76524,830,NORMAL,-447.85
R_75,1791478982,1791478981.4653735,45173.548,deriv_websocket_live,11e76524,831,NORMAL,-534.63
R_75,1791478984,1791478983.5669813,45174.1396,deriv_websocket_live,11e76524,832,NORMAL,-433.02
R_75,1791478986,1791478985.515095,45174.6227,deriv_websocket_live,11e76524,833,NORMAL,-484.91
R_75,1791478988,1791478987.5626132,45179.6924,deriv_websocket_live,11e76524,834,NORMAL,-437.39
R_75,1791478990,1791478989.5088444,45188.2047,deriv_websocket_live,11e76524,835,NORMAL,-491.16
R_75,1791478992,1791478991.4467824,45179.2051,deriv_websocket_live,11e76524,836,NORMAL,-553.22
R_75,1791478994,1791478993.5746663,45190.2824,deriv_websocket_live,11e76524,837,NORMAL,-425.33
R_75,1791478996,1791478995.5488093,45193.1663,deriv_websocket_live,11e76524,838,NORMAL,-451.19
R_75,1791478998,1791478997.4948204,45197.3813,deriv_websocket_live,11e76524,839,NORMAL,-505.18
R_75,1791479000,1791478999.6449943,45205.4343,deriv_websocket_live,11e76524,840,NORMAL,-355.01
R_75,1791479002,1791479001.590527,45198.3092,deriv_websocket_live,11e76524,841,NORMAL,-409.47
R_75,1791479004,1791479003.5364614,45195.656,deriv_websocket_live,11e76524,842,NORMAL,-463.54
R_75,1791479006,1791479005.5843117,45186.4426,deriv_websocket_live,11e76524,843,NORMAL,-415.69
R_75,1791479008,1791479007.5297456,45189.3665,deriv_websocket_live,11e76524,844,NORMAL,-470.25
R_75,1791479010,1791479009.475131,45198.5937,deriv_websocket_live,11e76524,845,NORMAL,-524.87
R_75,1791479012,1791479011.5010028,45192.9971,deriv_websocket_live,11e76524,846,NORMAL,-499.0
R_75,1791479014,1791479013.5713203,45207.7892,deriv_websocket_live,11e76524,847,NORMAL,-428.68
R_75,1791479016,1791479015.5171876,45207.7069,deriv_websocket_live,11e76524,848,NORMAL,-482.81
R_75,1791479018,1791479017.6672792,45201.9007,deriv_websocket_live,11e76524,849,NORMAL,-332.72
R_75,1791479020,1791479019.508323,45212.1781,deriv_websocket_live,11e76524,850,NORMAL,-491.68
R_75,1791479022,1791479021.5787668,45232.2921,deriv_websocket_live,11e76524,851,NORMAL,-421.23
R_75,1791479024,1791479023.5728183,45234.3256,deriv_websocket_live,11e76524,852,NORMAL,-427.18
R_75,1791479026,1791479025.5413587,45232.3087,deriv_websocket_live,11e76524,853,NORMAL,-458.64
R_75,1791479028,1791479027.600578,45234.5741,deriv_websocket_live,11e76524,854,NORMAL,-399.42
R_75,1791479030,1791479029.5532637,45248.5735,deriv_websocket_live,11e76524,855,NORMAL,-446.74
R_75,1791479032,1791479031.491706,45258.4071,deriv_websocket_live,11e76524,856,NORMAL,-508.29
R_75,1791479034,1791479033.5400105,45268.7911,deriv_websocket_live,11e76524,857,NORMAL,-459.99
R_75,1791479036,1791479035.5002036,45270.834,deriv_websocket_live,11e76524,858,NORMAL,-499.8
R_75,1791479038,1791479037.7378626,45276.204,deriv_websocket_live,11e76524,859,NORMAL,-262.14
R_75,1791479040,1791479039.5817897,45271.1509,deriv_websocket_live,11e76524,860,NORMAL,-418.21
R_75,1791479042,1791479041.4533212,45276.7133,deriv_websocket_live,11e76524,861,NORMAL,-546.68
R_75,1791479044,1791479043.5769312,45290.6069,deriv_websocket_live,11e76524,862,NORMAL,-423.07
R_75,1791479046,1791479045.58494,45299.7836,deriv_websocket_live,11e76524,863,NORMAL,-415.06
R_75,1791479048,1791479047.4851887,45297.9916,deriv_websocket_live,11e76524,864,NORMAL,-514.81
R_75,1791479050,1791479049.5143898,45307.0216,deriv_websocket_live,11e76524,865,NORMAL,-485.61
R_75,1791479052,1791479051.42926,45300.5233,deriv_websocket_live,11e76524,866,NORMAL,-570.74
R_75,1791479054,1791479053.5715897,45317.3255,deriv_websocket_live,11e76524,867,NORMAL,-428.41
R_75,1791479056,1791479055.5688195,45332.8057,deriv_websocket_live,11e76524,868,NORMAL,-431.18
R_75,1791479058,1791479057.4780817,45343.7824,deriv_websocket_live,11e76524,869,NORMAL,-521.92
R_75,1791479060,1791479059.5495973,45338.3361,deriv_websocket_live,11e76524,870,NORMAL,-450.4
R_75,1791479062,1791479061.5979502,45340.719,deriv_websocket_live,11e76524,871,NORMAL,-402.05
R_75,1791479064,1791479063.7478426,45347.0237,deriv_websocket_live,11e76524,872,NORMAL,-252.16
R_75,1791479066,1791479065.7962165,45338.7464,deriv_websocket_live,11e76524,873,NORMAL,-203.78
R_75,1791479068,1791479067.639461,45344.6735,deriv_websocket_live,11e76524,874,NORMAL,-360.54
R_75,1791479070,1791479069.6875973,45357.5253,deriv_websocket_live,11e76524,875,NORMAL,-312.4
R_75,1791479072,1791479071.633185,45346.3367,deriv_websocket_live,11e76524,876,NORMAL,-366.82
R_75,1791479074,1791479073.680185,45353.2822,deriv_websocket_live,11e76524,877,NORMAL,-319.81
R_75,1791479076,1791479075.6204598,45351.8218,deriv_websocket_live,11e76524,878,NORMAL,-379.54
R_75,1791479078,1791479077.67485,45364.3706,deriv_websocket_live,11e76524,879,NORMAL,-325.15
R_75,1791479080,1791479079.6204996,45367.7418,deriv_websocket_live,11e76524,880,NORMAL,-379.5
R_75,1791479082,1791479081.7708395,45374.6227,deriv_websocket_live,11e76524,881,NORMAL,-229.16
R_75,1791479084,1791479083.6795497,45379.9302,deriv_websocket_live,11e76524,882,NORMAL,-320.45
R_75,1791479086,1791479085.7154026,45366.4761,deriv_websocket_live,11e76524,883,NORMAL,-284.6
R_75,1791479088,1791479087.712628,45369.4407,deriv_websocket_live,11e76524,884,NORMAL,-287.37
R_75,1791479090,1791479089.650386,45365.7016,deriv_websocket_live,11e76524,885,NORMAL,-349.61
R_75,1791479092,1791479091.709222,45346.9282,deriv_websocket_live,11e76524,886,NORMAL,-290.78
R_75,1791479094,1791479093.5650904,45345.6405,deriv_websocket_live,11e76524,887,NORMAL,-434.91
R_75,1791479096,1791479095.5398672,45336.0781,deriv_websocket_live,11e76524,888,NORMAL,-460.13
R_75,1791479098,1791479097.7457118,45333.3958,deriv_websocket_live,11e76524,889,NORMAL,-254.29
R_75,1791479100,1791479099.5741725,45342.3338,deriv_websocket_live,11e76524,890,NORMAL,-425.83
R_75,1791479102,1791479101.5554447,45325.0876,deriv_websocket_live,11e76524,891,NORMAL,-444.56
R_75,1791479104,1791479103.6086814,45315.1451,deriv_websocket_live,11e76524,892,NORMAL,-391.32
R_75,1791479106,1791479105.636711,45328.5538,deriv_websocket_live,11e76524,893,NORMAL,-363.29
R_75,1791479108,1791479107.679132,45348.522,deriv_websocket_live,11e76524,894,NORMAL,-320.87
R_75,1791479110,1791479109.525139,45340.2717,deriv_websocket_live,11e76524,895,NORMAL,-474.86
R_75,1791479112,1791479111.5695002,45351.5567,deriv_websocket_live,11e76524,896,NORMAL,-430.5
R_75,1791479114,1791479113.8226244,45359.1753,deriv_websocket_live,11e76524,897,NORMAL,-177.38
R_75,1791479116,1791479115.6357422,45335.6127,deriv_websocket_live,11e76524,898,NORMAL,-364.26
R_75,1791479118,1791479117.6110766,45344.9384,deriv_websocket_live,11e76524,899,NORMAL,-388.92
R_75,1791479120,1791479119.5564203,45332.7213,deriv_websocket_live,11e76524,900,NORMAL,-443.58
R_75,1791479122,1791479121.6830146,45334.8531,deriv_websocket_live,11e76524,901,NORMAL,-316.99
R_75,1791479124,1791479123.6403284,45335.5605,deriv_websocket_live,11e76524,902,NORMAL,-359.67
R_75,1791479126,1791479125.5771427,45319.9515,deriv_websocket_live,11e76524,903,NORMAL,-422.86
R_75,1791479128,1791479127.6338258,45334.1763,deriv_websocket_live,11e76524,904,NORMAL,-366.17
R_75,1791479130,1791479129.8109965,45329.3607,deriv_websocket_live,11e76524,905,NORMAL,-189.0
R_75,1791479132,1791479131.5191662,45322.568,deriv_websocket_live,11e76524,906,NORMAL,-480.83
R_75,1791479134,1791479133.7910142,45311.8297,deriv_websocket_live,11e76524,907,NORMAL,-208.99
R_75,1791479136,1791479135.647078,45321.0855,deriv_websocket_live,11e76524,908,NORMAL,-352.92
R_75,1791479138,1791479137.784714,45326.2028,deriv_websocket_live,11e76524,909,NORMAL,-215.29
R_75,1791479140,1791479139.7302244,45323.2664,deriv_websocket_live,11e76524,910,NORMAL,-269.78
R_75,1791479142,1791479141.5757432,45326.8682,deriv_websocket_live,11e76524,911,NORMAL,-424.26
R_75,1791479144,1791479143.723997,45332.1844,deriv_websocket_live,11e76524,912,NORMAL,-276.0
R_75,1791479146,1791479145.7723746,45326.7858,deriv_websocket_live,11e76524,913,NORMAL,-227.63
R_75,1791479148,1791479147.6214461,45324.3926,deriv_websocket_live,11e76524,914,NORMAL,-378.55
R_75,1791479150,1791479149.5612242,45335.4669,deriv_websocket_live,11e76524,915,NORMAL,-438.78
R_75,1791479152,1791479151.6087527,45337.3575,deriv_websocket_live,11e76524,916,NORMAL,-391.25
R_75,1791479154,1791479153.6653464,45341.208,deriv_websocket_live,11e76524,917,NORMAL,-334.65
R_75,1791479156,1791479155.5312357,45343.4889,deriv_websocket_live,11e76524,918,NORMAL,-468.76
R_75,1791479158,1791479160.0444784,45347.8567,deriv_websocket_live,11e76524,919,NORMAL,2044.48
R_75,1791479160,1791479160.09917,45342.7939,deriv_websocket_live,11e76524,920,NORMAL,99.17
R_75,1791479162,1791479161.6605492,45345.4156,deriv_websocket_live,11e76524,921,NORMAL,-339.45
R_75,1791479164,1791479163.99937,45345.6605,deriv_websocket_live,11e76524,922,NORMAL,-0.63
R_75,1791479166,1791479165.621832,45338.4729,deriv_websocket_live,11e76524,923,NORMAL,-378.17
R_75,1791479168,1791479167.7879465,45332.9065,deriv_websocket_live,11e76524,924,NORMAL,-212.05
R_75,1791479170,1791479169.6546218,45332.7403,deriv_websocket_live,11e76524,925,NORMAL,-345.38
R_75,1791479172,1791479171.5455296,45318.3231,deriv_websocket_live,11e76524,926,NORMAL,-454.47
R_75,1791479174,1791479173.7280018,45330.9292,deriv_websocket_live,11e76524,927,NORMAL,-272.0
R_75,1791479176,1791479175.6429415,45332.0734,deriv_websocket_live,11e76524,928,NORMAL,-357.06
R_75,1791479178,1791479177.61919,45328.8806,deriv_websocket_live,11e76524,929,NORMAL,-380.81
R_75,1791479180,1791479179.7694583,45327.8964,deriv_websocket_live,11e76524,930,NORMAL,-230.54
R_75,1791479182,1791479181.45999,45339.9218,deriv_websocket_live,11e76524,931,NORMAL,-540.01
R_75,1791479184,1791479183.5583174,45323.7779,deriv_websocket_live,11e76524,932,NORMAL,-441.68
R_75,1791479186,1791479185.578468,45306.7487,deriv_websocket_live,11e76524,933,NORMAL,-421.53
R_75,1791479188,1791479187.6538398,45299.1221,deriv_websocket_live,11e76524,934,NORMAL,-346.16
R_75,1791479190,1791479189.4963648,45304.4613,deriv_websocket_live,11e76524,935,NORMAL,-503.64
R_75,1791479192,1791479191.7503812,45303.2686,deriv_websocket_live,11e76524,936,NORMAL,-249.62
R_75,1791479194,1791479193.6929364,45302.6216,deriv_websocket_live,11e76524,937,NORMAL,-307.06
R_75,1791479196,1791479195.641473,45302.8098,deriv_websocket_live,11e76524,938,NORMAL,-358.53
R_75,1791479198,1791479197.636926,45309.7588,deriv_websocket_live,11e76524,939,NORMAL,-363.07
R_75,1791479200,1791479199.5497353,45308.0854,deriv_websocket_live,11e76524,940,NORMAL,-450.26
R_75,1791479202,1791479201.4778414,45305.8631,deriv_websocket_live,11e76524,941,NORMAL,-522.16
R_75,1791479204,1791479203.5262985,45312.6676,deriv_websocket_live,11e76524,942,NORMAL,-473.7
R_75,1791479206,1791479205.4641454,45313.348,deriv_websocket_live,11e76524,943,NORMAL,-535.85
R_75,1791479208,1791479207.5370593,45325.5482,deriv_websocket_live,11e76524,944,NORMAL,-462.94
R_75,1791479210,1791479209.6382556,45319.4659,deriv_websocket_live,11e76524,945,NORMAL,-361.74
R_75,1791479212,1791479211.6282024,45324.9639,deriv_websocket_live,11e76524,946,NORMAL,-371.8
R_75,1791479214,1791479213.6941166,45336.7336,deriv_websocket_live,11e76524,947,NORMAL,-305.88
R_75,1791479216,1791479215.6359692,45344.5924,deriv_websocket_live,11e76524,948,NORMAL,-364.03
R_75,1791479218,1791479217.6582491,45348.7062,deriv_websocket_live,11e76524,949,NORMAL,-341.75
R_75,1791479220,1791479220.0127757,45354.5133,deriv_websocket_live,11e76524,950,NORMAL,12.78
R_75,1791479222,1791479221.524312,45364.3231,deriv_websocket_live,11e76524,951,NORMAL,-475.69
R_75,1791479224,1791479223.6311662,45378.0623,deriv_websocket_live,11e76524,952,NORMAL,-368.83
R_75,1791479226,1791479225.6211364,45391.4388,deriv_websocket_live,11e76524,953,NORMAL,-378.86
R_75,1791479228,1791479227.795353,45386.2497,deriv_websocket_live,11e76524,954,NORMAL,-204.65
R_75,1791479230,1791479229.6391714,45396.1205,deriv_websocket_live,11e76524,955,NORMAL,-360.83
R_75,1791479232,1791479231.4818125,45408.4827,deriv_websocket_live,11e76524,956,NORMAL,-518.19
R_75,1791479234,1791479233.7205303,45419.1446,deriv_websocket_live,11e76524,957,NORMAL,-279.47
R_75,1791479236,1791479235.592479,45398.5811,deriv_websocket_live,11e76524,958,NORMAL,-407.52
R_75,1791479238,1791479237.5396955,45397.7432,deriv_websocket_live,11e76524,959,NORMAL,-460.3
R_75,1791479240,1791479239.6868725,45405.1348,deriv_websocket_live,11e76524,960,NORMAL,-313.13
R_75,1791479242,1791479241.6199238,45402.8118,deriv_websocket_live,11e76524,961,NORMAL,-380.08
R_75,1791479244,1791479243.8727405,45411.1498,deriv_websocket_live,11e76524,962,NORMAL,-127.26
R_75,1791479246,1791479245.5492365,45416.983,deriv_websocket_live,11e76524,963,NORMAL,-450.76
R_75,1791479248,1791479247.766437,45413.7781,deriv_websocket_live,11e76524,964,NORMAL,-233.56
R_75,1791479250,1791479249.5848687,45401.8189,deriv_websocket_live,11e76524,965,NORMAL,-415.13
R_75,1791479252,1791479251.655183,45407.44,deriv_websocket_live,11e76524,966,NORMAL,-344.82
R_75,1791479254,1791479253.4981637,45403.5571,deriv_websocket_live,11e76524,967,NORMAL,-501.84
R_75,1791479256,1791479255.6544147,45393.9821,deriv_websocket_live,11e76524,968,NORMAL,-345.59
R_75,1791479258,1791479257.6497393,45395.7185,deriv_websocket_live,11e76524,969,NORMAL,-350.26
R_75,1791479260,1791479259.6437173,45382.2809,deriv_websocket_live,11e76524,970,NORMAL,-356.28
R_75,1791479262,1791479261.6920774,45398.3908,deriv_websocket_live,11e76524,971,NORMAL,-307.92
R_75,1791479264,1791479263.4699144,45399.9139,deriv_websocket_live,11e76524,972,NORMAL,-530.09
R_75,1791479266,1791479265.58282,45392.7331,deriv_websocket_live,11e76524,973,NORMAL,-417.18
R_75,1791479268,1791479267.8378477,45394.9138,deriv_websocket_live,11e76524,974,NORMAL,-162.15
R_75,1791479270,1791479269.4643815,45410.0924,deriv_websocket_live,11e76524,975,NORMAL,-535.62
R_75,1791479272,1791479271.5201495,45411.5033,deriv_websocket_live,11e76524,976,NORMAL,-479.85
R_75,1791479274,1791479273.5851943,45414.1224,deriv_websocket_live,11e76524,977,NORMAL,-414.81
R_75,1791479276,1791479275.6737144,45427.1855,deriv_websocket_live,11e76524,978,NORMAL,-326.29
R_75,1791479278,1791479277.5967588,45440.0366,deriv_websocket_live,11e76524,979,NORMAL,-403.24
R_75,1791479280,1791479279.4887624,45438.5913,deriv_websocket_live,11e76524,980,NORMAL,-511.24
R_75,1791479282,1791479281.5898192,45431.8116,deriv_websocket_live,11e76524,981,NORMAL,-410.18
R_75,1791479284,1791479283.705478,45437.597,deriv_websocket_live,11e76524,982,NORMAL,-294.52
R_75,1791479286,1791479285.605709,45430.2862,deriv_websocket_live,11e76524,983,NORMAL,-394.29
R_75,1791479288,1791479287.6101499,45432.2824,deriv_websocket_live,11e76524,984,NORMAL,-389.85
R_75,1791479290,1791479289.6055996,45421.2759,deriv_websocket_live,11e76524,985,NORMAL,-394.4
R_75,1791479292,1791479291.538427,45424.4828,deriv_websocket_live,11e76524,986,NORMAL,-461.57
R_75,1791479294,1791479293.5853553,45413.6739,deriv_websocket_live,11e76524,987,NORMAL,-414.64
R_75,1791479296,1791479295.8355615,45412.6895,deriv_websocket_live,11e76524,988,NORMAL,-164.44
R_75,1791479298,1791479297.571819,45425.7862,deriv_websocket_live,11e76524,989,NORMAL,-428.18
R_75,1791479300,1791479299.6060646,45413.8173,deriv_websocket_live,11e76524,990,NORMAL,-393.94
R_75,1791479302,1791479301.6572933,45410.419,deriv_websocket_live,11e76524,991,NORMAL,-342.71
R_75,1791479304,1791479303.6175027,45406.9936,deriv_websocket_live,11e76524,992,NORMAL,-382.5
R_75,1791479306,1791479305.6680584,45409.3387,deriv_websocket_live,11e76524,993,NORMAL,-331.94
R_75,1791479308,1791479307.6167443,45413.6655,deriv_websocket_live,11e76524,994,NORMAL,-383.26
R_75,1791479310,1791479309.7353663,45422.5763,deriv_websocket_live,11e76524,995,NORMAL,-264.63
R_75,1791479312,1791479311.6406534,45437.7384,deriv_websocket_live,11e76524,996,NORMAL,-359.35
R_75,1791479314,1791479313.504998,45426.7377,deriv_websocket_live,11e76524,997,NORMAL,-495.0
R_75,1791479316,1791479315.5567589,45431.2343,deriv_websocket_live,11e76524,998,NORMAL,-443.24
R_75,1791479318,1791479317.7043226,45429.3337,deriv_websocket_live,11e76524,999,NORMAL,-295.68
R_75,1791479320,1791479319.6678498,45438.7245,deriv_websocket_live,11e76524,1000,NORMAL,-332.15
R_75,1791479322,1791479321.5967705,45439.226,deriv_websocket_live,11e76524,1001,NORMAL,-403.23
R_75,1791479324,1791479323.577363,45437.796,deriv_websocket_live,11e76524,1002,NORMAL,-422.64
R_75,1791479326,1791479325.4877827,45442.2477,deriv_websocket_live,11e76524,1003,NORMAL,-512.22
R_75,1791479328,1791479327.639046,45444.9542,deriv_websocket_live,11e76524,1004,NORMAL,-360.95
R_75,1791479330,1791479329.6962051,45444.9094,deriv_websocket_live,11e76524,1005,NORMAL,-303.79
R_75,1791479332,1791479331.6308467,45451.6041,deriv_websocket_live,11e76524,1006,NORMAL,-369.15
R_75,1791479334,1791479333.7095082,45449.326,deriv_websocket_live,11e76524,1007,NORMAL,-290.49
R_75,1791479336,1791479335.6253364,45447.0972,deriv_websocket_live,11e76524,1008,NORMAL,-374.66
R_75,1791479338,1791479337.5705247,45443.025,deriv_websocket_live,11e76524,1009,NORMAL,-429.48
R_75,1791479340,1791479339.5352442,45432.476,deriv_websocket_live,11e76524,1010,NORMAL,-464.76
R_75,1791479342,1791479341.5000863,45419.5827,deriv_websocket_live,11e76524,1011,NORMAL,-499.91
R_75,1791479344,1791479343.4635375,45428.4399,deriv_websocket_live,11e76524,1012,NORMAL,-536.46
R_75,1791479346,1791479345.6151092,45409.9917,deriv_websocket_live,11e76524,1013,NORMAL,-384.89
R_75,1791479348,1791479347.5457,45415.054,deriv_websocket_live,11e76524,1014,NORMAL,-454.3
R_75,1791479350,1791479349.5503597,45397.0433,deriv_websocket_live,11e76524,1015,NORMAL,-449.64
R_75,1791479352,1791479351.6469493,45381.0576,deriv_websocket_live,11e76524,1016,NORMAL,-353.05
R_75,1791479354,1791479353.8529856,45371.9232,deriv_websocket_live,11e76524,1017,NORMAL,-147.01
R_75,1791479356,1791479355.5936239,45373.1166,deriv_websocket_live,11e76524,1018,NORMAL,-406.38
R_75,1791479358,1791479357.7429461,45371.2836,deriv_websocket_live,11e76524,1019,NORMAL,-257.05
R_75,1791479360,1791479359.6889193,45374.6123,deriv_websocket_live,11e76524,1020,NORMAL,-311.08
R_75,1791479362,1791479361.5320716,45386.5503,deriv_websocket_live,11e76524,1021,NORMAL,-467.93
R_75,1791479364,1791479363.714032,45389.7414,deriv_websocket_live,11e76524,1022,NORMAL,-285.97
R_75,1791479366,1791479365.581991,45395.0825,deriv_websocket_live,11e76524,1023,NORMAL,-418.01
R_75,1791479368,1791479367.5727642,45397.6911,deriv_websocket_live,11e76524,1024,NORMAL,-427.24
R_75,1791479370,1791479369.5666482,45395.4548,deriv_websocket_live,11e76524,1025,NORMAL,-433.35
R_75,1791479372,1791479371.6698942,45406.5408,deriv_websocket_live,11e76524,1026,NORMAL,-330.11
R_75,1791479374,1791479373.6154518,45415.4938,deriv_websocket_live,11e76524,1027,NORMAL,-384.55
R_75,1791479376,1791479375.6656897,45416.6127,deriv_websocket_live,11e76524,1028,NORMAL,-334.31
R_75,1791479378,1791479377.5793886,45421.6654,deriv_websocket_live,11e76524,1029,NORMAL,-420.61
R_75,1791479380,1791479379.5247128,45417.5676,deriv_websocket_live,11e76524,1030,NORMAL,-475.29
R_75,1791479382,1791479381.5866325,45406.8527,deriv_websocket_live,11e76524,1031,NORMAL,-413.37
R_75,1791479384,1791479383.575197,45411.8613,deriv_websocket_live,11e76524,1032,NORMAL,-424.8
R_75,1791479386,1791479385.6864452,45414.7727,deriv_websocket_live,11e76524,1033,NORMAL,-313.55
R_75,1791479388,1791479387.542132,45415.675,deriv_websocket_live,11e76524,1034,NORMAL,-457.87
R_75,1791479390,1791479389.6926506,45405.6226,deriv_websocket_live,11e76524,1035,NORMAL,-307.35
R_75,1791479392,1791479391.5338001,45404.0327,deriv_websocket_live,11e76524,1036,NORMAL,-466.2
R_75,1791479394,1791479393.7073443,45405.3537,deriv_websocket_live,11e76524,1037,NORMAL,-292.66
R_75,1791479396,1791479395.5466845,45404.6077,deriv_websocket_live,11e76524,1038,NORMAL,-453.32
R_75,1791479398,1791479397.6011152,45400.0607,deriv_websocket_live,11e76524,1039,NORMAL,-398.88
R_75,1791479400,1791479399.5628052,45408.4165,deriv_websocket_live,11e76524,1040,NORMAL,-437.19
R_75,1791479402,1791479401.6751046,45405.972,deriv_websocket_live,11e76524,1041,NORMAL,-324.9
R_75,1791479404,1791479403.6169484,45413.922,deriv_websocket_live,11e76524,1042,NORMAL,-383.05
R_75,1791479406,1791479405.6317978,45419.2716,deriv_websocket_live,11e76524,1043,NORMAL,-368.2
R_75,1791479408,1791479407.6168325,45421.7598,deriv_websocket_live,11e76524,1044,NORMAL,-383.17
R_75,1791479410,1791479409.7867923,45424.4631,deriv_websocket_live,11e76524,1045,NORMAL,-213.21
R_75,1791479412,1791479411.6194777,45438.4013,deriv_websocket_live,11e76524,1046,NORMAL,-380.52
R_75,1791479414,1791479413.6853113,45458.7687,deriv_websocket_live,11e76524,1047,NORMAL,-314.69
R_75,1791479416,1791479415.6006258,45457.0042,deriv_websocket_live,11e76524,1048,NORMAL,-399.37
R_75,1791479418,1791479417.6158779,45463.6836,deriv_websocket_live,11e76524,1049,NORMAL,-384.12
R_75,1791479420,1791479419.5960631,45460.7696,deriv_websocket_live,11e76524,1050,NORMAL,-403.94
R_75,1791479422,1791479421.6432266,45450.2655,deriv_websocket_live,11e76524,1051,NORMAL,-356.77
R_75,1791479424,1791479423.6146853,45440.3199,deriv_websocket_live,11e76524,1052,NORMAL,-385.31
R_75,1791479426,1791479425.5914483,45421.0985,deriv_websocket_live,11e76524,1053,NORMAL,-408.55
R_75,1791479428,1791479427.5808852,45429.1264,deriv_websocket_live,11e76524,1054,NORMAL,-419.11
R_75,1791479430,1791479429.628997,45419.2916,deriv_websocket_live,11e76524,1055,NORMAL,-371.0
R_75,1791479432,1791479431.68923,45420.6296,deriv_websocket_live,11e76524,1056,NORMAL,-310.77
R_75,1791479434,1791479433.827723,45420.2858,deriv_websocket_live,11e76524,1057,NORMAL,-172.28
R_75,1791479436,1791479435.4889145,45417.7413,deriv_websocket_live,11e76524,1058,NORMAL,-511.09
R_75,1791479438,1791479437.5260746,45423.6472,deriv_websocket_live,11e76524,1059,NORMAL,-473.93
R_75,1791479440,1791479439.562526,45432.6736,deriv_websocket_live,11e76524,1060,NORMAL,-437.47
R_75,1791479442,1791479441.5228128,45438.0726,deriv_websocket_live,11e76524,1061,NORMAL,-477.19
R_75,1791479444,1791479443.5888984,45439.5378,deriv_websocket_live,11e76524,1062,NORMAL,-411.1
R_75,1791479446,1791479445.6683981,45441.2179,deriv_websocket_live,11e76524,1063,NORMAL,-331.6
R_75,1791479448,1791479447.651434,45436.9325,deriv_websocket_live,11e76524,1064,NORMAL,-348.57
R_75,1791479450,1791479449.648029,45446.5447,deriv_websocket_live,11e76524,1065,NORMAL,-351.97
R_75,1791479452,1791479451.6446407,45456.764,deriv_websocket_live,11e76524,1066,NORMAL,-355.36
R_75,1791479454,1791479453.7951035,45467.6185,deriv_websocket_live,11e76524,1067,NORMAL,-204.9
R_75,1791479456,1791479455.6411247,45476.9994,deriv_websocket_live,11e76524,1068,NORMAL,-358.88
R_75,1791479458,1791479457.4790516,45474.9735,deriv_websocket_live,11e76524,1069,NORMAL,-520.95
R_75,1791479460,1791479459.4839575,45473.2798,deriv_websocket_live,11e76524,1070,NORMAL,-516.04
R_75,1791479462,1791479461.7089052,45480.3069,deriv_websocket_live,11e76524,1071,NORMAL,-291.09
R_75,1791479464,1791479463.523084,45489.1667,deriv_websocket_live,11e76524,1072,NORMAL,-476.92
R_75,1791479466,1791479465.5717607,45500.2179,deriv_websocket_live,11e76524,1073,NORMAL,-428.24
R_75,1791479468,1791479467.5027108,45507.4397,deriv_websocket_live,11e76524,1074,NORMAL,-497.29
R_75,1791479470,1791479469.565701,45500.9561,deriv_websocket_live,11e76524,1075,NORMAL,-434.3
R_75,1791479472,1791479474.2767427,45495.567,deriv_websocket_live,11e76524,1076,NORMAL,2276.74
R_75,1791479474,1791479474.328172,45490.8472,deriv_websocket_live,11e76524,1077,NORMAL,328.17
R_75,1791479476,1791479475.5051124,45494.7583,deriv_websocket_live,11e76524,1078,NORMAL,-494.89
R_75,1791479478,1791479477.450914,45505.859,deriv_websocket_live,11e76524,1079,NORMAL,-549.09
R_75,1791479480,1791479479.5050244,45508.2255,deriv_websocket_live,11e76524,1080,NORMAL,-494.98
R_75,1791479482,1791479481.562815,45523.1319,deriv_websocket_live,11e76524,1081,NORMAL,-437.19
R_75,1791479484,1791479483.4947078,45516.9829,deriv_websocket_live,11e76524,1082,NORMAL,-505.29
R_75,1791479486,1791479485.4648561,45510.5551,deriv_websocket_live,11e76524,1083,NORMAL,-535.14
R_75,1791479488,1791479487.5889351,45510.5819,deriv_websocket_live,11e76524,1084,NORMAL,-411.06
R_75,1791479490,1791479489.4357948,45516.4749,deriv_websocket_live,11e76524,1085,NORMAL,-564.21
R_75,1791479492,1791479491.4491913,45513.3047,deriv_websocket_live,11e76524,1086,NORMAL,-550.81
R_75,1791479494,1791479493.5277672,45519.0388,deriv_websocket_live,11e76524,1087,NORMAL,-472.23
R_75,1791479496,1791479495.5754797,45517.7826,deriv_websocket_live,11e76524,1088,NORMAL,-424.52
R_75,1791479498,1791479497.465916,45538.9657,deriv_websocket_live,11e76524,1089,NORMAL,-534.08
R_75,1791479500,1791479499.5817888,45537.0043,deriv_websocket_live,11e76524,1090,NORMAL,-418.21
R_75,1791479502,1791479501.5460548,45527.0523,deriv_websocket_live,11e76524,1091,NORMAL,-453.95
R_75,1791479504,1791479503.5637112,45527.748,deriv_websocket_live,11e76524,1092,NORMAL,-436.29
R_75,1791479506,1791479505.611321,45524.9022,deriv_websocket_live,11e76524,1093,NORMAL,-388.68
R_75,1791479508,1791479507.5572147,45523.7273,deriv_websocket_live,11e76524,1094,NORMAL,-442.79
R_75,1791479510,1791479509.5023062,45518.4176,deriv_websocket_live,11e76524,1095,NORMAL,-497.69
R_75,1791479512,1791479511.5223477,45527.2555,deriv_websocket_live,11e76524,1096,NORMAL,-477.65
R_75,1791479514,1791479513.495641,45546.1051,deriv_websocket_live,11e76524,1097,NORMAL,-504.36
R_75,1791479516,1791479515.4640212,45546.6042,deriv_websocket_live,11e76524,1098,NORMAL,-535.98
R_75,1791479518,1791479517.5000935,45543.3754,deriv_websocket_live,11e76524,1099,NORMAL,-499.91
R_75,1791479520,1791479519.5378013,45527.8707,deriv_websocket_live,11e76524,1100,NORMAL,-462.2
R_75,1791479522,1791479521.5006368,45522.8482,deriv_websocket_live,11e76524,1101,NORMAL,-499.36
R_75,1791479524,1791479523.5314267,45516.163,deriv_websocket_live,11e76524,1102,NORMAL,-468.57
R_75,1791479526,1791479525.5797162,45498.9632,deriv_websocket_live,11e76524,1103,NORMAL,-420.28
R_75,1791479528,1791479527.8319077,45496.9571,deriv_websocket_live,11e76524,1104,NORMAL,-168.09
R_75,1791479530,1791479529.5730531,45484.3242,deriv_websocket_live,11e76524,1105,NORMAL,-426.95
R_75,1791479532,1791479531.5188267,45478.3138,deriv_websocket_live,11e76524,1106,NORMAL,-481.17
R_75,1791479534,1791479533.5663779,45481.1621,deriv_websocket_live,11e76524,1107,NORMAL,-433.62
R_75,1791479536,1791479535.6257293,45495.4401,deriv_websocket_live,11e76524,1108,NORMAL,-374.27
R_75,1791479538,1791479537.6626885,45488.4789,deriv_websocket_live,11e76524,1109,NORMAL,-337.31
R_75,1791479540,1791479539.5060556,45502.9601,deriv_websocket_live,11e76524,1110,NORMAL,-493.94
R_75,1791479542,1791479541.5562139,45502.2779,deriv_websocket_live,11e76524,1111,NORMAL,-443.79
R_75,1791479544,1791479543.5261986,45503.8098,deriv_websocket_live,11e76524,1112,NORMAL,-473.8
R_75,1791479546,1791479545.6826785,45498.5375,deriv_websocket_live,11e76524,1113,NORMAL,-317.32
R_75,1791479548,1791479547.4446692,45496.671,deriv_websocket_live,11e76524,1114,NORMAL,-555.33
R_75,1791479550,1791479549.5415115,45511.1013,deriv_websocket_live,11e76524,1115,NORMAL,-458.49
R_75,1791479552,1791479551.4875169,45517.4759,deriv_websocket_live,11e76524,1116,NORMAL,-512.48
R_75,1791479554,1791479553.534276,45517.0618,deriv_websocket_live,11e76524,1117,NORMAL,-465.72
R_75,1791479556,1791479555.7526164,45523.7886,deriv_websocket_live,11e76524,1118,NORMAL,-247.38
R_75,1791479558,1791479557.6303098,45531.3583,deriv_websocket_live,11e76524,1119,NORMAL,-369.69
R_75,1791479560,1791479559.517147,45533.8584,deriv_websocket_live,11e76524,1120,NORMAL,-482.85
R_75,1791479562,1791479561.5787303,45534.8715,deriv_websocket_live,11e76524,1121,NORMAL,-421.27
R_75,1791479564,1791479563.5737681,45540.2831,deriv_websocket_live,11e76524,1122,NORMAL,-426.23
R_75,1791479566,1791479565.5133412,45551.4868,deriv_websocket_live,11e76524,1123,NORMAL,-486.66
R_75,1791479568,1791479567.5632625,45550.538,deriv_websocket_live,11e76524,1124,NORMAL,-436.74
R_75,1791479570,1791479569.5095544,45558.0191,deriv_websocket_live,11e76524,1125,NORMAL,-490.45
R_75,1791479572,1791479571.4716225,45555.3782,deriv_websocket_live,11e76524,1126,NORMAL,-528.38
R_75,1791479574,1791479573.474516,45549.0162,deriv_websocket_live,11e76524,1127,NORMAL,-525.48
R_75,1791479576,1791479575.470899,45538.9674,deriv_websocket_live,11e76524,1128,NORMAL,-529.1
R_75,1791479578,1791479577.525833,45536.5666,deriv_websocket_live,11e76524,1129,NORMAL,-474.17
R_75,1791479580,1791479579.488755,45527.683,deriv_websocket_live,11e76524,1130,NORMAL,-511.25
R_75,1791479582,1791479581.4946494,45528.3537,deriv_websocket_live,11e76524,1131,NORMAL,-505.35
R_75,1791479584,1791479583.481685,45538.5242,deriv_websocket_live,11e76524,1132,NORMAL,-518.32
R_75,1791479586,1791479585.587226,45539.2846,deriv_websocket_live,11e76524,1133,NORMAL,-412.77
R_75,1791479588,1791479587.6351802,45541.8545,deriv_websocket_live,11e76524,1134,NORMAL,-364.82
R_75,1791479590,1791479589.5804377,45536.3955,deriv_websocket_live,11e76524,1135,NORMAL,-419.56
R_75,1791479592,1791479591.526346,45529.1098,deriv_websocket_live,11e76524,1136,NORMAL,-473.65
R_75,1791479594,1791479593.5739312,45532.7761,deriv_websocket_live,11e76524,1137,NORMAL,-426.07
R_75,1791479596,1791479595.558678,45524.3239,deriv_websocket_live,11e76524,1138,NORMAL,-441.32
R_75,1791479598,1791479597.4658406,45517.2114,deriv_websocket_live,11e76524,1139,NORMAL,-534.16
R_75,1791479600,1791479599.5028532,45503.6818,deriv_websocket_live,11e76524,1140,NORMAL,-497.15
R_75,1791479602,1791479601.47649,45495.8137,deriv_websocket_live,11e76524,1141,NORMAL,-523.51
R_75,1791479604,1791479603.4699438,45493.1992,deriv_websocket_live,11e76524,1142,NORMAL,-530.06
R_75,1791479606,1791479605.4676902,45474.2035,deriv_websocket_live,11e76524,1143,NORMAL,-532.31
R_75,1791479608,1791479607.566681,45467.1198,deriv_websocket_live,11e76524,1144,NORMAL,-433.32
R_75,1791479610,1791479609.4518986,45471.7764,deriv_websocket_live,11e76524,1145,NORMAL,-548.1
R_75,1791479612,1791479611.4580445,45481.6664,deriv_websocket_live,11e76524,1146,NORMAL,-541.96
R_75,1791479614,1791479613.462371,45473.3069,deriv_websocket_live,11e76524,1147,NORMAL,-537.63
R_75,1791479616,1791479615.490327,45467.0191,deriv_websocket_live,11e76524,1148,NORMAL,-509.67
R_75,1791479618,1791479617.471051,45460.2946,deriv_websocket_live,11e76524,1149,NORMAL,-528.95
R_75,1791479620,1791479619.4823081,45447.8689,deriv_websocket_live,11e76524,1150,NORMAL,-517.69
R_75,1791479622,1791479621.4883237,45444.772,deriv_websocket_live,11e76524,1151,NORMAL,-511.68
R_75,1791479624,1791479623.4887109,45446.7864,deriv_websocket_live,11e76524,1152,NORMAL,-511.29
R_75,1791479626,1791479625.517369,45451.2762,deriv_websocket_live,11e76524,1153,NORMAL,-482.63
R_75,1791479628,1791479627.5349615,45449.4126,deriv_websocket_live,11e76524,1154,NORMAL,-465.04
R_75,1791479630,1791479629.6198862,45462.0405,deriv_websocket_live,11e76524,1155,NORMAL,-380.11
R_75,1791479632,1791479631.5144932,45469.7788,deriv_websocket_live,11e76524,1156,NORMAL,-485.51
R_75,1791479634,1791479633.4470084,45467.4907,deriv_websocket_live,11e76524,1157,NORMAL,-552.99
R_75,1791479636,1791479635.558902,45479.3231,deriv_websocket_live,11e76524,1158,NORMAL,-441.1
R_75,1791479638,1791479637.4607577,45467.8626,deriv_websocket_live,11e76524,1159,NORMAL,-539.24
R_75,1791479640,1791479639.475276,45472.1182,deriv_websocket_live,11e76524,1160,NORMAL,-524.72
R_75,1791479642,1791479641.5327997,45472.1301,deriv_websocket_live,11e76524,1161,NORMAL,-467.2
R_75,1791479644,1791479643.5113325,45476.4899,deriv_websocket_live,11e76524,1162,NORMAL,-488.67
R_75,1791479646,1791479645.6002562,45472.0959,deriv_websocket_live,11e76524,1163,NORMAL,-399.74
R_75,1791479648,1791479647.503384,45472.4547,deriv_websocket_live,11e76524,1164,NORMAL,-496.62
R_75,1791479650,1791479649.4547932,45477.2199,deriv_websocket_live,11e76524,1165,NORMAL,-545.21
R_75,1791479652,1791479651.5305047,45471.8913,deriv_websocket_live,11e76524,1166,NORMAL,-469.5
R_75,1791479654,1791479653.7867506,45472.7382,deriv_websocket_live,11e76524,1167,NORMAL,-213.25
R_75,1791479656,1791479655.4830332,45470.7558,deriv_websocket_live,11e76524,1168,NORMAL,-516.97
R_75,1791479658,1791479657.472971,45470.4555,deriv_websocket_live,11e76524,1169,NORMAL,-527.03
R_75,1791479660,1791479659.4832911,45470.4194,deriv_websocket_live,11e76524,1170,NORMAL,-516.71
R_75,1791479662,1791479661.5261517,45473.1706,deriv_websocket_live,11e76524,1171,NORMAL,-473.85
R_75,1791479664,1791479663.5152833,45493.1422,deriv_websocket_live,11e76524,1172,NORMAL,-484.72
R_75,1791479666,1791479665.4961255,45481.8271,deriv_websocket_live,11e76524,1173,NORMAL,-503.87
R_75,1791479668,1791479667.4895844,45475.0834,deriv_websocket_live,11e76524,1174,NORMAL,-510.42
R_75,1791479670,1791479669.5315075,45478.5521,deriv_websocket_live,11e76524,1175,NORMAL,-468.49
R_75,1791479672,1791479671.5021148,45487.0938,deriv_websocket_live,11e76524,1176,NORMAL,-497.89
R_75,1791479674,1791479673.5501943,45484.9161,deriv_websocket_live,11e76524,1177,NORMAL,-449.81
R_75,1791479676,1791479675.573368,45491.0999,deriv_websocket_live,11e76524,1178,NORMAL,-426.63
R_75,1791479678,1791479677.5443735,45488.0151,deriv_websocket_live,11e76524,1179,NORMAL,-455.63
R_75,1791479680,1791479679.5481253,45487.6402,deriv_websocket_live,11e76524,1180,NORMAL,-451.87
R_75,1791479682,1791479681.4838278,45485.2572,deriv_websocket_live,11e76524,1181,NORMAL,-516.17
R_75,1791479684,1791479683.5848222,45481.7608,deriv_websocket_live,11e76524,1182,NORMAL,-415.18
R_75,1791479686,1791479685.4530995,45500.0707,deriv_websocket_live,11e76524,1183,NORMAL,-546.9
R_75,1791479688,1791479687.497183,45502.522,deriv_websocket_live,11e76524,1184,NORMAL,-502.82
R_75,1791479690,1791479689.4915357,45500.5307,deriv_websocket_live,11e76524,1185,NORMAL,-508.46
R_75,1791479692,1791479691.674883,45498.1789,deriv_websocket_live,11e76524,1186,NORMAL,-325.12
R_75,1791479694,1791479693.7172601,45490.6617,deriv_websocket_live,11e76524,1187,NORMAL,-282.74
R_75,1791479696,1791479695.4649036,45500.3536,deriv_websocket_live,11e76524,1188,NORMAL,-535.1
R_75,1791479698,1791479697.4650857,45496.0687,deriv_websocket_live,11e76524,1189,NORMAL,-534.91
R_75,1791479700,1791479699.6216462,45494.1809,deriv_websocket_live,11e76524,1190,NORMAL,-378.35
R_75,1791479702,1791479701.6070533,45489.486,deriv_websocket_live,11e76524,1191,NORMAL,-392.95
R_75,1791479704,1791479703.7573118,45481.4664,deriv_websocket_live,11e76524,1192,NORMAL,-242.69
R_75,1791479706,1791479705.6461508,45487.193,deriv_websocket_live,11e76524,1193,NORMAL,-353.85
R_75,1791479708,1791479707.656242,45500.765,deriv_websocket_live,11e76524,1194,NORMAL,-343.76
R_75,1791479710,1791479709.694172,45506.4254,deriv_websocket_live,11e76524,1195,NORMAL,-305.83
R_75,1791479712,1791479711.452893,45504.9324,deriv_websocket_live,11e76524,1196,NORMAL,-547.11
R_75,1791479714,1791479713.5884256,45510.4059,deriv_websocket_live,11e76524,1197,NORMAL,-411.57
R_75,1791479716,1791479715.5748377,45511.8991,deriv_websocket_live,11e76524,1198,NORMAL,-425.16
R_75,1791479718,1791479717.6840596,45521.2587,deriv_websocket_live,11e76524,1199,NORMAL,-315.94
R_75,1791479720,1791479719.6348474,45521.7794,deriv_websocket_live,11e76524,1200,NORMAL,-365.15
R_75,1791479722,1791479721.57629,45522.9271,deriv_websocket_live,11e76524,1201,NORMAL,-423.71
R_75,1791479724,1791479723.6466782,45531.1146,deriv_websocket_live,11e76524,1202,NORMAL,-353.32
R_75,1791479726,1791479725.4699893,45523.8383,deriv_websocket_live,11e76524,1203,NORMAL,-530.01
R_75,1791479728,1791479727.5153685,45531.4949,deriv_websocket_live,11e76524,1204,NORMAL,-484.63
R_75,1791479730,1791479729.5426846,45538.5382,deriv_websocket_live,11e76524,1205,NORMAL,-457.32
R_75,1791479732,1791479731.713872,45540.4512,deriv_websocket_live,11e76524,1206,NORMAL,-286.13
R_75,1791479734,1791479733.7628696,45537.2716,deriv_websocket_live,11e76524,1207,NORMAL,-237.13
R_75,1791479736,1791479735.6551278,45542.2249,deriv_websocket_live,11e76524,1208,NORMAL,-344.87
R_75,1791479738,1791479737.462578,45540.6338,deriv_websocket_live,11e76524,1209,NORMAL,-537.42
R_75,1791479740,1791479739.4906766,45548.5366,deriv_websocket_live,11e76524,1210,NORMAL,-509.32
R_75,1791479742,1791479741.7489953,45542.3516,deriv_websocket_live,11e76524,1211,NORMAL,-251.0
R_75,1791479744,1791479743.593007,45532.8583,deriv_websocket_live,11e76524,1212,NORMAL,-406.99
R_75,1791479746,1791479745.4581037,45536.1688,deriv_websocket_live,11e76524,1213,NORMAL,-541.9
R_75,1791479748,1791479747.4840283,45536.4917,deriv_websocket_live,11e76524,1214,NORMAL,-515.97
R_75,1791479750,1791479749.4287717,45534.6575,deriv_websocket_live,11e76524,1215,NORMAL,-571.23
R_75,1791479752,1791479751.5786145,45531.4916,deriv_websocket_live,11e76524,1216,NORMAL,-421.39
R_75,1791479754,1791479753.6278574,45537.8214,deriv_websocket_live,11e76524,1217,NORMAL,-372.14
R_75,1791479756,1791479755.414986,45527.412,deriv_websocket_live,11e76524,1218,NORMAL,-585.01
R_75,1791479758,1791479757.4641676,45528.8498,deriv_websocket_live,11e76524,1219,NORMAL,-535.83
R_75,1791479760,1791479759.6695669,45530.0857,deriv_websocket_live,11e76524,1220,NORMAL,-330.43
R_75,1791479762,1791479761.6306226,45517.4524,deriv_websocket_live,11e76524,1221,NORMAL,-369.38
R_75,1791479764,1791479763.6748068,45513.474,deriv_websocket_live,11e76524,1222,NORMAL,-325.19
R_75,1791479766,1791479765.4730165,45516.5052,deriv_websocket_live,11e76524,1223,NORMAL,-526.98
R_75,1791479768,1791479767.5542057,45506.9038,deriv_websocket_live,11e76524,1224,NORMAL,-445.79
R_75,1791479770,1791479769.7046998,45495.2928,deriv_websocket_live,11e76524,1225,NORMAL,-295.3
R_75,1791479772,1791479771.4914064,45506.4017,deriv_websocket_live,11e76524,1226,NORMAL,-508.59
R_75,1791479774,1791479773.480198,45506.0691,deriv_websocket_live,11e76524,1227,NORMAL,-519.8
R_75,1791479776,1791479775.6441169,45503.7693,deriv_websocket_live,11e76524,1228,NORMAL,-355.88
R_75,1791479778,1791479777.4879818,45506.0621,deriv_websocket_live,11e76524,1229,NORMAL,-512.02
R_75,1791479780,1791479779.5355518,45511.1951,deriv_websocket_live,11e76524,1230,NORMAL,-464.45
R_75,1791479782,1791479781.7938652,45517.7546,deriv_websocket_live,11e76524,1231,NORMAL,-206.13
R_75,1791479784,1791479783.5325778,45520.5156,deriv_websocket_live,11e76524,1232,NORMAL,-467.42
R_75,1791479786,1791479785.6482987,45522.7832,deriv_websocket_live,11e76524,1233,NORMAL,-351.7
R_75,1791479788,1791479787.6252036,45511.6627,deriv_websocket_live,11e76524,1234,NORMAL,-374.8
R_75,1791479790,1791479789.6079524,45505.2109,deriv_websocket_live,11e76524,1235,NORMAL,-392.05
R_75,1791479792,1791479791.6222801,45506.7596,deriv_websocket_live,11e76524,1236,NORMAL,-377.72
R_75,1791479794,1791479793.4597812,45495.4302,deriv_websocket_live,11e76524,1237,NORMAL,-540.22
R_75,1791479796,1791479795.5433183,45502.5194,deriv_websocket_live,11e76524,1238,NORMAL,-456.68
R_75,1791479798,1791479797.4390855,45501.9829,deriv_websocket_live,11e76524,1239,NORMAL,-560.91
R_75,1791479800,1791479799.4629605,45497.7054,deriv_websocket_live,11e76524,1240,NORMAL,-537.04
R_75,1791479802,1791479801.459323,45486.7508,deriv_websocket_live,11e76524,1241,NORMAL,-540.68
R_75,1791479804,1791479803.7020042,45480.4696,deriv_websocket_live,11e76524,1242,NORMAL,-298.0
R_75,1791479806,1791479805.62625,45478.7982,deriv_websocket_live,11e76524,1243,NORMAL,-373.75
R_75,1791479808,1791479807.5929866,45489.4568,deriv_websocket_live,11e76524,1244,NORMAL,-407.01
R_75,1791479810,1791479809.538231,45488.1877,deriv_websocket_live,11e76524,1245,NORMAL,-461.77
R_75,1791479812,1791479811.4852207,45479.8613,deriv_websocket_live,11e76524,1246,NORMAL,-514.78
R_75,1791479814,1791479813.48596,45488.4017,deriv_websocket_live,11e76524,1247,NORMAL,-514.04
R_75,1791479816,1791479815.4487152,45492.5578,deriv_websocket_live,11e76524,1248,NORMAL,-551.28
R_75,1791479818,1791479817.6287847,45487.2787,deriv_websocket_live,11e76524,1249,NORMAL,-371.22
R_75,1791479820,1791479819.5744975,45480.2321,deriv_websocket_live,11e76524,1250,NORMAL,-425.5
R_75,1791479822,1791479821.5393052,45480.1843,deriv_websocket_live,11e76524,1251,NORMAL,-460.69
R_75,1791479824,1791479823.6716962,45482.1057,deriv_websocket_live,11e76524,1252,NORMAL,-328.3
R_75,1791479826,1791479825.5381567,45476.9575,deriv_websocket_live,11e76524,1253,NORMAL,-461.84
R_75,1791479828,1791479827.4601994,45480.9057,deriv_websocket_live,11e76524,1254,NORMAL,-539.8
R_75,1791479830,1791479829.4665456,45485.7713,deriv_websocket_live,11e76524,1255,NORMAL,-533.45
R_75,1791479832,1791479831.7593951,45487.0521,deriv_websocket_live,11e76524,1256,NORMAL,-240.6
R_75,1791479834,1791479833.6753833,45488.6847,deriv_websocket_live,11e76524,1257,NORMAL,-324.62
R_75,1791479836,1791479835.6030142,45489.5588,deriv_websocket_live,11e76524,1258,NORMAL,-396.99
R_75,1791479838,1791479837.6549876,45486.4017,deriv_websocket_live,11e76524,1259,NORMAL,-345.01
R_75,1791479840,1791479839.746747,45475.8163,deriv_websocket_live,11e76524,1260,NORMAL,-253.25
R_75,1791479842,1791479841.4451106,45470.3271,deriv_websocket_live,11e76524,1261,NORMAL,-554.89
R_75,1791479844,1791479843.4948514,45473.676,deriv_websocket_live,11e76524,1262,NORMAL,-505.15
R_75,1791479846,1791479845.481288,45465.4187,deriv_websocket_live,11e76524,1263,NORMAL,-518.71
R_75,1791479848,1791479847.5297976,45478.9927,deriv_websocket_live,11e76524,1264,NORMAL,-470.2
R_75,1791479850,1791479849.6838229,45474.2349,deriv_websocket_live,11e76524,1265,NORMAL,-316.18
R_75,1791479852,1791479851.5241363,45483.6737,deriv_websocket_live,11e76524,1266,NORMAL,-475.86
R_75,1791479854,1791479853.6738775,45488.6383,deriv_websocket_live,11e76524,1267,NORMAL,-326.12
R_75,1791479856,1791479855.556986,45466.6398,deriv_websocket_live,11e76524,1268,NORMAL,-443.01
R_75,1791479858,1791479857.6572335,45470.2654,deriv_websocket_live,11e76524,1269,NORMAL,-342.77
R_75,1791479860,1791479859.4951427,45453.5158,deriv_websocket_live,11e76524,1270,NORMAL,-504.86
R_75,1791479862,1791479861.6128473,45449.5891,deriv_websocket_live,11e76524,1271,NORMAL,-387.15
R_75,1791479864,1791479863.593484,45454.699,deriv_websocket_live,11e76524,1272,NORMAL,-406.52
R_75,1791479866,1791479865.5533357,45460.8021,deriv_websocket_live,11e76524,1273,NORMAL,-446.66
R_75,1791479868,1791479867.4518888,45452.1378,deriv_websocket_live,11e76524,1274,NORMAL,-548.11
R_75,1791479870,1791479869.6229806,45457.3208,deriv_websocket_live,11e76524,1275,NORMAL,-377.02
R_75,1791479872,1791479871.5773175,45445.5773,deriv_websocket_live,11e76524,1276,NORMAL,-422.68
R_75,1791479874,1791479873.463492,45437.4122,deriv_websocket_live,11e76524,1277,NORMAL,-536.51
R_75,1791479876,1791479875.648232,45448.6312,deriv_websocket_live,11e76524,1278,NORMAL,-351.77
R_75,1791479878,1791479877.6938186,45457.8462,deriv_websocket_live,11e76524,1279,NORMAL,-306.18
R_75,1791479880,1791479879.448557,45466.4421,deriv_websocket_live,11e76524,1280,NORMAL,-551.44
R_75,1791479882,1791479881.49399,45448.6997,deriv_websocket_live,11e76524,1281,NORMAL,-506.01
R_75,1791479884,1791479883.5758674,45449.5933,deriv_websocket_live,11e76524,1282,NORMAL,-424.13
R_75,1791479886,1791479885.6452723,45437.0693,deriv_websocket_live,11e76524,1283,NORMAL,-354.73
R_75,1791479888,1791479887.601363,45422.1148,deriv_websocket_live,11e76524,1284,NORMAL,-398.64
R_75,1791479890,1791479891.5858643,45427.2519,deriv_websocket_live,11e76524,1285,NORMAL,1585.86
R_75,1791479892,1791479891.6039064,45423.0971,deriv_websocket_live,11e76524,1286,NORMAL,-396.09
R_75,1791479894,1791479893.4822562,45438.3523,deriv_websocket_live,11e76524,1287,NORMAL,-517.74
R_75,1791479896,1791479895.557126,45433.3645,deriv_websocket_live,11e76524,1288,NORMAL,-442.87
R_75,1791479898,1791479897.7080672,45430.9903,deriv_websocket_live,11e76524,1289,NORMAL,-291.93
R_75,1791479900,1791479899.6055338,45431.7151,deriv_websocket_live,11e76524,1290,NORMAL,-394.47
R_75,1791479902,1791479901.6135268,45434.2967,deriv_websocket_live,11e76524,1291,NORMAL,-386.47
R_75,1791479904,1791479903.6009107,45427.9621,deriv_websocket_live,11e76524,1292,NORMAL,-399.09
R_75,1791479906,1791479905.589401,45435.9922,deriv_websocket_live,11e76524,1293,NORMAL,-410.6
R_75,1791479908,1791479907.6596158,45420.2751,deriv_websocket_live,11e76524,1294,NORMAL,-340.38
R_75,1791479910,1791479909.5180857,45405.1187,deriv_websocket_live,11e76524,1295,NORMAL,-481.91
R_75,1791479912,1791479911.6332417,45410.8005,deriv_websocket_live,11e76524,1296,NORMAL,-366.76
R_75,1791479914,1791479913.5788739,45415.7246,deriv_websocket_live,11e76524,1297,NORMAL,-421.13
R_75,1791479916,1791479915.6824439,45402.4971,deriv_websocket_live,11e76524,1298,NORMAL,-317.56
R_75,1791479918,1791479917.447262,45393.4043,deriv_websocket_live,11e76524,1299,NORMAL,-552.74
R_75,1791479920,1791479919.722333,45394.8197,deriv_websocket_live,11e76524,1300,NORMAL,-277.67
R_75,1791479922,1791479921.5994747,45402.5196,deriv_websocket_live,11e76524,1301,NORMAL,-400.53
R_75,1791479924,1791479926.8600276,45392.5732,deriv_websocket_live,11e76524,1302,NORMAL,2860.03
R_75,1791479926,1791479926.8809712,45408.948,deriv_websocket_live,11e76524,1303,NORMAL,880.97
R_75,1791479928,1791479927.606751,45401.2477,deriv_websocket_live,11e76524,1304,NORMAL,-393.25
R_75,1791479930,1791479929.5247242,45403.6675,deriv_websocket_live,11e76524,1305,NORMAL,-475.28
R_75,1791479932,1791479931.621601,45405.7559,deriv_websocket_live,11e76524,1306,NORMAL,-378.4
R_75,1791479934,1791479934.718689,45392.3998,deriv_websocket_live,11e76524,1307,NORMAL,718.69
R_75,1791479936,1791479935.6871,45390.556,deriv_websocket_live,11e76524,1308,NORMAL,-312.9
R_75,1791479938,1791479937.6452394,45400.8022,deriv_websocket_live,11e76524,1309,NORMAL,-354.76
R_75,1791479940,1791479939.497487,45392.3621,deriv_websocket_live,11e76524,1310,NORMAL,-502.51
R_75,1791479942,1791479941.6375754,45402.9409,deriv_websocket_live,11e76524,1311,NORMAL,-362.42
R_75,1791479944,1791479943.6847377,45401.7269,deriv_websocket_live,11e76524,1312,NORMAL,-315.26
R_75,1791479946,1791479945.6983943,45407.5154,deriv_websocket_live,11e76524,1313,NORMAL,-301.61
R_75,1791479948,1791479947.4497628,45406.2108,deriv_websocket_live,11e76524,1314,NORMAL,-550.24
R_75,1791479950,1791479949.6253111,45408.4315,deriv_websocket_live,11e76524,1315,NORMAL,-374.69
R_75,1791479952,1791479951.6726727,45416.7645,deriv_websocket_live,11e76524,1316,NORMAL,-327.33
R_75,1791479954,1791479953.8221848,45421.5639,deriv_websocket_live,11e76524,1317,NORMAL,-177.82
R_75,1791479956,1791479955.5649204,45434.4494,deriv_websocket_live,11e76524,1318,NORMAL,-435.08
R_75,1791479958,1791479957.5027764,45439.8826,deriv_websocket_live,11e76524,1319,NORMAL,-497.22
R_75,1791479960,1791479963.0093706,45440.7973,deriv_websocket_live,11e76524,1320,NORMAL,3009.37
R_75,1791479962,1791479963.0244107,45434.5229,deriv_websocket_live,11e76524,1321,NORMAL,1024.41
R_75,1791479964,1791479963.642976,45434.9369,deriv_websocket_live,11e76524,1322,NORMAL,-357.02
R_75,1791479966,1791479965.7761762,45449.1983,deriv_websocket_live,11e76524,1323,NORMAL,-223.82
R_75,1791479968,1791479967.5897224,45456.2129,deriv_websocket_live,11e76524,1324,NORMAL,-410.28
R_75,1791479970,1791479969.513112,45448.8482,deriv_websocket_live,11e76524,1325,NORMAL,-486.89
R_75,1791479968,1791479967.644649,45456.2129,deriv_websocket_live,0c507227,1,NORMAL,-355.35
R_75,1791479970,1791479969.4897978,45448.8482,deriv_websocket_live,0c507227,2,NORMAL,-510.2
R_75,1791479972,1791479971.6261542,45459.2183,deriv_websocket_live,0c507227,3,NORMAL,-373.85
R_75,1791479974,1791479973.5155358,45468.6483,deriv_websocket_live,0c507227,4,NORMAL,-484.46
R_75,1791479976,1791479975.4755926,45463.1026,deriv_websocket_live,0c507227,5,NORMAL,-524.41
R_75,1791479978,1791479977.673001,45463.3311,deriv_websocket_live,0c507227,6,NORMAL,-327.0
R_75,1791479980,1791479979.5503426,45466.5622,deriv_websocket_live,0c507227,7,NORMAL,-449.66
R_75,1791479982,1791479981.5487957,45458.1918,deriv_websocket_live,0c507227,8,NORMAL,-451.2
R_75,1791479984,1791479983.470317,45465.5123,deriv_websocket_live,0c507227,9,NORMAL,-529.68
R_75,1791479986,1791479985.5670314,45458.8228,deriv_websocket_live,0c507227,10,NORMAL,-432.97
R_75,1791479972,1791479971.5847113,45459.2183,deriv_websocket_live,11e76524,1326,NORMAL,-415.29
R_75,1791479974,1791479973.4607327,45468.6483,deriv_websocket_live,11e76524,1327,NORMAL,-539.27
R_75,1791479976,1791479975.461244,45463.1026,deriv_websocket_live,11e76524,1328,NORMAL,-538.76
R_75,1791479978,1791479977.5817175,45463.3311,deriv_websocket_live,11e76524,1329,NORMAL,-418.28
R_75,1791479980,1791479979.5502646,45466.5622,deriv_websocket_live,11e76524,1330,NORMAL,-449.74
R_75,1791479982,1791479981.548796,45458.1918,deriv_websocket_live,11e76524,1331,NORMAL,-451.2
R_75,1791479984,1791479983.6767108,45465.5123,deriv_websocket_live,11e76524,1332,NORMAL,-323.29
R_75,1791479986,1791479985.6727464,45458.8228,deriv_websocket_live,11e76524,1333,NORMAL,-327.25
R_75,1791479988,1791479987.5318444,45458.8821,deriv_websocket_live,11e76524,1334,NORMAL,-468.16
R_75,1791479990,1791479989.560299,45452.1243,deriv_websocket_live,11e76524,1335,NORMAL,-439.7
R_75,1791479992,1791479991.5123885,45453.6001,deriv_websocket_live,11e76524,1336,NORMAL,-487.61
R_75,1791479994,1791479993.4586058,45456.8501,deriv_websocket_live,11e76524,1337,NORMAL,-541.39
R_75,1791479996,1791479995.4668102,45472.1498,deriv_websocket_live,11e76524,1338,NORMAL,-533.19
R_75,1791479998,1791479997.6521122,45474.0262,deriv_websocket_live,11e76524,1339,NORMAL,-347.89
R_75,1791480000,1791479999.4943612,45493.4429,deriv_websocket_live,11e76524,1340,NORMAL,-505.64
R_75,1791480002,1791480001.5190501,45484.9542,deriv_websocket_live,11e76524,1341,NORMAL,-480.95
R_75,1791480004,1791480003.6058338,45481.5292,deriv_websocket_live,11e76524,1342,NORMAL,-394.17
R_75,1791480006,1791480005.6579614,45483.6298,deriv_websocket_live,11e76524,1343,NORMAL,-342.04
R_75,1791480008,1791480007.5154479,45487.7059,deriv_websocket_live,11e76524,1344,NORMAL,-484.55
R_75,1791480010,1791480009.7787259,45494.6336,deriv_websocket_live,11e76524,1345,NORMAL,-221.27
R_75,1791480012,1791480011.5653126,45502.4093,deriv_websocket_live,11e76524,1346,NORMAL,-434.69
R_75,1791480014,1791480013.6254292,45511.6322,deriv_websocket_live,11e76524,1347,NORMAL,-374.57
R_75,1791480016,1791480015.6569061,45530.7789,deriv_websocket_live,11e76524,1348,NORMAL,-343.09
R_75,1791480018,1791480017.670427,45531.7013,deriv_websocket_live,11e76524,1349,NORMAL,-329.57
R_75,1791480020,1791480019.6163838,45543.9891,deriv_websocket_live,11e76524,1350,NORMAL,-383.62
R_75,1791480022,1791480021.7151487,45531.7721,deriv_websocket_live,11e76524,1351,NORMAL,-284.85
R_75,1791480024,1791480023.6372678,45530.3553,deriv_websocket_live,11e76524,1352,NORMAL,-362.73
R_75,1791480026,1791480025.505087,45537.8611,deriv_websocket_live,11e76524,1353,NORMAL,-494.91
R_75,1791480028,1791480027.6938794,45532.7851,deriv_websocket_live,11e76524,1354,NORMAL,-306.12
R_75,1791480030,1791480029.644656,45523.9435,deriv_websocket_live,11e76524,1355,NORMAL,-355.34
R_75,1791480032,1791480031.5475557,45518.6167,deriv_websocket_live,11e76524,1356,NORMAL,-452.44
R_75,1791480034,1791480033.6389482,45513.6475,deriv_websocket_live,11e76524,1357,NORMAL,-361.05
R_75,1791480036,1791480035.7459214,45523.2708,deriv_websocket_live,11e76524,1358,NORMAL,-254.08
R_75,1791480038,1791480037.4853263,45518.3399,deriv_websocket_live,11e76524,1359,NORMAL,-514.67
R_75,1791480040,1791480039.7385888,45521.9526,deriv_websocket_live,11e76524,1360,NORMAL,-261.41
R_75,1791480042,1791480041.483982,45529.9462,deriv_websocket_live,11e76524,1361,NORMAL,-516.02
R_75,1791480044,1791480043.5809333,45518.6045,deriv_websocket_live,11e76524,1362,NORMAL,-419.07
R_75,1791480046,1791480045.6474693,45520.7461,deriv_websocket_live,11e76524,1363,NORMAL,-352.53
R_75,1791480048,1791480047.5372834,45522.971,deriv_websocket_live,11e76524,1364,NORMAL,-462.72
R_75,1791480050,1791480049.6705666,45515.6628,deriv_websocket_live,11e76524,1365,NORMAL,-329.43
R_75,1791480052,1791480051.5167246,45509.3244,deriv_websocket_live,11e76524,1366,NORMAL,-483.28
R_75,1791480054,1791480053.6643608,45506.273,deriv_websocket_live,11e76524,1367,NORMAL,-335.64
R_75,1791480056,1791480055.5372884,45516.7241,deriv_websocket_live,11e76524,1368,NORMAL,-462.71
R_75,1791480058,1791480057.6587713,45513.4284,deriv_websocket_live,11e76524,1369,NORMAL,-341.23
R_75,1791480060,1791480059.7324855,45506.5018,deriv_websocket_live,11e76524,1370,NORMAL,-267.51
R_75,1791480062,1791480061.5707479,45498.5052,deriv_websocket_live,11e76524,1371,NORMAL,-429.25
R_75,1791480064,1791480063.614555,45489.2029,deriv_websocket_live,11e76524,1372,NORMAL,-385.45
R_75,1791480066,1791480065.498586,45489.809,deriv_websocket_live,11e76524,1373,NORMAL,-501.41
R_75,1791480068,1791480067.4887016,45495.6079,deriv_websocket_live,11e76524,1374,NORMAL,-511.3
R_75,1791480070,1791480069.6080968,45489.0955,deriv_websocket_live,11e76524,1375,NORMAL,-391.9
R_75,1791480072,1791480071.5849478,45485.9352,deriv_websocket_live,11e76524,1376,NORMAL,-415.05
R_75,1791480074,1791480073.7356253,45487.9448,deriv_websocket_live,11e76524,1377,NORMAL,-264.37
R_75,1791480076,1791480075.8114402,45485.8741,deriv_websocket_live,11e76524,1378,NORMAL,-188.56
R_75,1791480078,1791480077.5221763,45478.3813,deriv_websocket_live,11e76524,1379,NORMAL,-477.82
R_75,1791480080,1791480079.532588,45497.1229,deriv_websocket_live,11e76524,1380,NORMAL,-467.41
R_75,1791480082,1791480081.543665,45505.6567,deriv_websocket_live,11e76524,1381,NORMAL,-456.34
R_75,1791480084,1791480083.6236732,45500.3813,deriv_websocket_live,11e76524,1382,NORMAL,-376.33
R_75,1791480086,1791480085.510648,45500.5259,deriv_websocket_live,11e76524,1383,NORMAL,-489.35
R_75,1791480088,1791480087.6689262,45494.5834,deriv_websocket_live,11e76524,1384,NORMAL,-331.07
R_75,1791480090,1791480089.506827,45490.2218,deriv_websocket_live,11e76524,1385,NORMAL,-493.17
R_75,1791480092,1791480091.654919,45488.5099,deriv_websocket_live,11e76524,1386,NORMAL,-345.08
R_75,1791480094,1791480093.4987826,45495.3091,deriv_websocket_live,11e76524,1387,NORMAL,-501.22
R_75,1791480096,1791480095.6489818,45497.5584,deriv_websocket_live,11e76524,1388,NORMAL,-351.02
R_75,1791480098,1791480097.690994,45502.4414,deriv_websocket_live,11e76524,1389,NORMAL,-309.01
R_75,1791480100,1791480099.745166,45503.4539,deriv_websocket_live,11e76524,1390,NORMAL,-254.83
R_75,1791480102,1791480101.470642,45506.4552,deriv_websocket_live,11e76524,1391,NORMAL,-529.36
R_75,1791480104,1791480103.5867283,45483.0781,deriv_websocket_live,11e76524,1392,NORMAL,-413.27
R_75,1791480106,1791480105.5097334,45498.5537,deriv_websocket_live,11e76524,1393,NORMAL,-490.27
R_75,1791480108,1791480107.529212,45495.1707,deriv_websocket_live,11e76524,1394,NORMAL,-470.79
R_75,1791480110,1791480109.587215,45484.8621,deriv_websocket_live,11e76524,1395,NORMAL,-412.79
R_75,1791480112,1791480111.7265513,45494.7128,deriv_websocket_live,11e76524,1396,NORMAL,-273.45
R_75,1791480114,1791480113.5666373,45495.3054,deriv_websocket_live,11e76524,1397,NORMAL,-433.36
R_75,1791480116,1791480115.6353312,45509.5961,deriv_websocket_live,11e76524,1398,NORMAL,-364.67
R_75,1791480118,1791480117.636843,45512.6976,deriv_websocket_live,11e76524,1399,NORMAL,-363.16
R_75,1791480120,1791480119.6114123,45520.4228,deriv_websocket_live,11e76524,1400,NORMAL,-388.59
R_75,1791480122,1791480121.5939097,45514.8793,deriv_websocket_live,11e76524,1401,NORMAL,-406.09
R_75,1791480124,1791480123.5776284,45503.9911,deriv_websocket_live,11e76524,1402,NORMAL,-422.37
R_75,1791480126,1791480125.6397302,45512.3748,deriv_websocket_live,11e76524,1403,NORMAL,-360.27
R_75,1791480128,1791480127.6233737,45502.824,deriv_websocket_live,11e76524,1404,NORMAL,-376.63
R_75,1791480130,1791480129.646837,45501.3032,deriv_websocket_live,11e76524,1405,NORMAL,-353.16
R_75,1791480132,1791480131.5917335,45502.8468,deriv_websocket_live,11e76524,1406,NORMAL,-408.27
R_75,1791480134,1791480133.5375896,45504.5649,deriv_websocket_live,11e76524,1407,NORMAL,-462.41
R_75,1791480136,1791480135.6891172,45498.6211,deriv_websocket_live,11e76524,1408,NORMAL,-310.88
R_75,1791480138,1791480137.7364526,45516.1678,deriv_websocket_live,11e76524,1409,NORMAL,-263.55
R_75,1791480140,1791480139.6432266,45521.4366,deriv_websocket_live,11e76524,1410,NORMAL,-356.77
R_75,1791480142,1791480141.497004,45517.134,deriv_websocket_live,11e76524,1411,NORMAL,-503.0
R_75,1791480144,1791480143.5737298,45514.8336,deriv_websocket_live,11e76524,1412,NORMAL,-426.27
R_75,1791480146,1791480145.570246,45511.123,deriv_websocket_live,11e76524,1413,NORMAL,-429.75
R_75,1791480148,1791480147.6027136,45511.1861,deriv_websocket_live,11e76524,1414,NORMAL,-397.29
R_75,1791480150,1791480149.729128,45522.7064,deriv_websocket_live,11e76524,1415,NORMAL,-270.87
R_75,1791480152,1791480151.4785624,45519.4653,deriv_websocket_live,11e76524,1416,NORMAL,-521.44
R_75,1791480154,1791480153.725462,45523.3025,deriv_websocket_live,11e76524,1417,NORMAL,-274.54
R_75,1791480156,1791480155.701032,45525.5278,deriv_websocket_live,11e76524,1418,NORMAL,-298.97
R_75,1791480158,1791480157.5508263,45518.1142,deriv_websocket_live,11e76524,1419,NORMAL,-449.17
R_75,1791480160,1791480159.6586602,45539.607,deriv_websocket_live,11e76524,1420,NORMAL,-341.34
R_75,1791480162,1791480161.6055677,45538.0195,deriv_websocket_live,11e76524,1421,NORMAL,-394.43
R_75,1791480164,1791480163.5748727,45554.529,deriv_websocket_live,11e76524,1422,NORMAL,-425.13
R_75,1791480166,1791480165.6298368,45554.371,deriv_websocket_live,11e76524,1423,NORMAL,-370.16
R_75,1791480168,1791480167.6371748,45549.5201,deriv_websocket_live,11e76524,1424,NORMAL,-362.83
R_75,1791480170,1791480169.6846292,45550.3334,deriv_websocket_live,11e76524,1425,NORMAL,-315.37
R_75,1791480172,1791480171.554014,45546.9833,deriv_websocket_live,11e76524,1426,NORMAL,-445.99
R_75,1791480174,1791480173.4736183,45557.2336,deriv_websocket_live,11e76524,1427,NORMAL,-526.38
R_75,1791480176,1791480175.625083,45551.2611,deriv_websocket_live,11e76524,1428,NORMAL,-374.92
R_75,1791480178,1791480177.6725872,45551.7002,deriv_websocket_live,11e76524,1429,NORMAL,-327.41
R_75,1791480180,1791480179.5986004,45541.7012,deriv_websocket_live,11e76524,1430,NORMAL,-401.4
R_75,1791480182,1791480181.5152292,45536.5892,deriv_websocket_live,11e76524,1431,NORMAL,-484.77
R_75,1791480184,1791480183.6609693,45536.3091,deriv_websocket_live,11e76524,1432,NORMAL,-339.03
R_75,1791480186,1791480185.606643,45538.0358,deriv_websocket_live,11e76524,1433,NORMAL,-393.36
R_75,1791480188,1791480187.6064472,45550.4909,deriv_websocket_live,11e76524,1434,NORMAL,-393.55
R_75,1791480190,1791480189.6111207,45556.3361,deriv_websocket_live,11e76524,1435,NORMAL,-388.88
R_75,1791480192,1791480191.5569592,45547.7965,deriv_websocket_live,11e76524,1436,NORMAL,-443.04
R_75,1791480194,1791480193.4829168,45558.6875,deriv_websocket_live,11e76524,1437,NORMAL,-517.08
R_75,1791480196,1791480195.464361,45558.6467,deriv_websocket_live,11e76524,1438,NORMAL,-535.64
R_75,1791480198,1791480197.5479171,45555.7602,deriv_websocket_live,11e76524,1439,NORMAL,-452.08
R_75,1791480200,1791480199.9173386,45553.4365,deriv_websocket_live,11e76524,1440,NORMAL,-82.66
R_75,1791480202,1791480201.5805287,45553.0598,deriv_websocket_live,11e76524,1441,NORMAL,-419.47
R_75,1791480204,1791480203.778648,45565.6521,deriv_websocket_live,11e76524,1442,NORMAL,-221.35
R_75,1791480206,1791480206.4890034,45577.6316,deriv_websocket_live,11e76524,1443,NORMAL,489.0
R_75,1791480208,1791480207.6242256,45575.1098,deriv_websocket_live,11e76524,1444,NORMAL,-375.77
R_75,1791480210,1791480209.6560202,45589.1275,deriv_websocket_live,11e76524,1445,NORMAL,-343.98
R_75,1791480212,1791480211.5679383,45592.6298,deriv_websocket_live,11e76524,1446,NORMAL,-432.06
R_75,1791480214,1791480213.7213929,45598.276,deriv_websocket_live,11e76524,1447,NORMAL,-278.61
R_75,1791480216,1791480215.5614657,45596.1023,deriv_websocket_live,11e76524,1448,NORMAL,-438.53
R_75,1791480218,1791480217.6062887,45599.2681,deriv_websocket_live,11e76524,1449,NORMAL,-393.71
R_75,1791480220,1791480219.569663,45598.2113,deriv_websocket_live,11e76524,1450,NORMAL,-430.34
R_75,1791480222,1791480221.7266,45604.9147,deriv_websocket_live,11e76524,1451,NORMAL,-273.4
R_75,1791480224,1791480223.6518238,45611.5914,deriv_websocket_live,11e76524,1452,NORMAL,-348.18
R_75,1791480226,1791480225.6553826,45628.7338,deriv_websocket_live,11e76524,1453,NORMAL,-344.62
R_75,1791480228,1791480227.4907322,45620.9571,deriv_websocket_live,11e76524,1454,NORMAL,-509.27
R_75,1791480230,1791480229.6923041,45615.4001,deriv_websocket_live,11e76524,1455,NORMAL,-307.7
R_75,1791480232,1791480231.7413998,45620.5041,deriv_websocket_live,11e76524,1456,NORMAL,-258.6
R_75,1791480234,1791480233.4843533,45617.9073,deriv_websocket_live,11e76524,1457,NORMAL,-515.65
R_75,1791480236,1791480235.6816778,45621.0326,deriv_websocket_live,11e76524,1458,NORMAL,-318.32
R_75,1791480238,1791480237.5325892,45633.7713,deriv_websocket_live,11e76524,1459,NORMAL,-467.41
R_75,1791480240,1791480239.5231483,45643.892,deriv_websocket_live,11e76524,1460,NORMAL,-476.85
R_75,1791480242,1791480241.670741,45637.2276,deriv_websocket_live,11e76524,1461,NORMAL,-329.26
R_75,1791480244,1791480243.5340345,45645.3355,deriv_websocket_live,11e76524,1462,NORMAL,-465.97
R_75,1791480246,1791480245.531032,45663.2061,deriv_websocket_live,11e76524,1463,NORMAL,-468.97
R_75,1791480248,1791480247.6301875,45662.9229,deriv_websocket_live,11e76524,1464,NORMAL,-369.81
R_75,1791480250,1791480249.6015034,45666.3204,deriv_websocket_live,11e76524,1465,NORMAL,-398.5
R_75,1791480252,1791480251.5437632,45670.6768,deriv_websocket_live,11e76524,1466,NORMAL,-456.24
R_75,1791480254,1791480253.6756065,45668.3934,deriv_websocket_live,11e76524,1467,NORMAL,-324.39
R_75,1791480256,1791480255.4949718,45669.8411,deriv_websocket_live,11e76524,1468,NORMAL,-505.03
R_75,1791480258,1791480257.4301248,45679.9903,deriv_websocket_live,11e76524,1469,NORMAL,-569.88
R_75,1791480260,1791480259.6964521,45690.7789,deriv_websocket_live,11e76524,1470,NORMAL,-303.55
R_75,1791480262,1791480261.5575852,45681.7157,deriv_websocket_live,11e76524,1471,NORMAL,-442.41
R_75,1791480264,1791480263.4885242,45684.4917,deriv_websocket_live,11e76524,1472,NORMAL,-511.48
R_75,1791480266,1791480265.6809542,45700.5388,deriv_websocket_live,11e76524,1473,NORMAL,-319.05
R_75,1791480268,1791480267.6848,45684.5597,deriv_websocket_live,11e76524,1474,NORMAL,-315.2
R_75,1791480270,1791480269.6296391,45677.9693,deriv_websocket_live,11e76524,1475,NORMAL,-370.36
R_75,1791480272,1791480271.4739358,45679.1046,deriv_websocket_live,11e76524,1476,NORMAL,-526.06
R_75,1791480274,1791480273.5845733,45688.9393,deriv_websocket_live,11e76524,1477,NORMAL,-415.43
R_75,1791480276,1791480275.5979643,45687.1164,deriv_websocket_live,11e76524,1478,NORMAL,-402.04
R_75,1791480278,1791480277.4911196,45662.3905,deriv_websocket_live,11e76524,1479,NORMAL,-508.88
R_75,1791480280,1791480279.5623856,45669.9615,deriv_websocket_live,11e76524,1480,NORMAL,-437.61
R_75,1791480282,1791480281.543197,45658.21,deriv_websocket_live,11e76524,1481,NORMAL,-456.8
R_75,1791480284,1791480283.7367136,45646.0055,deriv_websocket_live,11e76524,1482,NORMAL,-263.29
R_75,1791480286,1791480285.6444454,45640.6744,deriv_websocket_live,11e76524,1483,NORMAL,-355.55
R_75,1791480288,1791480287.611295,45632.1129,deriv_websocket_live,11e76524,1484,NORMAL,-388.71
R_75,1791480290,1791480289.4953434,45633.9676,deriv_websocket_live,11e76524,1485,NORMAL,-504.66
R_75,1791480292,1791480291.543945,45632.1588,deriv_websocket_live,11e76524,1486,NORMAL,-456.05
R_75,1791480294,1791480293.5911283,45637.0385,deriv_websocket_live,11e76524,1487,NORMAL,-408.87
R_75,1791480296,1791480295.538739,45655.1974,deriv_websocket_live,11e76524,1488,NORMAL,-461.26
R_75,1791480298,1791480297.534005,45646.5689,deriv_websocket_live,11e76524,1489,NORMAL,-466.0
R_75,1791480300,1791480299.6336763,45641.4332,deriv_websocket_live,11e76524,1490,NORMAL,-366.32
R_75,1791480302,1791480301.6529756,45637.7663,deriv_websocket_live,11e76524,1491,NORMAL,-347.02
R_75,1791480304,1791480303.674128,45638.9071,deriv_websocket_live,11e76524,1492,NORMAL,-325.87
R_75,1791480306,1791480305.7601242,45628.4136,deriv_websocket_live,11e76524,1493,NORMAL,-239.88
R_75,1791480308,1791480307.5712965,45624.5698,deriv_websocket_live,11e76524,1494,NORMAL,-428.7
R_75,1791480310,1791480309.7055004,45631.9684,deriv_websocket_live,11e76524,1495,NORMAL,-294.5
R_75,1791480312,1791480311.766377,45623.4926,deriv_websocket_live,11e76524,1496,NORMAL,-233.62
R_75,1791480314,1791480313.6988409,45619.1533,deriv_websocket_live,11e76524,1497,NORMAL,-301.16
R_75,1791480316,1791480315.5779207,45608.92,deriv_websocket_live,11e76524,1498,NORMAL,-422.08
R_75,1791480318,1791480317.6804237,45610.8344,deriv_websocket_live,11e76524,1499,NORMAL,-319.58
R_75,1791480320,1791480319.505012,45618.0142,deriv_websocket_live,11e76524,1500,NORMAL,-494.99
R_75,1791480372,1791480371.5423148,45558.87,deriv_websocket_live,11e76524,1526,NORMAL,-457.69
R_75,1791480374,1791480373.4832227,45547.9823,deriv_websocket_live,11e76524,1527,NORMAL,-516.78
R_75,1791480376,1791480375.628287,45549.5107,deriv_websocket_live,11e76524,1528,NORMAL,-371.71
R_75,1791480378,1791480377.57822,45540.1827,deriv_websocket_live,11e76524,1529,NORMAL,-421.78
R_75,1791480380,1791480379.539306,45542.4903,deriv_websocket_live,11e76524,1530,NORMAL,-460.69
R_75,1791480382,1791480381.6761177,45541.9706,deriv_websocket_live,11e76524,1531,NORMAL,-323.88
R_75,1791480384,1791480383.4907591,45530.1879,deriv_websocket_live,11e76524,1532,NORMAL,-509.24
R_75,1791480386,1791480385.5818481,45539.1546,deriv_websocket_live,11e76524,1533,NORMAL,-418.15
R_75,1791480388,1791480387.4971225,45543.1964,deriv_websocket_live,11e76524,1534,NORMAL,-502.88
R_75,1791480390,1791480389.5419083,45545.7253,deriv_websocket_live,11e76524,1535,NORMAL,-458.09
R_75,1791480392,1791480391.590326,45537.4419,deriv_websocket_live,11e76524,1536,NORMAL,-409.67
R_75,1791480394,1791480393.7402956,45541.1024,deriv_websocket_live,11e76524,1537,NORMAL,-259.7
R_75,1791480396,1791480395.584441,45546.6171,deriv_websocket_live,11e76524,1538,NORMAL,-415.56
R_75,1791480398,1791480397.6610599,45536.0069,deriv_websocket_live,11e76524,1539,NORMAL,-338.94
R_75,1791480400,1791480399.6795213,45526.4761,deriv_websocket_live,11e76524,1540,NORMAL,-320.48
R_75,1791480402,1791480401.6233246,45519.7733,deriv_websocket_live,11e76524,1541,NORMAL,-376.68
R_75,1791480404,1791480403.6798892,45521.5321,deriv_websocket_live,11e76524,1542,NORMAL,-320.11
R_75,1791480406,1791480405.6885555,45517.0838,deriv_websocket_live,11e76524,1543,NORMAL,-311.44
R_75,1791480408,1791480407.6668162,45523.1824,deriv_websocket_live,11e76524,1544,NORMAL,-333.18
R_75,1791480410,1791480409.5123792,45523.5291,deriv_websocket_live,11e76524,1545,NORMAL,-487.62
R_75,1791480412,1791480411.5764067,45531.0657,deriv_websocket_live,11e76524,1546,NORMAL,-423.59
R_75,1791480414,1791480413.672294,45529.4209,deriv_websocket_live,11e76524,1547,NORMAL,-327.71
R_75,1791480416,1791480415.567387,45518.4121,deriv_websocket_live,11e76524,1548,NORMAL,-432.61
R_75,1791480418,1791480417.600228,45521.4244,deriv_websocket_live,11e76524,1549,NORMAL,-399.77
R_75,1791480420,1791480419.5461755,45526.6686,deriv_websocket_live,11e76524,1550,NORMAL,-453.82
R_75,1791480422,1791480421.708443,45532.6188,deriv_websocket_live,11e76524,1551,NORMAL,-291.56
R_75,1791480424,1791480423.6387446,45529.1708,deriv_websocket_live,11e76524,1552,NORMAL,-361.26
R_75,1791480426,1791480425.6453173,45525.6002,deriv_websocket_live,11e76524,1553,NORMAL,-354.68
R_75,1791480428,1791480427.690191,45531.2436,deriv_websocket_live,11e76524,1554,NORMAL,-309.81
R_75,1791480430,1791480429.6000264,45543.1167,deriv_websocket_live,11e76524,1555,NORMAL,-399.97
R_75,1791480432,1791480431.6117744,45543.546,deriv_websocket_live,11e76524,1556,NORMAL,-388.23
R_75,1791480434,1791480433.5760214,45541.4289,deriv_websocket_live,11e76524,1557,NORMAL,-423.98
R_75,1791480436,1791480435.5222194,45540.9236,deriv_websocket_live,11e76524,1558,NORMAL,-477.78
R_75,1791480438,1791480437.5378065,45544.5662,deriv_websocket_live,11e76524,1559,NORMAL,-462.19
R_75,1791480440,1791480439.6706307,45537.9027,deriv_websocket_live,11e76524,1560,NORMAL,-329.37
R_75,1791480442,1791480441.6213458,45530.3878,deriv_websocket_live,11e76524,1561,NORMAL,-378.65
R_75,1791480444,1791480443.6870446,45538.9837,deriv_websocket_live,11e76524,1562,NORMAL,-312.96
R_75,1791480446,1791480445.5296407,45520.5664,deriv_websocket_live,11e76524,1563,NORMAL,-470.36
R_75,1791480448,1791480447.6965678,45521.1934,deriv_websocket_live,11e76524,1564,NORMAL,-303.43
R_75,1791480450,1791480449.7029905,45505.2724,deriv_websocket_live,11e76524,1565,NORMAL,-297.01
R_75,1791480452,1791480451.6661177,45492.6586,deriv_websocket_live,11e76524,1566,NORMAL,-333.88
R_75,1791480454,1791480453.8141723,45482.507,deriv_websocket_live,11e76524,1567,NORMAL,-185.83
R_75,1791480456,1791480455.621249,45490.292,deriv_websocket_live,11e76524,1568,NORMAL,-378.75
R_75,1791480458,1791480457.584239,45471.5731,deriv_websocket_live,11e76524,1569,NORMAL,-415.76
R_75,1791480460,1791480459.6696336,45478.2191,deriv_websocket_live,11e76524,1570,NORMAL,-330.37
R_75,1791480462,1791480461.6742778,45465.9279,deriv_websocket_live,11e76524,1571,NORMAL,-325.72
R_75,1791480464,1791480463.7837746,45466.7711,deriv_websocket_live,11e76524,1572,NORMAL,-216.23
R_75,1791480466,1791480465.638235,45467.8024,deriv_websocket_live,11e76524,1573,NORMAL,-361.76
R_75,1791480468,1791480467.8819032,45469.7847,deriv_websocket_live,11e76524,1574,NORMAL,-118.1
R_75,1791480470,1791480469.6214886,45469.8721,deriv_websocket_live,11e76524,1575,NORMAL,-378.51
R_75,1791480472,1791480471.6691442,45466.7529,deriv_websocket_live,11e76524,1576,NORMAL,-330.86
R_75,1791480474,1791480473.676851,45453.3267,deriv_websocket_live,11e76524,1577,NORMAL,-323.15
R_75,1791480476,1791480475.6346898,45443.8185,deriv_websocket_live,11e76524,1578,NORMAL,-365.31
R_75,1791480478,1791480477.7087214,45444.6927,deriv_websocket_live,11e76524,1579,NORMAL,-291.28
R_75,1791480480,1791480479.7576745,45439.7628,deriv_websocket_live,11e76524,1580,NORMAL,-242.33
R_75,1791480482,1791480481.686167,45449.5804,deriv_websocket_live,11e76524,1581,NORMAL,-313.83
R_75,1791480484,1791480483.6475027,45451.1702,deriv_websocket_live,11e76524,1582,NORMAL,-352.5
R_75,1791480486,1791480485.659507,45441.5051,deriv_websocket_live,11e76524,1583,NORMAL,-340.49
R_75,1791480488,1791480487.5451603,45445.2761,deriv_websocket_live,11e76524,1584,NORMAL,-454.84
R_75,1791480490,1791480489.5874293,45442.7003,deriv_websocket_live,11e76524,1585,NORMAL,-412.57
R_75,1791480492,1791480491.6377602,45435.4151,deriv_websocket_live,11e76524,1586,NORMAL,-362.24
R_75,1791480494,1791480493.684012,45444.4771,deriv_websocket_live,11e76524,1587,NORMAL,-315.99
R_75,1791480496,1791480495.593913,45436.1645,deriv_websocket_live,11e76524,1588,NORMAL,-406.09
R_75,1791480498,1791480497.58737,45430.8548,deriv_websocket_live,11e76524,1589,NORMAL,-412.63
R_75,1791480500,1791480499.623542,45437.681,deriv_websocket_live,11e76524,1590,NORMAL,-376.46
R_75,1791480502,1791480501.6275868,45428.324,deriv_websocket_live,11e76524,1591,NORMAL,-372.41
R_75,1791480504,1791480503.719379,45410.2553,deriv_websocket_live,11e76524,1592,NORMAL,-280.62
R_75,1791480506,1791480505.56309,45408.2611,deriv_websocket_live,11e76524,1593,NORMAL,-436.91
R_75,1791480508,1791480507.603712,45401.2829,deriv_websocket_live,11e76524,1594,NORMAL,-396.29
R_75,1791480510,1791480509.6586232,45391.7947,deriv_websocket_live,11e76524,1595,NORMAL,-341.38
R_75,1791480512,1791480511.7082207,45400.3021,deriv_websocket_live,11e76524,1596,NORMAL,-291.78
R_75,1791480514,1791480513.6529396,45398.0511,deriv_websocket_live,11e76524,1597,NORMAL,-347.06
R_75,1791480516,1791480515.6297843,45412.3188,deriv_websocket_live,11e76524,1598,NORMAL,-370.22
R_75,1791480518,1791480517.4724112,45418.2675,deriv_websocket_live,11e76524,1599,NORMAL,-527.59
R_75,1791480520,1791480519.46439,45420.2703,deriv_websocket_live,11e76524,1600,NORMAL,-535.61
R_75,1791480522,1791480521.5367231,45422.8581,deriv_websocket_live,11e76524,1601,NORMAL,-463.28
R_75,1791480524,1791480523.589966,45433.2267,deriv_websocket_live,11e76524,1602,NORMAL,-410.03
R_75,1791480526,1791480525.4666977,45427.8356,deriv_websocket_live,11e76524,1603,NORMAL,-533.3
R_75,1791480528,1791480527.5092306,45446.1951,deriv_websocket_live,11e76524,1604,NORMAL,-490.77
R_75,1791480530,1791480529.524777,45438.9939,deriv_websocket_live,11e76524,1605,NORMAL,-475.22
R_75,1791480532,1791480531.5732584,45426.3507,deriv_websocket_live,11e76524,1606,NORMAL,-426.74
R_75,1791480534,1791480533.7230804,45415.3835,deriv_websocket_live,11e76524,1607,NORMAL,-276.92
R_75,1791480536,1791480535.4895203,45417.9389,deriv_websocket_live,11e76524,1608,NORMAL,-510.48
R_75,1791480538,1791480537.4932234,45421.8131,deriv_websocket_live,11e76524,1609,NORMAL,-506.78
R_75,1791480540,1791480539.4856083,45410.8227,deriv_websocket_live,11e76524,1610,NORMAL,-514.39
R_75,1791480542,1791480541.515772,45400.102,deriv_websocket_live,11e76524,1611,NORMAL,-484.23
R_75,1791480544,1791480543.5014384,45390.8361,deriv_websocket_live,11e76524,1612,NORMAL,-498.56
R_75,1791480546,1791480545.4823303,45400.3958,deriv_websocket_live,11e76524,1613,NORMAL,-517.67
R_75,1791480548,1791480547.507519,45400.5615,deriv_websocket_live,11e76524,1614,NORMAL,-492.48
R_75,1791480550,1791480549.5951307,45401.3233,deriv_websocket_live,11e76524,1615,NORMAL,-404.87
R_75,1791480552,1791480551.4867358,45408.2434,deriv_websocket_live,11e76524,1616,NORMAL,-513.26
R_75,1791480554,1791480553.588817,45410.0862,deriv_websocket_live,11e76524,1617,NORMAL,-411.18
R_75,1791480556,1791480555.4750607,45405.5762,deriv_websocket_live,11e76524,1618,NORMAL,-524.94
R_75,1791480558,1791480557.5826628,45407.9412,deriv_websocket_live,11e76524,1619,NORMAL,-417.34
R_75,1791480560,1791480559.5057461,45405.8834,deriv_websocket_live,11e76524,1620,NORMAL,-494.25
R_75,1791480562,1791480561.5775728,45419.825,deriv_websocket_live,11e76524,1621,NORMAL,-422.43
R_75,1791480564,1791480563.5226984,45430.937,deriv_websocket_live,11e76524,1622,NORMAL,-477.3
R_75,1791480566,1791480565.468416,45426.8213,deriv_websocket_live,11e76524,1623,NORMAL,-531.58
R_75,1791480568,1791480567.6184673,45411.1534,deriv_websocket_live,11e76524,1624,NORMAL,-381.53
R_75,1791480570,1791480569.5638845,45397.3648,deriv_websocket_live,11e76524,1625,NORMAL,-436.12
R_75,1791480572,1791480571.509602,45398.5931,deriv_websocket_live,11e76524,1626,NORMAL,-490.4
R_75,1791480574,1791480573.6643407,45406.7558,deriv_websocket_live,11e76524,1627,NORMAL,-335.66
R_75,1791480576,1791480575.4868934,45414.1678,deriv_websocket_live,11e76524,1628,NORMAL,-513.11
R_75,1791480578,1791480577.4926703,45424.1416,deriv_websocket_live,11e76524,1629,NORMAL,-507.33
R_75,1791480580,1791480579.5987153,45439.9622,deriv_websocket_live,11e76524,1630,NORMAL,-401.28
R_75,1791480582,1791480581.5762703,45445.6038,deriv_websocket_live,11e76524,1631,NORMAL,-423.73
R_75,1791480584,1791480583.491909,45436.4286,deriv_websocket_live,11e76524,1632,NORMAL,-508.09
R_75,1791480586,1791480585.4880285,45438.9521,deriv_websocket_live,11e76524,1633,NORMAL,-511.97
R_75,1791480588,1791480587.5865474,45446.4668,deriv_websocket_live,11e76524,1634,NORMAL,-413.45
R_75,1791480590,1791480589.5328631,45445.2851,deriv_websocket_live,11e76524,1635,NORMAL,-467.14
R_75,1791480592,1791480591.468042,45441.4198,deriv_websocket_live,11e76524,1636,NORMAL,-531.96
R_75,1791480594,1791480593.6279843,45436.2999,deriv_websocket_live,11e76524,1637,NORMAL,-372.02
R_75,1791480596,1791480595.4717803,45430.1214,deriv_websocket_live,11e76524,1638,NORMAL,-528.22
R_75,1791480598,1791480597.4958043,45434.7832,deriv_websocket_live,11e76524,1639,NORMAL,-504.2
R_75,1791480600,1791480599.478179,45430.3826,deriv_websocket_live,11e76524,1640,NORMAL,-521.82
R_75,1791480602,1791480601.5123127,45429.6913,deriv_websocket_live,11e76524,1641,NORMAL,-487.69
R_75,1791480604,1791480603.4589396,45427.0496,deriv_websocket_live,11e76524,1642,NORMAL,-541.06
R_75,1791480606,1791480605.4791572,45424.569,deriv_websocket_live,11e76524,1643,NORMAL,-520.84
R_75,1791480608,1791480607.4924634,45432.9,deriv_websocket_live,11e76524,1644,NORMAL,-507.54
R_75,1791480610,1791480609.4233556,45447.4272,deriv_websocket_live,11e76524,1645,NORMAL,-576.64
R_75,1791480612,1791480611.5485568,45447.1052,deriv_websocket_live,11e76524,1646,NORMAL,-451.44
R_75,1791480614,1791480613.4949493,45427.7892,deriv_websocket_live,11e76524,1647,NORMAL,-505.05
R_75,1791480616,1791480615.4560843,45424.6277,deriv_websocket_live,11e76524,1648,NORMAL,-543.92
R_75,1791480618,1791480617.4846256,45425.5834,deriv_websocket_live,11e76524,1649,NORMAL,-515.37
R_75,1791480620,1791480619.4755082,45412.0873,deriv_websocket_live,11e76524,1650,NORMAL,-524.49
R_75,1791480622,1791480621.4925613,45425.4672,deriv_websocket_live,11e76524,1651,NORMAL,-507.44
R_75,1791480624,1791480623.472939,45421.5584,deriv_websocket_live,11e76524,1652,NORMAL,-527.06
R_75,1791480626,1791480625.867685,45430.1539,deriv_websocket_live,11e76524,1653,NORMAL,-132.31
R_75,1791480628,1791480627.5238242,45438.9049,deriv_websocket_live,11e76524,1654,NORMAL,-476.18
R_75,1791480630,1791480629.5722325,45432.6252,deriv_websocket_live,11e76524,1655,NORMAL,-427.77
R_75,1791480632,1791480631.445508,45433.7928,deriv_websocket_live,11e76524,1656,NORMAL,-554.49
R_75,1791480634,1791480633.4627297,45434.8277,deriv_websocket_live,11e76524,1657,NORMAL,-537.27
R_75,1791480636,1791480635.4829,45437.0864,deriv_websocket_live,11e76524,1658,NORMAL,-517.1
R_75,1791480638,1791480637.4552734,45448.6173,deriv_websocket_live,11e76524,1659,NORMAL,-544.73
R_75,1791480640,1791480639.4557347,45438.1003,deriv_websocket_live,11e76524,1660,NORMAL,-544.27
R_75,1791480642,1791480641.4735813,45442.6138,deriv_websocket_live,11e76524,1661,NORMAL,-526.42
R_75,1791480644,1791480643.5836916,45459.4179,deriv_websocket_live,11e76524,1662,NORMAL,-416.31
R_75,1791480646,1791480645.442931,45462.0154,deriv_websocket_live,11e76524,1663,NORMAL,-557.07
R_75,1791480648,1791480647.4796684,45459.5851,deriv_websocket_live,11e76524,1664,NORMAL,-520.33
R_75,1791480650,1791480649.5387402,45463.6175,deriv_websocket_live,11e76524,1665,NORMAL,-461.26
R_75,1791480652,1791480651.493059,45472.2762,deriv_websocket_live,11e76524,1666,NORMAL,-506.94
R_75,1791480654,1791480653.4883633,45458.187,deriv_websocket_live,11e76524,1667,NORMAL,-511.64
R_75,1791480656,1791480655.4790587,45450.0375,deriv_websocket_live,11e76524,1668,NORMAL,-520.94
R_75,1791480658,1791480657.5268917,45445.0117,deriv_websocket_live,11e76524,1669,NORMAL,-473.11
R_75,1791480660,1791480659.4997265,45437.581,deriv_websocket_live,11e76524,1670,NORMAL,-500.27
R_75,1791480662,1791480661.592219,45437.538,deriv_websocket_live,11e76524,1671,NORMAL,-407.78
R_75,1791480664,1791480663.4880226,45445.8082,deriv_websocket_live,11e76524,1672,NORMAL,-511.98
R_75,1791480666,1791480665.4867268,45435.5217,deriv_websocket_live,11e76524,1673,NORMAL,-513.27
R_75,1791480668,1791480667.4784775,45429.3057,deriv_websocket_live,11e76524,1674,NORMAL,-521.52
R_75,1791480670,1791480669.6094713,45428.8995,deriv_websocket_live,11e76524,1675,NORMAL,-390.53
R_75,1791480672,1791480671.4830506,45436.7886,deriv_websocket_live,11e76524,1676,NORMAL,-516.95
R_75,1791480674,1791480673.4987392,45445.3821,deriv_websocket_live,11e76524,1677,NORMAL,-501.26
R_75,1791480676,1791480675.444022,45449.0143,deriv_websocket_live,11e76524,1678,NORMAL,-555.98
R_75,1791480678,1791480677.4949195,45448.5629,deriv_websocket_live,11e76524,1679,NORMAL,-505.08
R_75,1791480680,1791480679.4758115,45447.8746,deriv_websocket_live,11e76524,1680,NORMAL,-524.19
R_75,1791480682,1791480681.486748,45450.1956,deriv_websocket_live,11e76524,1681,NORMAL,-513.25
R_75,1791480684,1791480683.4934878,45455.4266,deriv_websocket_live,11e76524,1682,NORMAL,-506.51
R_75,1791480686,1791480685.4665575,45448.7632,deriv_websocket_live,11e76524,1683,NORMAL,-533.44
R_75,1791480688,1791480687.4803085,45452.9666,deriv_websocket_live,11e76524,1684,NORMAL,-519.69
R_75,1791480690,1791480689.4685836,45452.7429,deriv_websocket_live,11e76524,1685,NORMAL,-531.42
R_75,1791480692,1791480691.5239012,45454.9295,deriv_websocket_live,11e76524,1686,NORMAL,-476.1
R_75,1791480694,1791480693.5714707,45453.9237,deriv_websocket_live,11e76524,1687,NORMAL,-428.53
R_75,1791480696,1791480695.4974644,45452.8373,deriv_websocket_live,11e76524,1688,NORMAL,-502.54
R_75,1791480698,1791480697.7704458,45451.1615,deriv_websocket_live,11e76524,1689,NORMAL,-229.55
R_75,1791480700,1791480699.549509,45446.2755,deriv_websocket_live,11e76524,1690,NORMAL,-450.49
R_75,1791480702,1791480701.5587358,45446.3605,deriv_websocket_live,11e76524,1691,NORMAL,-441.26
R_75,1791480704,1791480703.607328,45434.3418,deriv_websocket_live,11e76524,1692,NORMAL,-392.67
R_75,1791480706,1791480705.552908,45447.3767,deriv_websocket_live,11e76524,1693,NORMAL,-447.09
R_75,1791480708,1791480707.5286162,45455.6476,deriv_websocket_live,11e76524,1694,NORMAL,-471.38
R_75,1791480710,1791480709.4568994,45447.9529,deriv_websocket_live,11e76524,1695,NORMAL,-543.1
R_75,1791480712,1791480711.4923584,45455.2151,deriv_websocket_live,11e76524,1696,NORMAL,-507.64
R_75,1791480714,1791480713.5566874,45450.7238,deriv_websocket_live,11e76524,1697,NORMAL,-443.31
R_75,1791480716,1791480715.7094982,45447.5283,deriv_websocket_live,11e76524,1698,NORMAL,-290.5
R_75,1791480718,1791480717.5435514,45451.5593,deriv_websocket_live,11e76524,1699,NORMAL,-456.45
R_75,1791480720,1791480719.595278,45447.1516,deriv_websocket_live,11e76524,1700,NORMAL,-404.72
R_75,1791480722,1791480721.8100371,45455.7281,deriv_websocket_live,11e76524,1701,NORMAL,-189.96
R_75,1791480724,1791480723.581692,45451.285,deriv_websocket_live,11e76524,1702,NORMAL,-418.31
R_75,1791480726,1791480725.698314,45446.6651,deriv_websocket_live,11e76524,1703,NORMAL,-301.69
R_75,1791480728,1791480727.5078056,45447.0436,deriv_websocket_live,11e76524,1704,NORMAL,-492.19
R_75,1791480730,1791480729.7410731,45430.014,deriv_websocket_live,11e76524,1705,NORMAL,-258.93
R_75,1791480732,1791480731.5647547,45426.5719,deriv_websocket_live,11e76524,1706,NORMAL,-435.25
R_75,1791480734,1791480733.6198971,45441.4409,deriv_websocket_live,11e76524,1707,NORMAL,-380.1
R_75,1791480736,1791480735.556076,45444.3093,deriv_websocket_live,11e76524,1708,NORMAL,-443.92
R_75,1791480738,1791480737.611174,45457.8322,deriv_websocket_live,11e76524,1709,NORMAL,-388.83
R_75,1791480740,1791480739.6620746,45455.487,deriv_websocket_live,11e76524,1710,NORMAL,-337.93
R_75,1791480742,1791480741.5181062,45468.5393,deriv_websocket_live,11e76524,1711,NORMAL,-481.89
R_75,1791480744,1791480743.5677793,45448.4976,deriv_websocket_live,11e76524,1712,NORMAL,-432.22
R_75,1791480746,1791480745.5494947,45452.8952,deriv_websocket_live,11e76524,1713,NORMAL,-450.51
R_75,1791480748,1791480747.5386252,45441.6008,deriv_websocket_live,11e76524,1714,NORMAL,-461.37
R_75,1791480750,1791480749.6066182,45451.2382,deriv_websocket_live,11e76524,1715,NORMAL,-393.38
R_75,1791480752,1791480751.5900326,45449.2292,deriv_websocket_live,11e76524,1716,NORMAL,-409.97
R_75,1791480754,1791480753.5772,45444.6545,deriv_websocket_live,11e76524,1717,NORMAL,-422.8
R_75,1791480756,1791480755.83168,45445.2466,deriv_websocket_live,11e76524,1718,NORMAL,-168.32
R_75,1791480758,1791480757.5438526,45435.9697,deriv_websocket_live,11e76524,1719,NORMAL,-456.15
R_75,1791480760,1791480759.723948,45443.6857,deriv_websocket_live,11e76524,1720,NORMAL,-276.05
R_75,1791480762,1791480761.4685996,45445.8301,deriv_websocket_live,11e76524,1721,NORMAL,-531.4
R_75,1791480764,1791480763.5816457,45459.4397,deriv_websocket_live,11e76524,1722,NORMAL,-418.35
R_75,1791480766,1791480765.5614378,45461.6019,deriv_websocket_live,11e76524,1723,NORMAL,-438.56
R_75,1791480768,1791480767.6095338,45479.2764,deriv_websocket_live,11e76524,1724,NORMAL,-390.47
R_75,1791480770,1791480769.5540612,45471.8161,deriv_websocket_live,11e76524,1725,NORMAL,-445.94
R_75,1791480772,1791480771.6090653,45468.1072,deriv_websocket_live,11e76524,1726,NORMAL,-390.93
R_75,1791480774,1791480773.5536466,45473.3298,deriv_websocket_live,11e76524,1727,NORMAL,-446.35
R_75,1791480776,1791480775.5119395,45485.0132,deriv_websocket_live,11e76524,1728,NORMAL,-488.06
R_75,1791480778,1791480777.6444027,45492.0607,deriv_websocket_live,11e76524,1729,NORMAL,-355.6
R_75,1791480780,1791480779.5896945,45486.312,deriv_websocket_live,11e76524,1730,NORMAL,-410.31
R_75,1791480782,1791480781.739897,45490.5904,deriv_websocket_live,11e76524,1731,NORMAL,-260.1
R_75,1791480784,1791480783.4801762,45496.0472,deriv_websocket_live,11e76524,1732,NORMAL,-519.82
R_75,1791480786,1791480785.5878034,45492.8466,deriv_websocket_live,11e76524,1733,NORMAL,-412.2
R_75,1791480788,1791480787.4737415,45499.1455,deriv_websocket_live,11e76524,1734,NORMAL,-526.26
R_75,1791480790,1791480789.7266045,45528.8496,deriv_websocket_live,11e76524,1735,NORMAL,-273.4
R_75,1791480792,1791480791.5312362,45539.3726,deriv_websocket_live,11e76524,1736,NORMAL,-468.76
R_75,1791480794,1791480793.7202718,45530.9521,deriv_websocket_live,11e76524,1737,NORMAL,-279.73
R_75,1791480796,1791480795.665854,45527.1226,deriv_websocket_live,11e76524,1738,NORMAL,-334.15
R_75,1791480798,1791480797.509244,45521.0648,deriv_websocket_live,11e76524,1739,NORMAL,-490.76
R_75,1791480800,1791480799.5819693,45540.5742,deriv_websocket_live,11e76524,1740,NORMAL,-418.03
R_75,1791480802,1791480801.5060341,45547.8738,deriv_websocket_live,11e76524,1741,NORMAL,-493.97
R_75,1791480804,1791480803.4781415,45544.8839,deriv_websocket_live,11e76524,1742,NORMAL,-521.86
R_75,1791480806,1791480805.497767,45532.6169,deriv_websocket_live,11e76524,1743,NORMAL,-502.23
R_75,1791480808,1791480807.5457003,45526.1479,deriv_websocket_live,11e76524,1744,NORMAL,-454.3
R_75,1791480810,1791480809.4592485,45518.6523,deriv_websocket_live,11e76524,1745,NORMAL,-540.75
R_75,1791480812,1791480811.540018,45527.1732,deriv_websocket_live,11e76524,1746,NORMAL,-459.98
R_75,1791480814,1791480813.4574156,45525.7442,deriv_websocket_live,11e76524,1747,NORMAL,-542.58
R_75,1791480816,1791480815.4996247,45528.6331,deriv_websocket_live,11e76524,1748,NORMAL,-500.38
R_75,1791480818,1791480817.4848034,45541.939,deriv_websocket_live,11e76524,1749,NORMAL,-515.2
R_75,1791480820,1791480819.8335826,45528.977,deriv_websocket_live,11e76524,1750,NORMAL,-166.42
R_75,1791480822,1791480821.5001838,45521.0663,deriv_websocket_live,11e76524,1751,NORMAL,-499.82
R_75,1791480824,1791480823.4816554,45518.9242,deriv_websocket_live,11e76524,1752,NORMAL,-518.34
R_75,1791480826,1791480825.4934378,45523.303,deriv_websocket_live,11e76524,1753,NORMAL,-506.56
R_75,1791480828,1791480827.5134466,45524.2584,deriv_websocket_live,11e76524,1754,NORMAL,-486.55
R_75,1791480830,1791480829.5616896,45522.5218,deriv_websocket_live,11e76524,1755,NORMAL,-438.31
R_75,1791480832,1791480831.5069113,45517.841,deriv_websocket_live,11e76524,1756,NORMAL,-493.09
R_75,1791480834,1791480833.4826512,45516.7767,deriv_websocket_live,11e76524,1757,NORMAL,-517.35
R_75,1791480836,1791480835.501975,45523.4271,deriv_websocket_live,11e76524,1758,NORMAL,-498.02
R_75,1791480838,1791480837.6513546,45532.6216,deriv_websocket_live,11e76524,1759,NORMAL,-348.65
R_75,1791480840,1791480839.596875,45536.3682,deriv_websocket_live,11e76524,1760,NORMAL,-403.13
R_75,1791480842,1791480841.5336351,45536.6331,deriv_websocket_live,11e76524,1761,NORMAL,-466.36
R_75,1791480844,1791480843.5557797,45540.3543,deriv_websocket_live,11e76524,1762,NORMAL,-444.22
R_75,1791480846,1791480845.535837,45532.8692,deriv_websocket_live,11e76524,1763,NORMAL,-464.16
R_75,1791480848,1791480847.52659,45535.537,deriv_websocket_live,11e76524,1764,NORMAL,-473.41
R_75,1791480850,1791480849.6329682,45541.4666,deriv_websocket_live,11e76524,1765,NORMAL,-367.03
R_75,1791480852,1791480851.6034205,45534.1886,deriv_websocket_live,11e76524,1766,NORMAL,-396.58
R_75,1791480854,1791480853.5820942,45526.7094,deriv_websocket_live,11e76524,1767,NORMAL,-417.91
R_75,1791480856,1791480855.5071003,45519.9526,deriv_websocket_live,11e76524,1768,NORMAL,-492.9
R_75,1791480858,1791480857.5168025,45519.4689,deriv_websocket_live,11e76524,1769,NORMAL,-483.2
R_75,1791480860,1791480859.5363076,45517.816,deriv_websocket_live,11e76524,1770,NORMAL,-463.69
R_75,1791480862,1791480861.5801659,45519.6954,deriv_websocket_live,11e76524,1771,NORMAL,-419.83
R_75,1791480864,1791480863.4789429,45510.5589,deriv_websocket_live,11e76524,1772,NORMAL,-521.06
R_75,1791480866,1791480865.51667,45502.4015,deriv_websocket_live,11e76524,1773,NORMAL,-483.33
R_75,1791480868,1791480867.5533116,45494.8033,deriv_websocket_live,11e76524,1774,NORMAL,-446.69
R_75,1791480870,1791480869.7033486,45486.3711,deriv_websocket_live,11e76524,1775,NORMAL,-296.65
R_75,1791480872,1791480871.5125482,45495.3718,deriv_websocket_live,11e76524,1776,NORMAL,-487.45
R_75,1791480874,1791480873.490339,45515.3437,deriv_websocket_live,11e76524,1777,NORMAL,-509.66
R_75,1791480876,1791480875.9366343,45504.0281,deriv_websocket_live,11e76524,1778,NORMAL,-63.37
R_75,1791480878,1791480877.5104356,45508.3327,deriv_websocket_live,11e76524,1779,NORMAL,-489.56
R_75,1791480880,1791480879.52656,45509.8662,deriv_websocket_live,11e76524,1780,NORMAL,-473.44
R_75,1791480882,1791480881.540315,45525.8657,deriv_websocket_live,11e76524,1781,NORMAL,-459.69
R_75,1791480884,1791480883.5782325,45515.6758,deriv_websocket_live,11e76524,1782,NORMAL,-421.77
R_75,1791480886,1791480885.500285,45517.0051,deriv_websocket_live,11e76524,1783,NORMAL,-499.72
R_75,1791480888,1791480887.6233373,45520.1228,deriv_websocket_live,11e76524,1784,NORMAL,-376.66
R_75,1791480890,1791480889.5687106,45521.4561,deriv_websocket_live,11e76524,1785,NORMAL,-431.29
R_75,1791480892,1791480891.6182563,45509.4694,deriv_websocket_live,11e76524,1786,NORMAL,-381.74
R_75,1791480894,1791480893.5626483,45499.5505,deriv_websocket_live,11e76524,1787,NORMAL,-437.35
R_75,1791480896,1791480895.6134691,45506.7185,deriv_websocket_live,11e76524,1788,NORMAL,-386.53
R_75,1791480898,1791480897.6578841,45495.1179,deriv_websocket_live,11e76524,1789,NORMAL,-342.12
R_75,1791480900,1791480899.7067914,45505.6114,deriv_websocket_live,11e76524,1790,NORMAL,-293.21
R_75,1791480902,1791480901.570041,45503.4784,deriv_websocket_live,11e76524,1791,NORMAL,-429.96
R_75,1791480904,1791480903.5988586,45519.2083,deriv_websocket_live,11e76524,1792,NORMAL,-401.14
R_75,1791480906,1791480905.6462307,45527.0096,deriv_websocket_live,11e76524,1793,NORMAL,-353.77
R_75,1791480908,1791480907.5214975,45523.9554,deriv_websocket_live,11e76524,1794,NORMAL,-478.5
R_75,1791480910,1791480909.5154762,45519.2926,deriv_websocket_live,11e76524,1795,NORMAL,-484.52
R_75,1791480912,1791480911.5853064,45513.6572,deriv_websocket_live,11e76524,1796,NORMAL,-414.69
R_75,1791480914,1791480913.530206,45510.4685,deriv_websocket_live,11e76524,1797,NORMAL,-469.79
R_75,1791484084,1791484083.649168,45810.8238,deriv_websocket_live,21414146-e829-4dd3-8b31-4d36906b954f,1,NORMAL,-350.83
R_75,1791484086,1791484085.6973214,45826.2391,deriv_websocket_live,21414146-e829-4dd3-8b31-4d36906b954f,2,NORMAL,-302.68
R_75,1791484088,1791484087.6626961,45826.7301,deriv_websocket_live,21414146-e829-4dd3-8b31-4d36906b954f,3,NORMAL,-337.3
R_75,1791484090,1791484089.5876875,45826.3281,deriv_websocket_live,21414146-e829-4dd3-8b31-4d36906b954f,4,NORMAL,-412.31
R_75,1791484092,1791484091.5342062,45833.1984,deriv_websocket_live,21414146-e829-4dd3-8b31-4d36906b954f,5,NORMAL,-465.79
R_75,1791484094,1791484093.5007155,45823.6138,deriv_websocket_live,21414146-e829-4dd3-8b31-4d36906b954f,6,NORMAL,-499.28
R_75,1791484096,1791484095.536986,45816.7162,deriv_websocket_live,21414146-e829-4dd3-8b31-4d36906b954f,7,NORMAL,-463.01
R_75,1791484098,1791484097.67016,45813.4453,deriv_websocket_live,21414146-e829-4dd3-8b31-4d36906b954f,8,NORMAL,-329.84
R_75,1791484100,1791484099.7261412,45812.8245,deriv_websocket_live,21414146-e829-4dd3-8b31-4d36906b954f,9,NORMAL,-273.86
R_75,1791487834,1791487833.7070608,46167.0865,deriv_websocket_live,ea9e9e21-b660-43a3-8135-b4f4017fe123,1,NORMAL,-292.94
R_75,1791487836,1791487835.7361805,46174.6396,deriv_websocket_live,ea9e9e21-b660-43a3-8135-b4f4017fe123,2,NORMAL,-263.82
R_75,1791487838,1791487837.7670429,46167.7477,deriv_websocket_live,ea9e9e21-b660-43a3-8135-b4f4017fe123,3,NORMAL,-232.96
R_75,1791487840,1791487839.6944788,46185.4367,deriv_websocket_live,ea9e9e21-b660-43a3-8135-b4f4017fe123,4,NORMAL,-305.52
R_75,1791487842,1791487841.7394066,46191.7345,deriv_websocket_live,ea9e9e21-b660-43a3-8135-b4f4017fe123,5,NORMAL,-260.59
R_75,1791487844,1791487843.7097635,46182.5152,deriv_websocket_live,ea9e9e21-b660-43a3-8135-b4f4017fe123,6,NORMAL,-290.24
R_75,1791487846,1791487845.7325041,46197.0343,deriv_websocket_live,ea9e9e21-b660-43a3-8135-b4f4017fe123,7,NORMAL,-267.5
R_75,1791487848,1791487847.6774101,46196.7802,deriv_websocket_live,ea9e9e21-b660-43a3-8135-b4f4017fe123,8,NORMAL,-322.59
R_75,1791487850,1791487849.7414014,46198.4441,deriv_websocket_live,ea9e9e21-b660-43a3-8135-b4f4017fe123,9,NORMAL,-258.6
R_75,1791487852,1791487851.6899996,46195.8061,deriv_websocket_live,ea9e9e21-b660-43a3-8135-b4f4017fe123,10,NORMAL,-310.0
R_75,1791487854,1791487853.7496593,46200.5837,deriv_websocket_live,ea9e9e21-b660-43a3-8135-b4f4017fe123,11,NORMAL,-250.34
R_75,1791487856,1791487855.7123137,46200.6356,deriv_websocket_live,ea9e9e21-b660-43a3-8135-b4f4017fe123,12,NORMAL,-287.69
R_75,1791487858,1791487857.6943917,46198.3636,deriv_websocket_live,ea9e9e21-b660-43a3-8135-b4f4017fe123,13,NORMAL,-305.61
R_75,1791487860,1791487859.7316315,46191.1427,deriv_websocket_live,ea9e9e21-b660-43a3-8135-b4f4017fe123,14,NORMAL,-268.37
R_75,1791487862,1791487861.717353,46186.0001,deriv_websocket_live,ea9e9e21-b660-43a3-8135-b4f4017fe123,15,NORMAL,-282.65
R_75,1791487864,1791487863.721676,46179.5593,deriv_websocket_live,ea9e9e21-b660-43a3-8135-b4f4017fe123,16,NORMAL,-278.32
R_75,1791487866,1791487865.6988983,46195.5236,deriv_websocket_live,ea9e9e21-b660-43a3-8135-b4f4017fe123,17,NORMAL,-301.1
R_75,1791487868,1791487867.8871562,46184.8131,deriv_websocket_live,ea9e9e21-b660-43a3-8135-b4f4017fe123,18,NORMAL,-112.84
R_75,1791487870,1791487869.7551246,46176.6576,deriv_websocket_live,ea9e9e21-b660-43a3-8135-b4f4017fe123,19,NORMAL,-244.88
R_75,1791487872,1791487871.7219155,46176.5417,deriv_websocket_live,ea9e9e21-b660-43a3-8135-b4f4017fe123,20,NORMAL,-278.08
